domain,source_dataset,week_start,year,iso_week,store_id,store_region,sku_id,category_id,category,source_category,lag1w,lag2w,lag4w,rm4w,rm8w,rstd8w,growth,avail_rm4w,censored_rate_4w,price,logprice,avg_discount,max_discount,availability,days_observed,censored_days,holiday_days,promo_days,traffic,logtraffic,temp_c,precip,cat_demand_cv,cat_elasticity,cat_season_index,sku_volatility,sku_promo_lift,typical_garment_group,typical_product_type,units_sold,position_id,sku_name,store_name,cogs,supplier,supplier_reliability,trend_score,base_velocity,on_hand,in_transit,received,sold,markdown,hm_article_count,predicted_units
styleverse,styleverse,2026-08-10,2026,32,ST01,Premium,SV1001,OUT,Outerwear,Outerwear,,,,,,,,,,2680,7.8939,0,0,1,7,0,0,0,,,,,0.42,-1.6,1.35,0.42,,Outdoor,Jacket,,1,Ridge Parka,Mumbai · Lower Parel,1173,Tirupur Knits,0.94,0.5843617511401088,1.378171070618555,13,0,25,12,0,5810,11196.963
styleverse,styleverse,2026-08-10,2026,32,ST01,Premium,SV1002,DEN,Denim,Denim,,,,,,,,,,4610,8.4362,0,0,1,7,0,0,0,,,,,0.3,-1.9,1.05,0.3,,Trousers Denim,Trousers,,2,Halcyon Straight Jean,Mumbai · Lower Parel,1972,Ludhiana Woollens,0.81,0.0831227490959891,1.841171421192121,8,0,39,31,0,3100,15081.678
styleverse,styleverse,2026-08-10,2026,32,ST01,Premium,SV1003,KNT,Knitwear,Knitwear,,,,,,,,,,4400,8.3896,0,0,1,7,0,0,0,,,,,0.38,-1.7,1.28,0.38,,Knitwear,Sweater,,3,Marlow Crew Sweater,Mumbai · Lower Parel,1564,Noida Apparel Park,0.88,0.1810419825517486,0.3812452738871798,9,0,16,7,0,7462,11410.411
styleverse,styleverse,2026-08-10,2026,32,ST01,Premium,SV1004,DRS,Dresses,Dresses,,,,,,,,,,6960,8.8481,0,0,1,7,0,0,0,,,,,0.46,-2.4,0.88,0.46,,Dresses Ladies,Dress,,4,Vesper Midi Dress,Mumbai · Lower Parel,2727,Bengaluru Cut & Sew,0.91,0.07573628524851254,0.6613548761466518,2,0,11,9,0,13648,11257.66
styleverse,styleverse,2026-08-10,2026,32,ST01,Premium,SV1005,FTW,Footwear,Footwear,,,,,,,,,,5170,8.5508,0,0,1,7,0,0,0,,,,,0.28,-1.5,1.02,0.28,,Shoes,Sneakers,,5,Cadence Sneaker,Mumbai · Lower Parel,2124,Surat Textile Mills,0.73,0.2141044805676707,1.488332889066078,17,0,39,22,0,5336,15464.555
styleverse,styleverse,2026-08-10,2026,32,ST01,Premium,SV1006,ACC,Accessories,Accessories,,,,,,,,,,2580,7.8559,0,0,1,7,0,0,0,,,,,0.5,-2.6,0.95,0.5,,Accessories,Socks,,6,Orbit Wool Scarf,Mumbai · Lower Parel,898,Tirupur Knits,0.94,0.0005917971634623065,0.8234393561375327,10,0,13,3,0,13284,12053.953
styleverse,styleverse,2026-08-10,2026,32,ST01,Premium,SV1007,ACT,Activewear,Activewear,,,,,,,,,,6710,8.8115,0,0,1,7,0,0,0,,,,,0.35,-2.1,0.9,0.35,,Swimwear,Swimwear bottom,,7,Linden Legging,Mumbai · Lower Parel,2439,Ludhiana Woollens,0.81,0.6777078019342075,0.9387907859287224,7,0,19,12,0,6443,13265.386
styleverse,styleverse,2026-08-10,2026,32,ST01,Premium,SV1008,BAS,Basics,Basics,,,,,,,,,,7640,8.9413,0,0,1,7,0,0,0,,,,,0.2,-1.2,0.82,0.2,,Jersey Fancy,Trousers,,8,Sable Oxford Shirt,Mumbai · Lower Parel,3332,Noida Apparel Park,0.88,0.7771817858091377,1.853309070249088,12,0,40,28,0,50459,14752.2
styleverse,styleverse,2026-08-10,2026,32,ST01,Premium,SV1009,OUT,Outerwear,Outerwear,,,,,,,,,,3880,8.2638,0,0,1,7,0,0,0,,,,,0.42,-1.6,1.35,0.42,,Outdoor,Jacket,,9,Frost Trench,Mumbai · Lower Parel,1398,Bengaluru Cut & Sew,0.91,0.3563938032865699,1.289053673413582,21,0,40,19,0,5810,11186.631
styleverse,styleverse,2026-08-10,2026,32,ST01,Premium,SV1010,DEN,Denim,Denim,,,,,,,,,,910,6.8145,0,0,1,7,0,0,0,,,,,0.3,-1.9,1.05,0.3,,Trousers Denim,Trousers,,10,Kite Denim Jacket,Mumbai · Lower Parel,467,Surat Textile Mills,0.73,0.5993439873992962,2.595437742676586,7,0,35,28,0,3100,15158.13
styleverse,styleverse,2026-08-10,2026,32,ST01,Premium,SV1011,KNT,Knitwear,Knitwear,,,,,,,,,,2590,7.8598,0,0,1,7,0,0,0,,,,,0.38,-1.7,1.28,0.38,,Knitwear,Sweater,,11,Juniper Cardigan,Mumbai · Lower Parel,1081,Tirupur Knits,0.94,0.911053318813002,1.221256928832736,27,0,47,20,0,7462,11420.743
styleverse,styleverse,2026-08-10,2026,32,ST01,Premium,SV1012,DRS,Dresses,Dresses,,,,,,,,,,5650,8.6396,0,0,1,7,0,0,0,,,,,0.46,-2.4,0.88,0.46,,Dresses Ladies,Dress,,12,Atlas Wrap Dress,Mumbai · Lower Parel,2733,Ludhiana Woollens,0.81,0.0428499994319462,0.855760169646237,3,3,10,7,0,13648,11257.66
styleverse,styleverse,2026-08-10,2026,32,ST01,Premium,SV1013,FTW,Footwear,Footwear,,,,,,,,,,3410,8.1348,0,0,1,7,0,0,0,,,,,0.28,-1.5,1.02,0.28,,Shoes,Sneakers,,13,Wren Loafer,Mumbai · Lower Parel,1396,Noida Apparel Park,0.88,0.0002117384920995118,2.506510979286395,20,13,49,29,0,5336,15464.555
styleverse,styleverse,2026-08-10,2026,32,ST01,Premium,SV1014,ACC,Accessories,Accessories,,,,,,,,,,1230,7.1156,0,0,1,7,0,0,0,,,,,0.5,-2.6,0.95,0.5,,Accessories,Socks,,14,Solstice Leather Belt,Mumbai · Lower Parel,545,Bengaluru Cut & Sew,0.91,0.6239036785591954,2.244067377375905,53,0,64,11,0,13284,12074.277
styleverse,styleverse,2026-08-10,2026,32,ST01,Premium,SV1015,ACT,Activewear,Activewear,,,,,,,,,,1280,7.1554,0,0,1,7,0,0,0,,,,,0.35,-2.1,0.9,0.35,,Swimwear,Swimwear bottom,,15,Ember Training Tee,Mumbai · Lower Parel,568,Surat Textile Mills,0.73,0.06491628351413166,2.102367372624576,41,0,59,18,0,6443,13273.388
styleverse,styleverse,2026-08-10,2026,32,ST01,Premium,SV1017,OUT,Outerwear,Outerwear,,,,,,,,,,2220,7.7057,0,0,1,7,0,0,0,,,,,0.42,-1.6,1.35,0.42,,Outdoor,Jacket,,16,Nomad Puffer,Mumbai · Lower Parel,849,Ludhiana Woollens,0.81,0.6679093631096121,1.47514378526248,18,0,29,11,0,5810,11196.963
styleverse,styleverse,2026-08-10,2026,32,ST01,Premium,SV1018,DEN,Denim,Denim,,,,,,,,,,1450,7.28,0,0,1,7,0,0,0,,,,,0.3,-1.9,1.05,0.3,,Trousers Denim,Trousers,,17,Quill Slim Jean,Mumbai · Lower Parel,586,Noida Apparel Park,0.88,0.5075091499437202,0.5062996791326441,3,1,7,4,0,3100,15105.823
styleverse,styleverse,2026-08-10,2026,32,ST01,Premium,SV1019,KNT,Knitwear,Knitwear,,,,,,,,,,7240,8.8875,0,0,1,7,0,0,0,,,,,0.38,-1.7,1.28,0.38,,Knitwear,Sweater,,18,Terra Roll Neck,Mumbai · Lower Parel,3204,Bengaluru Cut & Sew,0.91,0.1478988347691275,1.714949633716606,15,0,38,23,0,7462,11410.411
styleverse,styleverse,2026-08-10,2026,32,ST01,Premium,SV1020,DRS,Dresses,Dresses,,,,,,,,,,7230,8.8861,0,0,1,7,0,0,0,,,,,0.46,-2.4,0.88,0.46,,Dresses Ladies,Dress,,19,Vane Slip Dress,Mumbai · Lower Parel,2926,Surat Textile Mills,0.73,0.05661177127313656,1.094529892806895,15,0,23,8,0,13648,11257.66
styleverse,styleverse,2026-08-10,2026,32,ST01,Premium,SV1021,FTW,Footwear,Footwear,,,,,,,,,,5000,8.5174,0,0,1,7,0,0,0,,,,,0.28,-1.5,1.02,0.28,,Shoes,Sneakers,,20,Ridge Chelsea Boot,Mumbai · Lower Parel,1795,Tirupur Knits,0.94,0.4290058160073141,1.581815651641227,27,0,61,34,0,5336,15464.555
styleverse,styleverse,2026-08-10,2026,32,ST01,Premium,SV1022,ACC,Accessories,Accessories,,,,,,,,,,3380,8.1259,0,0,1,7,0,0,0,,,,,0.5,-2.6,0.95,0.5,,Accessories,Socks,,21,Halcyon Tote,Mumbai · Lower Parel,1740,Ludhiana Woollens,0.81,0.103096471620797,1.787876601761673,8,0,41,33,0,13284,12043.621
styleverse,styleverse,2026-08-10,2026,32,ST01,Premium,SV1023,ACT,Activewear,Activewear,,,,,,,,,,1960,7.5812,0,0,1,7,0,0,0,,,,,0.35,-2.1,0.9,0.35,,Swimwear,Swimwear bottom,,22,Marlow Track Pant,Mumbai · Lower Parel,940,Noida Apparel Park,0.88,0.8819855173897383,0.6473778456798754,14,0,19,5,0,6443,13302.761
styleverse,styleverse,2026-08-10,2026,32,ST01,Premium,SV1024,BAS,Basics,Basics,,,,,,,,,,7820,8.9646,0,0,1,7,0,0,0,,,,,0.2,-1.2,0.82,0.2,,Jersey Fancy,Trousers,,23,Vesper Chino,Mumbai · Lower Parel,3954,Bengaluru Cut & Sew,0.91,0.1886594676608668,0.3750831758021377,3,1,7,4,0,50459,14752.2
styleverse,styleverse,2026-08-10,2026,32,ST01,Premium,SV1025,OUT,Outerwear,Outerwear,,,,,,,,,,7150,8.875,0,0,1,7,0,0,0,,,,,0.42,-1.6,1.35,0.42,,Outdoor,Jacket,,24,Cadence Parka,Mumbai · Lower Parel,3127,Surat Textile Mills,0.73,0.2574549159683532,0.9658180053462274,15,4,18,3,0,5810,11186.631
styleverse,styleverse,2026-08-10,2026,32,ST01,Premium,SV1026,DEN,Denim,Denim,,,,,,,,,,5640,8.6378,0,0,1,7,0,0,0,,,,,0.3,-1.9,1.05,0.3,,Trousers Denim,Trousers,,25,Orbit Straight Jean,Mumbai · Lower Parel,2601,Tirupur Knits,0.94,0.4172072544692536,0.3790792114683427,4,0,5,1,0,3100,15081.678
styleverse,styleverse,2026-08-10,2026,32,ST01,Premium,SV1027,KNT,Knitwear,Knitwear,,,,,,,,,,2790,7.9342,0,0,1,7,0,0,0,,,,,0.38,-1.7,1.28,0.38,,Knitwear,Sweater,,26,Linden Crew Sweater,Mumbai · Lower Parel,1201,Ludhiana Woollens,0.81,0.06038791488429402,1.232249751361087,5,0,19,14,0,7462,11420.743
styleverse,styleverse,2026-08-10,2026,32,ST01,Premium,SV1028,DRS,Dresses,Dresses,,,,,,,,,,5380,8.5906,0,0,0,7,7,0,0,,,,,0.46,-2.4,0.88,0.46,,Dresses Ladies,Dress,,27,Sable Midi Dress,Mumbai · Lower Parel,2211,Noida Apparel Park,0.88,0.03173810594638732,0.9808481386513449,0,0,16,8,0,13648,11257.66
styleverse,styleverse,2026-08-10,2026,32,ST01,Premium,SV1029,FTW,Footwear,Footwear,,,,,,,,,,5920,8.6863,0,0,1,7,0,0,0,,,,,0.28,-1.5,1.02,0.28,,Shoes,Sneakers,,28,Frost Sneaker,Mumbai · Lower Parel,2105,Bengaluru Cut & Sew,0.91,0.3808204898068962,1.196133396262303,3,0,17,14,0,5336,15464.555
styleverse,styleverse,2026-08-10,2026,32,ST01,Premium,SV1030,ACC,Accessories,Accessories,,,,,,,,,,3310,8.105,0,0,1,7,0,0,0,,,,,0.5,-2.6,0.95,0.5,,Accessories,Socks,,29,Kite Wool Scarf,Mumbai · Lower Parel,1550,Surat Textile Mills,0.73,0.4458575688084878,1.521477649419103,16,0,31,15,0,13284,12043.621
styleverse,styleverse,2026-08-10,2026,32,ST01,Premium,SV1031,ACT,Activewear,Activewear,,,,,,,,,,6210,8.7341,0,0,1,7,0,0,0,,,,,0.35,-2.1,0.9,0.35,,Swimwear,Swimwear bottom,,30,Juniper Legging,Mumbai · Lower Parel,2362,Tirupur Knits,0.94,0.6996765068041628,0.4206265164772048,1,2,6,5,0,6443,13265.386
styleverse,styleverse,2026-08-10,2026,32,ST01,Premium,SV1032,BAS,Basics,Basics,,,,,,,,,,3390,8.1289,0,0,1,7,0,0,0,,,,,0.2,-1.2,0.82,0.2,,Jersey Fancy,Trousers,,31,Atlas Oxford Shirt,Mumbai · Lower Parel,1756,Ludhiana Woollens,0.81,0.03165193639782208,2.296161732252222,21,0,39,18,0,50459,14752.2
styleverse,styleverse,2026-08-10,2026,32,ST01,Premium,SV1033,OUT,Outerwear,Outerwear,,,,,,,,,,6710,8.8115,0,0,1,7,0,0,0,,,,,0.42,-1.6,1.35,0.42,,Outdoor,Jacket,,32,Wren Trench,Mumbai · Lower Parel,2747,Noida Apparel Park,0.88,0.8380902445171179,2.129366399510764,55,0,70,15,0,5810,11186.631
styleverse,styleverse,2026-08-10,2026,32,ST01,Premium,SV1034,DEN,Denim,Denim,,,,,,,,,,1510,7.3205,0,0,1,7,0,0,0,,,,,0.3,-1.9,1.05,0.3,,Trousers Denim,Trousers,,33,Solstice Denim Jacket,Mumbai · Lower Parel,567,Bengaluru Cut & Sew,0.91,0.1214740741986566,1.105977274850011,2,0,15,13,0,3100,15105.823
styleverse,styleverse,2026-08-10,2026,32,ST01,Premium,SV1035,KNT,Knitwear,Knitwear,,,,,,,,,,2380,7.7753,0,0,1,7,0,0,0,,,,,0.38,-1.7,1.28,0.38,,Knitwear,Sweater,,34,Ember Cardigan,Mumbai · Lower Parel,1068,Surat Textile Mills,0.73,0.2648020564726302,1.840806051413529,14,0,48,34,0,7462,11420.743
styleverse,styleverse,2026-08-10,2026,32,ST01,Premium,SV1036,DRS,Dresses,Dresses,,,,,,,,,,7260,8.8903,0,0,1,7,0,0,0,,,,,0.46,-2.4,0.88,0.46,,Dresses Ladies,Dress,,35,Bramble Wrap Dress,Mumbai · Lower Parel,2544,Tirupur Knits,0.94,0.1809163522028074,1.586408562108409,19,0,26,7,0,13648,11257.66
styleverse,styleverse,2026-08-10,2026,32,ST01,Premium,SV1037,FTW,Footwear,Footwear,,,,,,,,,,2830,7.9484,0,0,1,7,0,0,0,,,,,0.28,-1.5,1.02,0.28,,Shoes,Sneakers,,36,Nomad Loafer,Mumbai · Lower Parel,1262,Ludhiana Woollens,0.81,0.2090252379471189,1.250297783140559,22,0,40,18,0,5336,15474.887
styleverse,styleverse,2026-08-10,2026,32,ST01,Premium,SV1038,ACC,Accessories,Accessories,,,,,,,,,,3060,8.0265,0,0,1,7,0,0,0,,,,,0.5,-2.6,0.95,0.5,,Accessories,Socks,,37,Quill Leather Belt,Mumbai · Lower Parel,1445,Noida Apparel Park,0.88,0.007393202186208772,0.5876451939344406,8,0,13,5,0,13284,12043.621
styleverse,styleverse,2026-08-10,2026,32,ST01,Premium,SV1039,ACT,Activewear,Activewear,,,,,,,,,,6670,8.8055,0,0,1,7,0,0,0,,,,,0.35,-2.1,0.9,0.35,,Swimwear,Swimwear bottom,,38,Terra Training Tee,Mumbai · Lower Parel,2708,Bengaluru Cut & Sew,0.91,0.4171836434467621,2.336523539118935,17,0,35,18,0,6443,13265.386
styleverse,styleverse,2026-08-10,2026,32,ST01,Premium,SV1040,BAS,Basics,Basics,,,,,,,,,,7450,8.9161,0,0,1,7,0,0,0,,,,,0.2,-1.2,0.82,0.2,,Jersey Fancy,Trousers,,39,Vane Pocket Tee,Mumbai · Lower Parel,2940,Surat Textile Mills,0.73,0.002820393425783629,2.008765591215342,11,0,34,23,0,50459,14752.2
styleverse,styleverse,2026-08-10,2026,32,ST01,Premium,SV1041,OUT,Outerwear,Outerwear,,,,,,,,,,7410,8.9107,0,0,1,7,0,0,0,,,,,0.42,-1.6,1.35,0.42,,Outdoor,Jacket,,40,Ridge Puffer,Mumbai · Lower Parel,3332,Tirupur Knits,0.94,0.0435627136059113,2.20197754111141,30,0,71,41,0,5810,11186.631
styleverse,styleverse,2026-08-10,2026,32,ST01,Premium,SV1042,DEN,Denim,Denim,,,,,,,,,,4380,8.385,0,0,1,7,0,0,0,,,,,0.3,-1.9,1.05,0.3,,Trousers Denim,Trousers,,41,Halcyon Slim Jean,Mumbai · Lower Parel,2131,Ludhiana Woollens,0.81,0.9887408026074843,2.043920635269024,23,0,47,24,0,3100,15081.678
styleverse,styleverse,2026-08-10,2026,32,ST01,Premium,SV1043,KNT,Knitwear,Knitwear,,,,,,,,,,6960,8.8481,0,0,1,7,0,0,0,,,,,0.38,-1.7,1.28,0.38,,Knitwear,Sweater,,42,Marlow Roll Neck,Mumbai · Lower Parel,2383,Noida Apparel Park,0.88,0.9085906236820459,2.192920150840655,36,0,84,48,0,7462,11410.411
styleverse,styleverse,2026-08-10,2026,32,ST01,Premium,SV1044,DRS,Dresses,Dresses,,,,,,,,,,7890,8.9735,0,0,1,7,0,0,0,,,,,0.46,-2.4,0.88,0.46,,Dresses Ladies,Dress,,43,Vesper Slip Dress,Mumbai · Lower Parel,3806,Bengaluru Cut & Sew,0.91,0.01245378846378043,2.393102823023219,6,0,51,45,0,13648,11257.66
styleverse,styleverse,2026-08-10,2026,32,ST01,Premium,SV1045,FTW,Footwear,Footwear,,,,,,,,,,7790,8.9607,0,0,1,7,0,0,0,,,,,0.28,-1.5,1.02,0.28,,Shoes,Sneakers,,44,Cadence Chelsea Boot,Mumbai · Lower Parel,3586,Surat Textile Mills,0.73,0.1529144424096149,0.5836417549522593,5,0,11,6,0,5336,15464.555
styleverse,styleverse,2026-08-10,2026,32,ST01,Premium,SV1046,ACC,Accessories,Accessories,,,,,,,,,,1210,7.0992,0,0,1,7,0,0,0,,,,,0.5,-2.6,0.95,0.5,,Accessories,Socks,,45,Orbit Tote,Mumbai · Lower Parel,569,Tirupur Knits,0.94,0.2170451900779814,0.7925029642879963,12,0,18,6,0,13284,12074.277
styleverse,styleverse,2026-08-10,2026,32,ST01,Premium,SV1047,ACT,Activewear,Activewear,,,,,,,,,,6480,8.7766,0,0,1,7,0,0,0,,,,,0.35,-2.1,0.9,0.35,,Swimwear,Swimwear bottom,,46,Linden Track Pant,Mumbai · Lower Parel,2316,Ludhiana Woollens,0.81,0.2482315711179312,1.79877608603565,15,0,39,24,0,6443,13265.386
styleverse,styleverse,2026-08-10,2026,32,ST01,Premium,SV1048,BAS,Basics,Basics,,,,,,,,,,5000,8.5174,0,0,1,7,0,0,0,,,,,0.2,-1.2,0.82,0.2,,Jersey Fancy,Trousers,,47,Sable Chino,Mumbai · Lower Parel,2269,Noida Apparel Park,0.88,0.1181166746469051,1.298419906955678,11,0,15,4,0,50459,14752.2
styleverse,styleverse,2026-08-10,2026,32,ST01,Premium,SV1049,OUT,Outerwear,Outerwear,,,,,,,,,,1000,6.9088,0,0,1,7,0,0,0,,,,,0.42,-1.6,1.35,0.42,,Outdoor,Jacket,,48,Frost Parka,Mumbai · Lower Parel,396,Bengaluru Cut & Sew,0.91,0.9174829560221631,0.6186554293031804,1,4,10,9,0,5810,11269.472
styleverse,styleverse,2026-08-10,2026,32,ST01,Premium,SV1050,DEN,Denim,Denim,,,,,,,,,,1560,7.3531,0,0,1,7,0,0,0,,,,,0.3,-1.9,1.05,0.3,,Trousers Denim,Trousers,,49,Kite Straight Jean,Mumbai · Lower Parel,742,Surat Textile Mills,0.73,0.000109195788150042,0.667293306812644,6,0,10,4,0,3100,15105.823
styleverse,styleverse,2026-08-10,2026,32,ST01,Premium,SV1051,KNT,Knitwear,Knitwear,,,,,,,,,,1760,7.4736,0,0,1,7,0,0,0,,,,,0.38,-1.7,1.28,0.38,,Knitwear,Sweater,,50,Juniper Crew Sweater,Mumbai · Lower Parel,663,Tirupur Knits,0.94,0.002342009633203911,1.302148446231149,15,0,64,49,0,7462,11464.69
styleverse,styleverse,2026-08-10,2026,32,ST01,Premium,SV1052,DRS,Dresses,Dresses,,,,,,,,,,4870,8.4911,0,0,1,7,0,0,0,,,,,0.46,-2.4,0.88,0.46,,Dresses Ladies,Dress,,51,Atlas Midi Dress,Mumbai · Lower Parel,2464,Ludhiana Woollens,0.81,0.8662274796403324,1.207550696178805,6,0,30,24,0,13648,11257.66
styleverse,styleverse,2026-08-10,2026,32,ST01,Premium,SV1053,FTW,Footwear,Footwear,,,,,,,,,,6950,8.8466,0,0,1,7,0,0,0,,,,,0.28,-1.5,1.02,0.28,,Shoes,Sneakers,,52,Wren Sneaker,Mumbai · Lower Parel,2668,Noida Apparel Park,0.88,0.3067643340138342,1.303361503547058,41,11,55,14,0,5336,15464.555
styleverse,styleverse,2026-08-10,2026,32,ST01,Premium,SV1054,ACC,Accessories,Accessories,,,,,,,,,,2920,7.9797,0,0,1,7,0,0,0,,,,,0.5,-2.6,0.95,0.5,,Accessories,Socks,,53,Solstice Wool Scarf,Mumbai · Lower Parel,1070,Bengaluru Cut & Sew,0.91,0.1289997908725003,1.210966180276591,15,0,23,8,0,13284,12043.621
styleverse,styleverse,2026-08-10,2026,32,ST01,Premium,SV1055,ACT,Activewear,Activewear,,,,,,,,,,6980,8.8509,0,0,1,7,0,0,0,,,,,0.35,-2.1,0.9,0.35,,Swimwear,Swimwear bottom,,54,Ember Legging,Mumbai · Lower Parel,2917,Surat Textile Mills,0.73,0.05456749443744185,2.364772333437577,41,25,73,32,0,6443,13265.386
styleverse,styleverse,2026-08-10,2026,32,ST01,Premium,SV1056,BAS,Basics,Basics,,,,,,,,,,6240,8.7389,0,0,1,7,0,0,0,,,,,0.2,-1.2,0.82,0.2,,Jersey Fancy,Trousers,,55,Bramble Oxford Shirt,Mumbai · Lower Parel,3137,Tirupur Knits,0.94,0.1103435317428238,1.5337444306002,19,0,48,29,0,50459,14752.2
styleverse,styleverse,2026-08-10,2026,32,ST01,Premium,SV1057,OUT,Outerwear,Outerwear,,,,,,,,,,3010,8.01,0,0,1,7,0,0,0,,,,,0.42,-1.6,1.35,0.42,,Outdoor,Jacket,,56,Nomad Trench,Mumbai · Lower Parel,1094,Ludhiana Woollens,0.81,0.6791874150681991,1.548779819358606,40,0,53,13,0,5810,11186.631
styleverse,styleverse,2026-08-10,2026,32,ST01,Premium,SV1058,DEN,Denim,Denim,,,,,,,,,,890,6.7923,0,0,1,7,0,0,0,,,,,0.3,-1.9,1.05,0.3,,Trousers Denim,Trousers,,57,Quill Denim Jacket,Mumbai · Lower Parel,396,Noida Apparel Park,0.88,0.0004442486086063171,2.191100384132005,5,0,31,26,0,3100,15158.13
styleverse,styleverse,2026-08-10,2026,32,ST01,Premium,SV1059,KNT,Knitwear,Knitwear,,,,,,,,,,7730,8.953,0,0,1,7,0,0,0,,,,,0.38,-1.7,1.28,0.38,,Knitwear,Sweater,,58,Terra Cardigan,Mumbai · Lower Parel,3994,Bengaluru Cut & Sew,0.91,0.258946915839418,1.879952940181829,12,0,43,31,0,7462,11410.411
styleverse,styleverse,2026-08-10,2026,32,ST01,Premium,SV1060,DRS,Dresses,Dresses,,,,,,,,,,7740,8.9543,0,0,1,7,0,0,0,,,,,0.46,-2.4,0.88,0.46,,Dresses Ladies,Dress,,59,Vane Wrap Dress,Mumbai · Lower Parel,2751,Surat Textile Mills,0.73,0.2466741816975533,2.255318588833325,18,0,26,8,0,13648,11257.66
styleverse,styleverse,2026-08-10,2026,32,ST01,Premium,SV1061,FTW,Footwear,Footwear,,,,,,,,,,720,6.5806,0,0,1,7,0,0,0,,,,,0.28,-1.5,1.02,0.28,,Shoes,Sneakers,,60,Ridge Loafer,Mumbai · Lower Parel,353,Tirupur Knits,0.94,0.0568518042423005,0.4814065671758726,4,0,7,3,0,5336,15555.793
styleverse,styleverse,2026-08-10,2026,32,ST01,Premium,SV1062,ACC,Accessories,Accessories,,,,,,,,,,7580,8.9334,0,0,1,7,0,0,0,,,,,0.5,-2.6,0.95,0.5,,Accessories,Socks,,61,Halcyon Leather Belt,Mumbai · Lower Parel,3157,Ludhiana Woollens,0.81,0.5674489934166798,0.6221197694190778,8,0,14,6,0,13284,12043.621
styleverse,styleverse,2026-08-10,2026,32,ST01,Premium,SV1063,ACT,Activewear,Activewear,,,,,,,,,,7130,8.8722,0,0,1,7,0,0,0,,,,,0.35,-2.1,0.9,0.35,,Swimwear,Swimwear bottom,,62,Marlow Training Tee,Mumbai · Lower Parel,3694,Noida Apparel Park,0.88,0.2998890134922212,0.8408930444507859,9,0,19,10,0,6443,13265.386
styleverse,styleverse,2026-08-10,2026,32,ST01,Premium,SV1064,BAS,Basics,Basics,,,,,,,,,,6170,8.7276,0,0,1,7,0,0,0,,,,,0.2,-1.2,0.82,0.2,,Jersey Fancy,Trousers,,63,Vesper Pocket Tee,Mumbai · Lower Parel,2913,Bengaluru Cut & Sew,0.91,0.3304141741215317,1.860736350610387,11,5,18,7,0,50459,14752.2
styleverse,styleverse,2026-08-10,2026,32,ST01,Premium,SV1065,OUT,Outerwear,Outerwear,,,,,,,,,,4260,8.3573,0,0,1,7,0,0,0,,,,,0.42,-1.6,1.35,0.42,,Outdoor,Jacket,,64,Cadence Puffer,Mumbai · Lower Parel,1913,Surat Textile Mills,0.73,0.3824288552200608,2.414744753472041,82,21,97,15,0,5810,11186.631
styleverse,styleverse,2026-08-10,2026,32,ST01,Premium,SV1066,DEN,Denim,Denim,,,,,,,,,,3770,8.2351,0,0,1,7,0,0,0,,,,,0.3,-1.9,1.05,0.3,,Trousers Denim,Trousers,,65,Orbit Slim Jean,Mumbai · Lower Parel,1664,Tirupur Knits,0.94,0.004983896916865459,0.4804003967088647,1,0,12,11,0,3100,15081.678
styleverse,styleverse,2026-08-10,2026,32,ST01,Premium,SV1067,KNT,Knitwear,Knitwear,,,,,,,,,,1110,7.013,0,0,1,7,0,0,0,,,,,0.38,-1.7,1.28,0.38,,Knitwear,Sweater,,66,Linden Roll Neck,Mumbai · Lower Parel,570,Ludhiana Woollens,0.81,0.01557002559334403,2.406669184239581,10,0,98,88,0,7462,11505.053
styleverse,styleverse,2026-08-10,2026,32,ST01,Premium,SV1068,DRS,Dresses,Dresses,,,,,,,,,,7540,8.9281,0,0,1,7,0,0,0,,,,,0.46,-2.4,0.88,0.46,,Dresses Ladies,Dress,,67,Sable Slip Dress,Mumbai · Lower Parel,3626,Noida Apparel Park,0.88,0.909407156974846,1.008846410980914,4,0,29,25,0,13648,11257.66
styleverse,styleverse,2026-08-10,2026,32,ST01,Premium,SV1069,FTW,Footwear,Footwear,,,,,,,,,,4980,8.5134,0,0,1,7,0,0,0,,,,,0.28,-1.5,1.02,0.28,,Shoes,Sneakers,,68,Frost Chelsea Boot,Mumbai · Lower Parel,1958,Bengaluru Cut & Sew,0.91,0.4408803308759775,0.8281039439258165,4,0,18,14,0,5336,15464.555
styleverse,styleverse,2026-08-10,2026,32,ST01,Premium,SV1070,ACC,Accessories,Accessories,,,,,,,,,,6880,8.8365,0,0,1,7,0,0,0,,,,,0.5,-2.6,0.95,0.5,,Accessories,Socks,,69,Kite Tote,Mumbai · Lower Parel,3510,Surat Textile Mills,0.73,0.136824620106726,2.520019435696304,21,18,57,36,0,13284,12043.621
styleverse,styleverse,2026-08-10,2026,32,ST01,Premium,SV1071,ACT,Activewear,Activewear,,,,,,,,,,1270,7.1476,0,0,1,7,0,0,0,,,,,0.35,-2.1,0.9,0.35,,Swimwear,Swimwear bottom,,70,Juniper Track Pant,Mumbai · Lower Parel,606,Tirupur Knits,0.94,0.01601753949250654,1.522598491131794,22,7,28,6,0,6443,13273.388
styleverse,styleverse,2026-08-10,2026,32,ST01,Premium,SV1073,OUT,Outerwear,Outerwear,,,,,,,,,,2080,7.6406,0,0,1,7,0,0,0,,,,,0.42,-1.6,1.35,0.42,,Outdoor,Jacket,,71,Wren Parka,Mumbai · Lower Parel,747,Noida Apparel Park,0.88,0.2767021793360135,2.323728581215255,48,0,87,39,0,5810,11224.008
styleverse,styleverse,2026-08-10,2026,32,ST01,Premium,SV1074,DEN,Denim,Denim,,,,,,,,,,7750,8.9556,0,0,1,7,0,0,0,,,,,0.3,-1.9,1.05,0.3,,Trousers Denim,Trousers,,72,Solstice Straight Jean,Mumbai · Lower Parel,3393,Bengaluru Cut & Sew,0.91,0.08878007604754459,1.483006234129425,18,0,26,8,0,3100,15081.678
styleverse,styleverse,2026-08-10,2026,32,ST01,Premium,SV1075,KNT,Knitwear,Knitwear,,,,,,,,,,3560,8.1778,0,0,1,7,0,0,0,,,,,0.38,-1.7,1.28,0.38,,Knitwear,Sweater,,73,Ember Crew Sweater,Mumbai · Lower Parel,1718,Surat Textile Mills,0.73,0.1386092397122004,1.974883440788835,15,0,53,38,0,7462,11410.411
styleverse,styleverse,2026-08-10,2026,32,ST01,Premium,SV1076,DRS,Dresses,Dresses,,,,,,,,,,3570,8.1806,0,0,1,7,0,0,0,,,,,0.46,-2.4,0.88,0.46,,Dresses Ladies,Dress,,74,Bramble Midi Dress,Mumbai · Lower Parel,1457,Tirupur Knits,0.94,0.2422264629855932,0.7405152785591781,7,6,24,17,0,13648,11257.66
styleverse,styleverse,2026-08-10,2026,32,ST01,Premium,SV1077,FTW,Footwear,Footwear,,,,,,,,,,5840,8.6727,0,0,1,7,0,0,0,,,,,0.28,-1.5,1.02,0.28,,Shoes,Sneakers,,75,Nomad Sneaker,Mumbai · Lower Parel,2864,Ludhiana Woollens,0.81,0.10330061976831,2.416477797343396,58,17,69,11,0,5336,15464.555
styleverse,styleverse,2026-08-10,2026,32,ST01,Premium,SV1078,ACC,Accessories,Accessories,,,,,,,,,,1190,7.0825,0,0,1,7,0,0,0,,,,,0.5,-2.6,0.95,0.5,,Accessories,Socks,,76,Quill Wool Scarf,Mumbai · Lower Parel,443,Noida Apparel Park,0.88,0.373888154387841,1.693079524289351,6,8,48,42,0,13284,12074.277
styleverse,styleverse,2026-08-10,2026,32,ST01,Premium,SV1079,ACT,Activewear,Activewear,,,,,,,,,,4570,8.4275,0,0,1,7,0,0,0,,,,,0.35,-2.1,0.9,0.35,,Swimwear,Swimwear bottom,,77,Terra Legging,Mumbai · Lower Parel,1767,Bengaluru Cut & Sew,0.91,0.08671028666845525,2.156171307805926,14,0,27,13,0,6443,13265.386
styleverse,styleverse,2026-08-10,2026,32,ST01,Premium,SV1081,OUT,Outerwear,Outerwear,,,,,,,,,,4990,8.5154,0,0,1,7,0,0,0,,,,,0.42,-1.6,1.35,0.42,,Outdoor,Jacket,,78,Ridge Trench,Mumbai · Lower Parel,2311,Tirupur Knits,0.94,0.9287739378302152,0.5369263643748127,2,0,18,16,0,5810,11186.631
styleverse,styleverse,2026-08-10,2026,32,ST01,Premium,SV1082,DEN,Denim,Denim,,,,,,,,,,730,6.5944,0,0,1,7,0,0,0,,,,,0.3,-1.9,1.05,0.3,,Trousers Denim,Trousers,,79,Halcyon Denim Jacket,Mumbai · Lower Parel,292,Ludhiana Woollens,0.81,0.5100741527779509,1.192133984260727,25,0,50,25,0,3100,15167.76
styleverse,styleverse,2026-08-10,2026,32,ST01,Premium,SV1083,KNT,Knitwear,Knitwear,,,,,,,,,,7550,8.9294,0,0,1,7,0,0,0,,,,,0.38,-1.7,1.28,0.38,,Knitwear,Sweater,,80,Marlow Cardigan,Mumbai · Lower Parel,3052,Noida Apparel Park,0.88,0.0007357902348707216,1.946573286224157,23,0,57,34,0,7462,11410.411
styleverse,styleverse,2026-08-10,2026,32,ST01,Premium,SV1084,DRS,Dresses,Dresses,,,,,,,,,,5790,8.6641,0,0,1,7,0,0,0,,,,,0.46,-2.4,0.88,0.46,,Dresses Ladies,Dress,,81,Vesper Wrap Dress,Mumbai · Lower Parel,2773,Bengaluru Cut & Sew,0.91,0.0005611510406343915,2.297405374085065,16,0,28,12,0,13648,11257.66
styleverse,styleverse,2026-08-10,2026,32,ST01,Premium,SV1085,FTW,Footwear,Footwear,,,,,,,,,,7480,8.9201,0,0,1,7,0,0,0,,,,,0.28,-1.5,1.02,0.28,,Shoes,Sneakers,,82,Cadence Loafer,Mumbai · Lower Parel,3572,Surat Textile Mills,0.73,0.03855127980870929,1.759503437811509,9,0,40,31,0,5336,15464.555
styleverse,styleverse,2026-08-10,2026,32,ST01,Premium,SV1086,ACC,Accessories,Accessories,,,,,,,,,,720,6.5806,0,0,1,7,0,0,0,,,,,0.5,-2.6,0.95,0.5,,Accessories,Socks,,83,Orbit Leather Belt,Mumbai · Lower Parel,329,Tirupur Knits,0.94,0.2184562591442348,1.241997508180793,7,0,26,19,0,13284,12125.441
styleverse,styleverse,2026-08-10,2026,32,ST01,Premium,SV1087,ACT,Activewear,Activewear,,,,,,,,,,6900,8.8394,0,0,1,7,0,0,0,,,,,0.35,-2.1,0.9,0.35,,Swimwear,Swimwear bottom,,84,Linden Training Tee,Mumbai · Lower Parel,3442,Ludhiana Woollens,0.81,0.7639314784653447,1.379480650788173,12,0,24,12,0,6443,13265.386
styleverse,styleverse,2026-08-10,2026,32,ST01,Premium,SV1089,OUT,Outerwear,Outerwear,,,,,,,,,,4010,8.2968,0,0,1,7,0,0,0,,,,,0.42,-1.6,1.35,0.42,,Outdoor,Jacket,,85,Frost Puffer,Mumbai · Lower Parel,1601,Bengaluru Cut & Sew,0.91,0.002312112545000055,1.895861339778639,79,0,98,19,0,5810,11186.631
styleverse,styleverse,2026-08-10,2026,32,ST01,Premium,SV1090,DEN,Denim,Denim,,,,,,,,,,4010,8.2968,0,0,1,7,0,0,0,,,,,0.3,-1.9,1.05,0.3,,Trousers Denim,Trousers,,86,Kite Slim Jean,Mumbai · Lower Parel,1379,Surat Textile Mills,0.73,0.4502396242815292,1.537483650515787,31,0,39,8,0,3100,15081.678
styleverse,styleverse,2026-08-10,2026,32,ST01,Premium,SV1091,KNT,Knitwear,Knitwear,,,,,,,,,,2590,7.8598,0,0,1,7,0,0,0,,,,,0.38,-1.7,1.28,0.38,,Knitwear,Sweater,,87,Juniper Roll Neck,Mumbai · Lower Parel,957,Tirupur Knits,0.94,0.643793669042698,1.545455432927702,11,0,39,28,0,7462,11420.743
styleverse,styleverse,2026-08-10,2026,32,ST01,Premium,SV1092,DRS,Dresses,Dresses,,,,,,,,,,2990,8.0034,0,0,1,7,0,0,0,,,,,0.46,-2.4,0.88,0.46,,Dresses Ladies,Dress,,88,Atlas Slip Dress,Mumbai · Lower Parel,1538,Ludhiana Woollens,0.81,0.4671161643327494,1.063668687676545,12,5,27,15,0,13648,11257.66
styleverse,styleverse,2026-08-10,2026,32,ST01,Premium,SV1093,FTW,Footwear,Footwear,,,,,,,,,,4960,8.5094,0,0,1,7,0,0,0,,,,,0.28,-1.5,1.02,0.28,,Shoes,Sneakers,,89,Wren Chelsea Boot,Mumbai · Lower Parel,1707,Noida Apparel Park,0.88,0.06849265459445182,1.409061137784738,15,0,28,13,0,5336,15464.555
styleverse,styleverse,2026-08-10,2026,32,ST01,Premium,SV1094,ACC,Accessories,Accessories,,,,,,,,,,2620,7.8713,0,0,1,7,0,0,0,,,,,0.5,-2.6,0.95,0.5,,Accessories,Socks,,90,Solstice Tote,Mumbai · Lower Parel,1227,Bengaluru Cut & Sew,0.91,0.6166618806114095,2.034362682455685,19,0,24,5,0,13284,12053.953
styleverse,styleverse,2026-08-10,2026,32,ST01,Premium,SV1095,ACT,Activewear,Activewear,,,,,,,,,,2350,7.7626,0,0,1,7,0,0,0,,,,,0.35,-2.1,0.9,0.35,,Swimwear,Swimwear bottom,,91,Ember Track Pant,Mumbai · Lower Parel,923,Surat Textile Mills,0.73,0.04821345073186504,1.449043303634971,18,0,26,8,0,6443,13275.718
styleverse,styleverse,2026-08-10,2026,32,ST01,Premium,SV1096,BAS,Basics,Basics,,,,,,,,,,860,6.7581,0,0,1,7,0,0,0,,,,,0.2,-1.2,0.82,0.2,,Jersey Fancy,Trousers,,92,Bramble Chino,Mumbai · Lower Parel,330,Tirupur Knits,0.94,0.3597012292967132,2.482433456892613,27,0,41,14,0,50459,14855.627
styleverse,styleverse,2026-08-10,2026,32,ST01,Premium,SV1097,OUT,Outerwear,Outerwear,,,,,,,,,,2430,7.7961,0,0,1,7,0,0,0,,,,,0.42,-1.6,1.35,0.42,,Outdoor,Jacket,,93,Nomad Parka,Mumbai · Lower Parel,1249,Ludhiana Woollens,0.81,0.01760374891013752,1.246017925231718,14,17,33,19,0,5810,11196.963
styleverse,styleverse,2026-08-10,2026,32,ST01,Premium,SV1098,DEN,Denim,Denim,,,,,,,,,,5260,8.5681,0,0,1,7,0,0,0,,,,,0.3,-1.9,1.05,0.3,,Trousers Denim,Trousers,,94,Quill Straight Jean,Mumbai · Lower Parel,2325,Noida Apparel Park,0.88,0.03626853458267992,1.974982425302733,24,10,29,5,0,3100,15081.678
styleverse,styleverse,2026-08-10,2026,32,ST01,Premium,SV1099,KNT,Knitwear,Knitwear,,,,,,,,,,1530,7.3337,0,0,1,7,0,0,0,,,,,0.38,-1.7,1.28,0.38,,Knitwear,Sweater,,95,Terra Crew Sweater,Mumbai · Lower Parel,538,Bengaluru Cut & Sew,0.91,0.001294333175926447,0.6112819288042374,11,0,17,6,0,7462,11451.583
styleverse,styleverse,2026-08-10,2026,32,ST01,Premium,SV1100,DRS,Dresses,Dresses,,,,,,,,,,5720,8.6519,0,0,1,7,0,0,0,,,,,0.46,-2.4,0.88,0.46,,Dresses Ladies,Dress,,96,Vane Midi Dress,Mumbai · Lower Parel,2384,Surat Textile Mills,0.73,0.4859671978736997,1.306965873832814,15,0,21,6,0,13648,11257.66
styleverse,styleverse,2026-08-10,2026,32,ST02,Premium,SV1001,OUT,Outerwear,Outerwear,,,,,,,,,,2680,7.8939,0,0,1,7,0,0,0,,,,,0.42,-1.6,1.35,0.42,,Outdoor,Jacket,,97,Ridge Parka,Delhi · Saket,1173,Tirupur Knits,0.94,0.5843617511401088,1.378171070618555,14,8,32,18,0,5810,11196.963
styleverse,styleverse,2026-08-10,2026,32,ST02,Premium,SV1002,DEN,Denim,Denim,,,,,,,,,,4610,8.4362,0,0,1,7,0,0,0,,,,,0.3,-1.9,1.05,0.3,,Trousers Denim,Trousers,,98,Halcyon Straight Jean,Delhi · Saket,1972,Ludhiana Woollens,0.81,0.0831227490959891,1.841171421192121,10,0,42,32,0,3100,15081.678
styleverse,styleverse,2026-08-10,2026,32,ST02,Premium,SV1003,KNT,Knitwear,Knitwear,,,,,,,,,,4400,8.3896,0,0,1,7,0,0,0,,,,,0.38,-1.7,1.28,0.38,,Knitwear,Sweater,,99,Marlow Crew Sweater,Delhi · Saket,1564,Noida Apparel Park,0.88,0.1810419825517486,0.3812452738871798,8,3,14,6,0,7462,11410.411
styleverse,styleverse,2026-08-10,2026,32,ST02,Premium,SV1004,DRS,Dresses,Dresses,,,,,,,,,,6960,8.8481,0,0,1,7,0,0,0,,,,,0.46,-2.4,0.88,0.46,,Dresses Ladies,Dress,,100,Vesper Midi Dress,Delhi · Saket,2727,Bengaluru Cut & Sew,0.91,0.07573628524851254,0.6613548761466518,3,0,16,13,0,13648,11257.66
styleverse,styleverse,2026-08-10,2026,32,ST02,Premium,SV1005,FTW,Footwear,Footwear,,,,,,,,,,5170,8.5508,0,0,1,7,0,0,0,,,,,0.28,-1.5,1.02,0.28,,Shoes,Sneakers,,101,Cadence Sneaker,Delhi · Saket,2124,Surat Textile Mills,0.73,0.2141044805676707,1.488332889066078,7,0,28,21,0,5336,15464.555
styleverse,styleverse,2026-08-10,2026,32,ST02,Premium,SV1006,ACC,Accessories,Accessories,,,,,,,,,,2580,7.8559,0,0,1,7,0,0,0,,,,,0.5,-2.6,0.95,0.5,,Accessories,Socks,,102,Orbit Wool Scarf,Delhi · Saket,898,Tirupur Knits,0.94,0.0005917971634623065,0.8234393561375327,6,6,15,9,0,13284,12053.953
styleverse,styleverse,2026-08-10,2026,32,ST02,Premium,SV1007,ACT,Activewear,Activewear,,,,,,,,,,6710,8.8115,0,0,1,7,0,0,0,,,,,0.35,-2.1,0.9,0.35,,Swimwear,Swimwear bottom,,103,Linden Legging,Delhi · Saket,2439,Ludhiana Woollens,0.81,0.6777078019342075,0.9387907859287224,15,3,19,4,0,6443,13265.386
styleverse,styleverse,2026-08-10,2026,32,ST02,Premium,SV1009,OUT,Outerwear,Outerwear,,,,,,,,,,3880,8.2638,0,0,1,7,0,0,0,,,,,0.42,-1.6,1.35,0.42,,Outdoor,Jacket,,104,Frost Trench,Delhi · Saket,1398,Bengaluru Cut & Sew,0.91,0.3563938032865699,1.289053673413582,4,0,26,22,0,5810,11186.631
styleverse,styleverse,2026-08-10,2026,32,ST02,Premium,SV1010,DEN,Denim,Denim,,,,,,,,,,910,6.8145,0,0,1,7,0,0,0,,,,,0.3,-1.9,1.05,0.3,,Trousers Denim,Trousers,,105,Kite Denim Jacket,Delhi · Saket,467,Surat Textile Mills,0.73,0.5993439873992962,2.595437742676586,5,13,35,30,0,3100,15158.13
styleverse,styleverse,2026-08-10,2026,32,ST02,Premium,SV1011,KNT,Knitwear,Knitwear,,,,,,,,,,2590,7.8598,0,0,1,7,0,0,0,,,,,0.38,-1.7,1.28,0.38,,Knitwear,Sweater,,106,Juniper Cardigan,Delhi · Saket,1081,Tirupur Knits,0.94,0.911053318813002,1.221256928832736,28,0,47,19,0,7462,11420.743
styleverse,styleverse,2026-08-10,2026,32,ST02,Premium,SV1012,DRS,Dresses,Dresses,,,,,,,,,,5650,8.6396,0,0,1,7,0,0,0,,,,,0.46,-2.4,0.88,0.46,,Dresses Ladies,Dress,,107,Atlas Wrap Dress,Delhi · Saket,2733,Ludhiana Woollens,0.81,0.0428499994319462,0.855760169646237,7,0,9,2,0,13648,11257.66
styleverse,styleverse,2026-08-10,2026,32,ST02,Premium,SV1013,FTW,Footwear,Footwear,,,,,,,,,,3410,8.1348,0,0,1,7,0,0,0,,,,,0.28,-1.5,1.02,0.28,,Shoes,Sneakers,,108,Wren Loafer,Delhi · Saket,1396,Noida Apparel Park,0.88,0.0002117384920995118,2.506510979286395,5,11,42,37,0,5336,15464.555
styleverse,styleverse,2026-08-10,2026,32,ST02,Premium,SV1014,ACC,Accessories,Accessories,,,,,,,,,,1230,7.1156,0,0,1,7,0,0,0,,,,,0.5,-2.6,0.95,0.5,,Accessories,Socks,,109,Solstice Leather Belt,Delhi · Saket,545,Bengaluru Cut & Sew,0.91,0.6239036785591954,2.244067377375905,6,0,29,23,0,13284,12074.277
styleverse,styleverse,2026-08-10,2026,32,ST02,Premium,SV1015,ACT,Activewear,Activewear,,,,,,,,,,1280,7.1554,0,0,1,7,0,0,0,,,,,0.35,-2.1,0.9,0.35,,Swimwear,Swimwear bottom,,110,Ember Training Tee,Delhi · Saket,568,Surat Textile Mills,0.73,0.06491628351413166,2.102367372624576,17,6,27,10,0,6443,13273.388
styleverse,styleverse,2026-08-10,2026,32,ST02,Premium,SV1017,OUT,Outerwear,Outerwear,,,,,,,,,,2220,7.7057,0,0,1,7,0,0,0,,,,,0.42,-1.6,1.35,0.42,,Outdoor,Jacket,,111,Nomad Puffer,Delhi · Saket,849,Ludhiana Woollens,0.81,0.6679093631096121,1.47514378526248,38,0,61,23,0,5810,11196.963
styleverse,styleverse,2026-08-10,2026,32,ST02,Premium,SV1018,DEN,Denim,Denim,,,,,,,,,,1450,7.28,0,0,1,7,0,0,0,,,,,0.3,-1.9,1.05,0.3,,Trousers Denim,Trousers,,112,Quill Slim Jean,Delhi · Saket,586,Noida Apparel Park,0.88,0.5075091499437202,0.5062996791326441,2,0,12,10,0,3100,15105.823
styleverse,styleverse,2026-08-10,2026,32,ST02,Premium,SV1019,KNT,Knitwear,Knitwear,,,,,,,,,,7240,8.8875,0,0,1,7,0,0,0,,,,,0.38,-1.7,1.28,0.38,,Knitwear,Sweater,,113,Terra Roll Neck,Delhi · Saket,3204,Bengaluru Cut & Sew,0.91,0.1478988347691275,1.714949633716606,14,10,78,64,0,7462,11410.411
styleverse,styleverse,2026-08-10,2026,32,ST02,Premium,SV1020,DRS,Dresses,Dresses,,,,,,,,,,7230,8.8861,0,0,1,7,0,0,0,,,,,0.46,-2.4,0.88,0.46,,Dresses Ladies,Dress,,114,Vane Slip Dress,Delhi · Saket,2926,Surat Textile Mills,0.73,0.05661177127313656,1.094529892806895,5,0,23,18,0,13648,11257.66
styleverse,styleverse,2026-08-10,2026,32,ST02,Premium,SV1021,FTW,Footwear,Footwear,,,,,,,,,,5000,8.5174,0,0,1,7,0,0,0,,,,,0.28,-1.5,1.02,0.28,,Shoes,Sneakers,,115,Ridge Chelsea Boot,Delhi · Saket,1795,Tirupur Knits,0.94,0.4290058160073141,1.581815651641227,5,0,22,17,0,5336,15464.555
styleverse,styleverse,2026-08-10,2026,32,ST02,Premium,SV1022,ACC,Accessories,Accessories,,,,,,,,,,3380,8.1259,0,0,1,7,0,0,0,,,,,0.5,-2.6,0.95,0.5,,Accessories,Socks,,116,Halcyon Tote,Delhi · Saket,1740,Ludhiana Woollens,0.81,0.103096471620797,1.787876601761673,32,0,49,17,0,13284,12043.621
styleverse,styleverse,2026-08-10,2026,32,ST02,Premium,SV1023,ACT,Activewear,Activewear,,,,,,,,,,1960,7.5812,0,0,1,7,0,0,0,,,,,0.35,-2.1,0.9,0.35,,Swimwear,Swimwear bottom,,117,Marlow Track Pant,Delhi · Saket,940,Noida Apparel Park,0.88,0.8819855173897383,0.6473778456798754,10,0,12,2,0,6443,13302.761
styleverse,styleverse,2026-08-10,2026,32,ST02,Premium,SV1024,BAS,Basics,Basics,,,,,,,,,,7820,8.9646,0,0,0,7,7,0,0,,,,,0.2,-1.2,0.82,0.2,,Jersey Fancy,Trousers,,118,Vesper Chino,Delhi · Saket,3954,Bengaluru Cut & Sew,0.91,0.1886594676608668,0.3750831758021377,0,0,4,3,0,50459,14752.2
styleverse,styleverse,2026-08-10,2026,32,ST02,Premium,SV1025,OUT,Outerwear,Outerwear,,,,,,,,,,7150,8.875,0,0,1,7,0,0,0,,,,,0.42,-1.6,1.35,0.42,,Outdoor,Jacket,,119,Cadence Parka,Delhi · Saket,3127,Surat Textile Mills,0.73,0.2574549159683532,0.9658180053462274,13,0,18,5,0,5810,11186.631
styleverse,styleverse,2026-08-10,2026,32,ST02,Premium,SV1026,DEN,Denim,Denim,,,,,,,,,,5640,8.6378,0,0,1,7,0,0,0,,,,,0.3,-1.9,1.05,0.3,,Trousers Denim,Trousers,,120,Orbit Straight Jean,Delhi · Saket,2601,Tirupur Knits,0.94,0.4172072544692536,0.3790792114683427,6,0,11,5,0,3100,15081.678
styleverse,styleverse,2026-08-10,2026,32,ST02,Premium,SV1027,KNT,Knitwear,Knitwear,,,,,,,,,,2790,7.9342,0,0,1,7,0,0,0,,,,,0.38,-1.7,1.28,0.38,,Knitwear,Sweater,,121,Linden Crew Sweater,Delhi · Saket,1201,Ludhiana Woollens,0.81,0.06038791488429402,1.232249751361087,7,3,28,21,0,7462,11420.743
styleverse,styleverse,2026-08-10,2026,32,ST02,Premium,SV1028,DRS,Dresses,Dresses,,,,,,,,,,5380,8.5906,0,0,1,7,0,0,0,,,,,0.46,-2.4,0.88,0.46,,Dresses Ladies,Dress,,122,Sable Midi Dress,Delhi · Saket,2211,Noida Apparel Park,0.88,0.03173810594638732,0.9808481386513449,8,0,31,23,0,13648,11257.66
styleverse,styleverse,2026-08-10,2026,32,ST02,Premium,SV1029,FTW,Footwear,Footwear,,,,,,,,,,5920,8.6863,0,0,1,7,0,0,0,,,,,0.28,-1.5,1.02,0.28,,Shoes,Sneakers,,123,Frost Sneaker,Delhi · Saket,2105,Bengaluru Cut & Sew,0.91,0.3808204898068962,1.196133396262303,16,0,25,9,0,5336,15464.555
styleverse,styleverse,2026-08-10,2026,32,ST02,Premium,SV1030,ACC,Accessories,Accessories,,,,,,,,,,3310,8.105,0,0,1,7,0,0,0,,,,,0.5,-2.6,0.95,0.5,,Accessories,Socks,,124,Kite Wool Scarf,Delhi · Saket,1550,Surat Textile Mills,0.73,0.4458575688084878,1.521477649419103,5,0,25,20,0,13284,12043.621
styleverse,styleverse,2026-08-10,2026,32,ST02,Premium,SV1031,ACT,Activewear,Activewear,,,,,,,,,,6210,8.7341,0,0,1,7,0,0,0,,,,,0.35,-2.1,0.9,0.35,,Swimwear,Swimwear bottom,,125,Juniper Legging,Delhi · Saket,2362,Tirupur Knits,0.94,0.6996765068041628,0.4206265164772048,1,0,3,2,0,6443,13265.386
styleverse,styleverse,2026-08-10,2026,32,ST02,Premium,SV1033,OUT,Outerwear,Outerwear,,,,,,,,,,6710,8.8115,0,0,1,7,0,0,0,,,,,0.42,-1.6,1.35,0.42,,Outdoor,Jacket,,126,Wren Trench,Delhi · Saket,2747,Noida Apparel Park,0.88,0.8380902445171179,2.129366399510764,37,0,54,17,0,5810,11186.631
styleverse,styleverse,2026-08-10,2026,32,ST02,Premium,SV1034,DEN,Denim,Denim,,,,,,,,,,1510,7.3205,0,0,1,7,0,0,0,,,,,0.3,-1.9,1.05,0.3,,Trousers Denim,Trousers,,127,Solstice Denim Jacket,Delhi · Saket,567,Bengaluru Cut & Sew,0.91,0.1214740741986566,1.105977274850011,27,0,35,8,0,3100,15105.823
styleverse,styleverse,2026-08-10,2026,32,ST02,Premium,SV1035,KNT,Knitwear,Knitwear,,,,,,,,,,2380,7.7753,0,0,1,7,0,0,0,,,,,0.38,-1.7,1.28,0.38,,Knitwear,Sweater,,128,Ember Cardigan,Delhi · Saket,1068,Surat Textile Mills,0.73,0.2648020564726302,1.840806051413529,22,0,27,5,0,7462,11420.743
styleverse,styleverse,2026-08-10,2026,32,ST02,Premium,SV1036,DRS,Dresses,Dresses,,,,,,,,,,7260,8.8903,0,0,1,7,0,0,0,,,,,0.46,-2.4,0.88,0.46,,Dresses Ladies,Dress,,129,Bramble Wrap Dress,Delhi · Saket,2544,Tirupur Knits,0.94,0.1809163522028074,1.586408562108409,13,0,29,16,0,13648,11257.66
styleverse,styleverse,2026-08-10,2026,32,ST02,Premium,SV1037,FTW,Footwear,Footwear,,,,,,,,,,2830,7.9484,0,0,1,7,0,0,0,,,,,0.28,-1.5,1.02,0.28,,Shoes,Sneakers,,130,Nomad Loafer,Delhi · Saket,1262,Ludhiana Woollens,0.81,0.2090252379471189,1.250297783140559,15,0,39,24,0,5336,15474.887
styleverse,styleverse,2026-08-10,2026,32,ST02,Premium,SV1038,ACC,Accessories,Accessories,,,,,,,,,,3060,8.0265,0,0,1,7,0,0,0,,,,,0.5,-2.6,0.95,0.5,,Accessories,Socks,,131,Quill Leather Belt,Delhi · Saket,1445,Noida Apparel Park,0.88,0.007393202186208772,0.5876451939344406,2,0,7,5,0,13284,12043.621
styleverse,styleverse,2026-08-10,2026,32,ST02,Premium,SV1039,ACT,Activewear,Activewear,,,,,,,,,,6670,8.8055,0,0,1,7,0,0,0,,,,,0.35,-2.1,0.9,0.35,,Swimwear,Swimwear bottom,,132,Terra Training Tee,Delhi · Saket,2708,Bengaluru Cut & Sew,0.91,0.4171836434467621,2.336523539118935,25,0,46,21,0,6443,13265.386
styleverse,styleverse,2026-08-10,2026,32,ST02,Premium,SV1041,OUT,Outerwear,Outerwear,,,,,,,,,,7410,8.9107,0,0,1,7,0,0,0,,,,,0.42,-1.6,1.35,0.42,,Outdoor,Jacket,,133,Ridge Puffer,Delhi · Saket,3332,Tirupur Knits,0.94,0.0435627136059113,2.20197754111141,42,0,51,9,0,5810,11186.631
styleverse,styleverse,2026-08-10,2026,32,ST02,Premium,SV1042,DEN,Denim,Denim,,,,,,,,,,4380,8.385,0,0,1,7,0,0,0,,,,,0.3,-1.9,1.05,0.3,,Trousers Denim,Trousers,,134,Halcyon Slim Jean,Delhi · Saket,2131,Ludhiana Woollens,0.81,0.9887408026074843,2.043920635269024,20,13,62,42,0,3100,15081.678
styleverse,styleverse,2026-08-10,2026,32,ST02,Premium,SV1043,KNT,Knitwear,Knitwear,,,,,,,,,,6960,8.8481,0,0,1,7,0,0,0,,,,,0.38,-1.7,1.28,0.38,,Knitwear,Sweater,,135,Marlow Roll Neck,Delhi · Saket,2383,Noida Apparel Park,0.88,0.9085906236820459,2.192920150840655,18,12,55,37,0,7462,11410.411
styleverse,styleverse,2026-08-10,2026,32,ST02,Premium,SV1044,DRS,Dresses,Dresses,,,,,,,,,,7890,8.9735,0,0,1,7,0,0,0,,,,,0.46,-2.4,0.88,0.46,,Dresses Ladies,Dress,,136,Vesper Slip Dress,Delhi · Saket,3806,Bengaluru Cut & Sew,0.91,0.01245378846378043,2.393102823023219,34,0,53,19,0,13648,11257.66
styleverse,styleverse,2026-08-10,2026,32,ST02,Premium,SV1045,FTW,Footwear,Footwear,,,,,,,,,,7790,8.9607,0,0,1,7,0,0,0,,,,,0.28,-1.5,1.02,0.28,,Shoes,Sneakers,,137,Cadence Chelsea Boot,Delhi · Saket,3586,Surat Textile Mills,0.73,0.1529144424096149,0.5836417549522593,17,0,20,3,0,5336,15464.555
styleverse,styleverse,2026-08-10,2026,32,ST02,Premium,SV1046,ACC,Accessories,Accessories,,,,,,,,,,1210,7.0992,0,0,1,7,0,0,0,,,,,0.5,-2.6,0.95,0.5,,Accessories,Socks,,138,Orbit Tote,Delhi · Saket,569,Tirupur Knits,0.94,0.2170451900779814,0.7925029642879963,7,0,16,9,0,13284,12074.277
styleverse,styleverse,2026-08-10,2026,32,ST02,Premium,SV1047,ACT,Activewear,Activewear,,,,,,,,,,6480,8.7766,0,0,1,7,0,0,0,,,,,0.35,-2.1,0.9,0.35,,Swimwear,Swimwear bottom,,139,Linden Track Pant,Delhi · Saket,2316,Ludhiana Woollens,0.81,0.2482315711179312,1.79877608603565,6,0,25,19,0,6443,13265.386
styleverse,styleverse,2026-08-10,2026,32,ST02,Premium,SV1049,OUT,Outerwear,Outerwear,,,,,,,,,,1000,6.9088,0,0,1,7,0,0,0,,,,,0.42,-1.6,1.35,0.42,,Outdoor,Jacket,,140,Frost Parka,Delhi · Saket,396,Bengaluru Cut & Sew,0.91,0.9174829560221631,0.6186554293031804,7,0,16,9,0,5810,11269.472
styleverse,styleverse,2026-08-10,2026,32,ST02,Premium,SV1050,DEN,Denim,Denim,,,,,,,,,,1560,7.3531,0,0,1,7,0,0,0,,,,,0.3,-1.9,1.05,0.3,,Trousers Denim,Trousers,,141,Kite Straight Jean,Delhi · Saket,742,Surat Textile Mills,0.73,0.000109195788150042,0.667293306812644,5,0,7,2,0,3100,15105.823
styleverse,styleverse,2026-08-10,2026,32,ST02,Premium,SV1051,KNT,Knitwear,Knitwear,,,,,,,,,,1760,7.4736,0,0,1,7,0,0,0,,,,,0.38,-1.7,1.28,0.38,,Knitwear,Sweater,,142,Juniper Crew Sweater,Delhi · Saket,663,Tirupur Knits,0.94,0.002342009633203911,1.302148446231149,19,0,22,3,0,7462,11464.69
styleverse,styleverse,2026-08-10,2026,32,ST02,Premium,SV1052,DRS,Dresses,Dresses,,,,,,,,,,4870,8.4911,0,0,1,7,0,0,0,,,,,0.46,-2.4,0.88,0.46,,Dresses Ladies,Dress,,143,Atlas Midi Dress,Delhi · Saket,2464,Ludhiana Woollens,0.81,0.8662274796403324,1.207550696178805,6,0,18,12,0,13648,11257.66
styleverse,styleverse,2026-08-10,2026,32,ST02,Premium,SV1053,FTW,Footwear,Footwear,,,,,,,,,,6950,8.8466,0,0,1,7,0,0,0,,,,,0.28,-1.5,1.02,0.28,,Shoes,Sneakers,,144,Wren Sneaker,Delhi · Saket,2668,Noida Apparel Park,0.88,0.3067643340138342,1.303361503547058,12,0,23,11,0,5336,15464.555
styleverse,styleverse,2026-08-10,2026,32,ST02,Premium,SV1054,ACC,Accessories,Accessories,,,,,,,,,,2920,7.9797,0,0,1,7,0,0,0,,,,,0.5,-2.6,0.95,0.5,,Accessories,Socks,,145,Solstice Wool Scarf,Delhi · Saket,1070,Bengaluru Cut & Sew,0.91,0.1289997908725003,1.210966180276591,12,0,41,29,0,13284,12043.621
styleverse,styleverse,2026-08-10,2026,32,ST02,Premium,SV1055,ACT,Activewear,Activewear,,,,,,,,,,6980,8.8509,0,0,1,7,0,0,0,,,,,0.35,-2.1,0.9,0.35,,Swimwear,Swimwear bottom,,146,Ember Legging,Delhi · Saket,2917,Surat Textile Mills,0.73,0.05456749443744185,2.364772333437577,14,0,24,10,0,6443,13265.386
styleverse,styleverse,2026-08-10,2026,32,ST02,Premium,SV1057,OUT,Outerwear,Outerwear,,,,,,,,,,3010,8.01,0,0,1,7,0,0,0,,,,,0.42,-1.6,1.35,0.42,,Outdoor,Jacket,,147,Nomad Trench,Delhi · Saket,1094,Ludhiana Woollens,0.81,0.6791874150681991,1.548779819358606,9,0,48,39,0,5810,11186.631
styleverse,styleverse,2026-08-10,2026,32,ST02,Premium,SV1058,DEN,Denim,Denim,,,,,,,,,,890,6.7923,0,0,1,7,0,0,0,,,,,0.3,-1.9,1.05,0.3,,Trousers Denim,Trousers,,148,Quill Denim Jacket,Delhi · Saket,396,Noida Apparel Park,0.88,0.0004442486086063171,2.191100384132005,42,0,80,38,0,3100,15158.13
styleverse,styleverse,2026-08-10,2026,32,ST02,Premium,SV1059,KNT,Knitwear,Knitwear,,,,,,,,,,7730,8.953,0,0,1,7,0,0,0,,,,,0.38,-1.7,1.28,0.38,,Knitwear,Sweater,,149,Terra Cardigan,Delhi · Saket,3994,Bengaluru Cut & Sew,0.91,0.258946915839418,1.879952940181829,26,16,77,51,0,7462,11410.411
styleverse,styleverse,2026-08-10,2026,32,ST02,Premium,SV1060,DRS,Dresses,Dresses,,,,,,,,,,7740,8.9543,0,0,1,7,0,0,0,,,,,0.46,-2.4,0.88,0.46,,Dresses Ladies,Dress,,150,Vane Wrap Dress,Delhi · Saket,2751,Surat Textile Mills,0.73,0.2466741816975533,2.255318588833325,38,0,50,12,0,13648,11257.66
styleverse,styleverse,2026-08-10,2026,32,ST02,Premium,SV1061,FTW,Footwear,Footwear,,,,,,,,,,720,6.5806,0,0,1,7,0,0,0,,,,,0.28,-1.5,1.02,0.28,,Shoes,Sneakers,,151,Ridge Loafer,Delhi · Saket,353,Tirupur Knits,0.94,0.0568518042423005,0.4814065671758726,8,0,9,1,0,5336,15555.793
styleverse,styleverse,2026-08-10,2026,32,ST02,Premium,SV1062,ACC,Accessories,Accessories,,,,,,,,,,7580,8.9334,0,0,1,7,0,0,0,,,,,0.5,-2.6,0.95,0.5,,Accessories,Socks,,152,Halcyon Leather Belt,Delhi · Saket,3157,Ludhiana Woollens,0.81,0.5674489934166798,0.6221197694190778,4,0,9,5,0,13284,12043.621
styleverse,styleverse,2026-08-10,2026,32,ST02,Premium,SV1063,ACT,Activewear,Activewear,,,,,,,,,,7130,8.8722,0,0,1,7,0,0,0,,,,,0.35,-2.1,0.9,0.35,,Swimwear,Swimwear bottom,,153,Marlow Training Tee,Delhi · Saket,3694,Noida Apparel Park,0.88,0.2998890134922212,0.8408930444507859,14,0,17,3,0,6443,13265.386
styleverse,styleverse,2026-08-10,2026,32,ST02,Premium,SV1064,BAS,Basics,Basics,,,,,,,,,,6170,8.7276,0,0,1,7,0,0,0,,,,,0.2,-1.2,0.82,0.2,,Jersey Fancy,Trousers,,154,Vesper Pocket Tee,Delhi · Saket,2913,Bengaluru Cut & Sew,0.91,0.3304141741215317,1.860736350610387,4,0,27,23,0,50459,14752.2
styleverse,styleverse,2026-08-10,2026,32,ST02,Premium,SV1065,OUT,Outerwear,Outerwear,,,,,,,,,,4260,8.3573,0,0,1,7,0,0,0,,,,,0.42,-1.6,1.35,0.42,,Outdoor,Jacket,,155,Cadence Puffer,Delhi · Saket,1913,Surat Textile Mills,0.73,0.3824288552200608,2.414744753472041,19,15,36,17,0,5810,11186.631
styleverse,styleverse,2026-08-10,2026,32,ST02,Premium,SV1066,DEN,Denim,Denim,,,,,,,,,,3770,8.2351,0,0,1,7,0,0,0,,,,,0.3,-1.9,1.05,0.3,,Trousers Denim,Trousers,,156,Orbit Slim Jean,Delhi · Saket,1664,Tirupur Knits,0.94,0.004983896916865459,0.4804003967088647,2,0,9,7,0,3100,15081.678
styleverse,styleverse,2026-08-10,2026,32,ST02,Premium,SV1067,KNT,Knitwear,Knitwear,,,,,,,,,,1110,7.013,0,0,1,7,0,0,0,,,,,0.38,-1.7,1.28,0.38,,Knitwear,Sweater,,157,Linden Roll Neck,Delhi · Saket,570,Ludhiana Woollens,0.81,0.01557002559334403,2.406669184239581,16,0,36,20,0,7462,11505.053
styleverse,styleverse,2026-08-10,2026,32,ST02,Premium,SV1068,DRS,Dresses,Dresses,,,,,,,,,,7540,8.9281,0,0,1,7,0,0,0,,,,,0.46,-2.4,0.88,0.46,,Dresses Ladies,Dress,,158,Sable Slip Dress,Delhi · Saket,3626,Noida Apparel Park,0.88,0.909407156974846,1.008846410980914,14,0,18,4,0,13648,11257.66
styleverse,styleverse,2026-08-10,2026,32,ST02,Premium,SV1069,FTW,Footwear,Footwear,,,,,,,,,,4980,8.5134,0,0,1,7,0,0,0,,,,,0.28,-1.5,1.02,0.28,,Shoes,Sneakers,,159,Frost Chelsea Boot,Delhi · Saket,1958,Bengaluru Cut & Sew,0.91,0.4408803308759775,0.8281039439258165,6,0,12,6,0,5336,15464.555
styleverse,styleverse,2026-08-10,2026,32,ST02,Premium,SV1070,ACC,Accessories,Accessories,,,,,,,,,,6880,8.8365,0,0,1,7,0,0,0,,,,,0.5,-2.6,0.95,0.5,,Accessories,Socks,,160,Kite Tote,Delhi · Saket,3510,Surat Textile Mills,0.73,0.136824620106726,2.520019435696304,36,0,57,21,0,13284,12043.621
styleverse,styleverse,2026-08-10,2026,32,ST02,Premium,SV1071,ACT,Activewear,Activewear,,,,,,,,,,1270,7.1476,0,0,1,7,0,0,0,,,,,0.35,-2.1,0.9,0.35,,Swimwear,Swimwear bottom,,161,Juniper Track Pant,Delhi · Saket,606,Tirupur Knits,0.94,0.01601753949250654,1.522598491131794,24,0,37,13,0,6443,13273.388
styleverse,styleverse,2026-08-10,2026,32,ST02,Premium,SV1072,BAS,Basics,Basics,,,,,,,,,,4430,8.3964,0,0,1,7,0,0,0,,,,,0.2,-1.2,0.82,0.2,,Jersey Fancy,Trousers,,162,Atlas Chino,Delhi · Saket,1943,Ludhiana Woollens,0.81,0.4360671361412766,1.231972052098718,13,0,17,4,0,50459,14752.2
styleverse,styleverse,2026-08-10,2026,32,ST02,Premium,SV1073,OUT,Outerwear,Outerwear,,,,,,,,,,2080,7.6406,0,0,1,7,0,0,0,,,,,0.42,-1.6,1.35,0.42,,Outdoor,Jacket,,163,Wren Parka,Delhi · Saket,747,Noida Apparel Park,0.88,0.2767021793360135,2.323728581215255,14,20,49,35,0,5810,11224.008
styleverse,styleverse,2026-08-10,2026,32,ST02,Premium,SV1074,DEN,Denim,Denim,,,,,,,,,,7750,8.9556,0,0,1,7,0,0,0,,,,,0.3,-1.9,1.05,0.3,,Trousers Denim,Trousers,,164,Solstice Straight Jean,Delhi · Saket,3393,Bengaluru Cut & Sew,0.91,0.08878007604754459,1.483006234129425,12,0,34,22,0,3100,15081.678
styleverse,styleverse,2026-08-10,2026,32,ST02,Premium,SV1075,KNT,Knitwear,Knitwear,,,,,,,,,,3560,8.1778,0,0,1,7,0,0,0,,,,,0.38,-1.7,1.28,0.38,,Knitwear,Sweater,,165,Ember Crew Sweater,Delhi · Saket,1718,Surat Textile Mills,0.73,0.1386092397122004,1.974883440788835,36,0,44,8,0,7462,11410.411
styleverse,styleverse,2026-08-10,2026,32,ST02,Premium,SV1076,DRS,Dresses,Dresses,,,,,,,,,,3570,8.1806,0,0,1,7,0,0,0,,,,,0.46,-2.4,0.88,0.46,,Dresses Ladies,Dress,,166,Bramble Midi Dress,Delhi · Saket,1457,Tirupur Knits,0.94,0.2422264629855932,0.7405152785591781,8,0,13,5,0,13648,11257.66
styleverse,styleverse,2026-08-10,2026,32,ST02,Premium,SV1077,FTW,Footwear,Footwear,,,,,,,,,,5840,8.6727,0,0,1,7,0,0,0,,,,,0.28,-1.5,1.02,0.28,,Shoes,Sneakers,,167,Nomad Sneaker,Delhi · Saket,2864,Ludhiana Woollens,0.81,0.10330061976831,2.416477797343396,10,0,49,39,0,5336,15464.555
styleverse,styleverse,2026-08-10,2026,32,ST02,Premium,SV1078,ACC,Accessories,Accessories,,,,,,,,,,1190,7.0825,0,0,1,7,0,0,0,,,,,0.5,-2.6,0.95,0.5,,Accessories,Socks,,168,Quill Wool Scarf,Delhi · Saket,443,Noida Apparel Park,0.88,0.373888154387841,1.693079524289351,36,0,44,8,0,13284,12074.277
styleverse,styleverse,2026-08-10,2026,32,ST02,Premium,SV1079,ACT,Activewear,Activewear,,,,,,,,,,4570,8.4275,0,0,1,7,0,0,0,,,,,0.35,-2.1,0.9,0.35,,Swimwear,Swimwear bottom,,169,Terra Legging,Delhi · Saket,1767,Bengaluru Cut & Sew,0.91,0.08671028666845525,2.156171307805926,12,0,18,6,0,6443,13265.386
styleverse,styleverse,2026-08-10,2026,32,ST02,Premium,SV1080,BAS,Basics,Basics,,,,,,,,,,2950,7.9899,0,0,1,7,0,0,0,,,,,0.2,-1.2,0.82,0.2,,Jersey Fancy,Trousers,,170,Vane Oxford Shirt,Delhi · Saket,1283,Surat Textile Mills,0.73,0.04884635464280715,0.64455648973817,5,0,12,7,0,50459,14752.2
styleverse,styleverse,2026-08-10,2026,32,ST02,Premium,SV1081,OUT,Outerwear,Outerwear,,,,,,,,,,4990,8.5154,0,0,1,7,0,0,0,,,,,0.42,-1.6,1.35,0.42,,Outdoor,Jacket,,171,Ridge Trench,Delhi · Saket,2311,Tirupur Knits,0.94,0.9287739378302152,0.5369263643748127,10,0,18,8,0,5810,11186.631
styleverse,styleverse,2026-08-10,2026,32,ST02,Premium,SV1082,DEN,Denim,Denim,,,,,,,,,,730,6.5944,0,0,1,7,0,0,0,,,,,0.3,-1.9,1.05,0.3,,Trousers Denim,Trousers,,172,Halcyon Denim Jacket,Delhi · Saket,292,Ludhiana Woollens,0.81,0.5100741527779509,1.192133984260727,13,0,36,23,0,3100,15167.76
styleverse,styleverse,2026-08-10,2026,32,ST02,Premium,SV1083,KNT,Knitwear,Knitwear,,,,,,,,,,7550,8.9294,0,0,1,7,0,0,0,,,,,0.38,-1.7,1.28,0.38,,Knitwear,Sweater,,173,Marlow Cardigan,Delhi · Saket,3052,Noida Apparel Park,0.88,0.0007357902348707216,1.946573286224157,27,0,41,14,0,7462,11410.411
styleverse,styleverse,2026-08-10,2026,32,ST02,Premium,SV1084,DRS,Dresses,Dresses,,,,,,,,,,5790,8.6641,0,0,1,7,0,0,0,,,,,0.46,-2.4,0.88,0.46,,Dresses Ladies,Dress,,174,Vesper Wrap Dress,Delhi · Saket,2773,Bengaluru Cut & Sew,0.91,0.0005611510406343915,2.297405374085065,8,0,73,65,0,13648,11257.66
styleverse,styleverse,2026-08-10,2026,32,ST02,Premium,SV1085,FTW,Footwear,Footwear,,,,,,,,,,7480,8.9201,0,0,1,7,0,0,0,,,,,0.28,-1.5,1.02,0.28,,Shoes,Sneakers,,175,Cadence Loafer,Delhi · Saket,3572,Surat Textile Mills,0.73,0.03855127980870929,1.759503437811509,25,0,42,17,0,5336,15464.555
styleverse,styleverse,2026-08-10,2026,32,ST02,Premium,SV1086,ACC,Accessories,Accessories,,,,,,,,,,720,6.5806,0,0,1,7,0,0,0,,,,,0.5,-2.6,0.95,0.5,,Accessories,Socks,,176,Orbit Leather Belt,Delhi · Saket,329,Tirupur Knits,0.94,0.2184562591442348,1.241997508180793,25,0,31,6,0,13284,12125.441
styleverse,styleverse,2026-08-10,2026,32,ST02,Premium,SV1087,ACT,Activewear,Activewear,,,,,,,,,,6900,8.8394,0,0,1,7,0,0,0,,,,,0.35,-2.1,0.9,0.35,,Swimwear,Swimwear bottom,,177,Linden Training Tee,Delhi · Saket,3442,Ludhiana Woollens,0.81,0.7639314784653447,1.379480650788173,17,0,25,8,0,6443,13265.386
styleverse,styleverse,2026-08-10,2026,32,ST02,Premium,SV1089,OUT,Outerwear,Outerwear,,,,,,,,,,4010,8.2968,0,0,1,7,0,0,0,,,,,0.42,-1.6,1.35,0.42,,Outdoor,Jacket,,178,Frost Puffer,Delhi · Saket,1601,Bengaluru Cut & Sew,0.91,0.002312112545000055,1.895861339778639,36,0,54,18,0,5810,11186.631
styleverse,styleverse,2026-08-10,2026,32,ST02,Premium,SV1090,DEN,Denim,Denim,,,,,,,,,,4010,8.2968,0,0,1,7,0,0,0,,,,,0.3,-1.9,1.05,0.3,,Trousers Denim,Trousers,,179,Kite Slim Jean,Delhi · Saket,1379,Surat Textile Mills,0.73,0.4502396242815292,1.537483650515787,37,0,58,21,0,3100,15081.678
styleverse,styleverse,2026-08-10,2026,32,ST02,Premium,SV1091,KNT,Knitwear,Knitwear,,,,,,,,,,2590,7.8598,0,0,0,7,7,0,0,,,,,0.38,-1.7,1.28,0.38,,Knitwear,Sweater,,180,Juniper Roll Neck,Delhi · Saket,957,Tirupur Knits,0.94,0.643793669042698,1.545455432927702,0,0,52,40,0,7462,11420.743
styleverse,styleverse,2026-08-10,2026,32,ST02,Premium,SV1092,DRS,Dresses,Dresses,,,,,,,,,,2990,8.0034,0,0,1,7,0,0,0,,,,,0.46,-2.4,0.88,0.46,,Dresses Ladies,Dress,,181,Atlas Slip Dress,Delhi · Saket,1538,Ludhiana Woollens,0.81,0.4671161643327494,1.063668687676545,15,0,26,11,0,13648,11257.66
styleverse,styleverse,2026-08-10,2026,32,ST02,Premium,SV1093,FTW,Footwear,Footwear,,,,,,,,,,4960,8.5094,0,0,1,7,0,0,0,,,,,0.28,-1.5,1.02,0.28,,Shoes,Sneakers,,182,Wren Chelsea Boot,Delhi · Saket,1707,Noida Apparel Park,0.88,0.06849265459445182,1.409061137784738,15,0,24,9,0,5336,15464.555
styleverse,styleverse,2026-08-10,2026,32,ST02,Premium,SV1094,ACC,Accessories,Accessories,,,,,,,,,,2620,7.8713,0,0,1,7,0,0,0,,,,,0.5,-2.6,0.95,0.5,,Accessories,Socks,,183,Solstice Tote,Delhi · Saket,1227,Bengaluru Cut & Sew,0.91,0.6166618806114095,2.034362682455685,13,0,46,33,0,13284,12053.953
styleverse,styleverse,2026-08-10,2026,32,ST02,Premium,SV1095,ACT,Activewear,Activewear,,,,,,,,,,2350,7.7626,0,0,1,7,0,0,0,,,,,0.35,-2.1,0.9,0.35,,Swimwear,Swimwear bottom,,184,Ember Track Pant,Delhi · Saket,923,Surat Textile Mills,0.73,0.04821345073186504,1.449043303634971,19,0,25,6,0,6443,13275.718
styleverse,styleverse,2026-08-10,2026,32,ST02,Premium,SV1096,BAS,Basics,Basics,,,,,,,,,,860,6.7581,0,0,1,7,0,0,0,,,,,0.2,-1.2,0.82,0.2,,Jersey Fancy,Trousers,,185,Bramble Chino,Delhi · Saket,330,Tirupur Knits,0.94,0.3597012292967132,2.482433456892613,17,0,38,21,0,50459,14855.627
styleverse,styleverse,2026-08-10,2026,32,ST02,Premium,SV1097,OUT,Outerwear,Outerwear,,,,,,,,,,2430,7.7961,0,0,1,7,0,0,0,,,,,0.42,-1.6,1.35,0.42,,Outdoor,Jacket,,186,Nomad Parka,Delhi · Saket,1249,Ludhiana Woollens,0.81,0.01760374891013752,1.246017925231718,9,0,33,24,0,5810,11196.963
styleverse,styleverse,2026-08-10,2026,32,ST02,Premium,SV1098,DEN,Denim,Denim,,,,,,,,,,5260,8.5681,0,0,1,7,0,0,0,,,,,0.3,-1.9,1.05,0.3,,Trousers Denim,Trousers,,187,Quill Straight Jean,Delhi · Saket,2325,Noida Apparel Park,0.88,0.03626853458267992,1.974982425302733,23,0,54,31,0,3100,15081.678
styleverse,styleverse,2026-08-10,2026,32,ST02,Premium,SV1099,KNT,Knitwear,Knitwear,,,,,,,,,,1530,7.3337,0,0,1,7,0,0,0,,,,,0.38,-1.7,1.28,0.38,,Knitwear,Sweater,,188,Terra Crew Sweater,Delhi · Saket,538,Bengaluru Cut & Sew,0.91,0.001294333175926447,0.6112819288042374,5,0,12,7,0,7462,11451.583
styleverse,styleverse,2026-08-10,2026,32,ST02,Premium,SV1100,DRS,Dresses,Dresses,,,,,,,,,,5720,8.6519,0,0,1,7,0,0,0,,,,,0.46,-2.4,0.88,0.46,,Dresses Ladies,Dress,,189,Vane Midi Dress,Delhi · Saket,2384,Surat Textile Mills,0.73,0.4859671978736997,1.306965873832814,14,0,31,17,0,13648,11257.66
styleverse,styleverse,2026-08-10,2026,32,ST03,Trend,SV1001,OUT,Outerwear,Outerwear,,,,,,,,,,2680,7.8939,0,0,1,7,0,0,0,,,,,0.42,-1.6,1.35,0.42,,Outdoor,Jacket,,190,Ridge Parka,Bengaluru · Indiranagar,1173,Tirupur Knits,0.94,0.5843617511401088,1.378171070618555,20,0,46,26,0,5810,11196.963
styleverse,styleverse,2026-08-10,2026,32,ST03,Trend,SV1002,DEN,Denim,Denim,,,,,,,,,,4610,8.4362,0,0,1,7,0,0,0,,,,,0.3,-1.9,1.05,0.3,,Trousers Denim,Trousers,,191,Halcyon Straight Jean,Bengaluru · Indiranagar,1972,Ludhiana Woollens,0.81,0.0831227490959891,1.841171421192121,26,0,41,15,0,3100,15081.678
styleverse,styleverse,2026-08-10,2026,32,ST03,Trend,SV1003,KNT,Knitwear,Knitwear,,,,,,,,,,4400,8.3896,0,0,1,7,0,0,0,,,,,0.38,-1.7,1.28,0.38,,Knitwear,Sweater,,192,Marlow Crew Sweater,Bengaluru · Indiranagar,1564,Noida Apparel Park,0.88,0.1810419825517486,0.3812452738871798,7,3,10,3,0,7462,11410.411
styleverse,styleverse,2026-08-10,2026,32,ST03,Trend,SV1004,DRS,Dresses,Dresses,,,,,,,,,,6960,8.8481,0,0,1,7,0,0,0,,,,,0.46,-2.4,0.88,0.46,,Dresses Ladies,Dress,,193,Vesper Midi Dress,Bengaluru · Indiranagar,2727,Bengaluru Cut & Sew,0.91,0.07573628524851254,0.6613548761466518,8,0,17,9,0,13648,11257.66
styleverse,styleverse,2026-08-10,2026,32,ST03,Trend,SV1005,FTW,Footwear,Footwear,,,,,,,,,,5170,8.5508,0,0,1,7,0,0,0,,,,,0.28,-1.5,1.02,0.28,,Shoes,Sneakers,,194,Cadence Sneaker,Bengaluru · Indiranagar,2124,Surat Textile Mills,0.73,0.2141044805676707,1.488332889066078,10,0,20,10,0,5336,15464.555
styleverse,styleverse,2026-08-10,2026,32,ST03,Trend,SV1006,ACC,Accessories,Accessories,,,,,,,,,,2580,7.8559,0,0,1,7,0,0,0,,,,,0.5,-2.6,0.95,0.5,,Accessories,Socks,,195,Orbit Wool Scarf,Bengaluru · Indiranagar,898,Tirupur Knits,0.94,0.0005917971634623065,0.8234393561375327,8,0,11,3,0,13284,12053.953
styleverse,styleverse,2026-08-10,2026,32,ST03,Trend,SV1007,ACT,Activewear,Activewear,,,,,,,,,,6710,8.8115,0,0,1,7,0,0,0,,,,,0.35,-2.1,0.9,0.35,,Swimwear,Swimwear bottom,,196,Linden Legging,Bengaluru · Indiranagar,2439,Ludhiana Woollens,0.81,0.6777078019342075,0.9387907859287224,2,0,13,11,0,6443,13265.386
styleverse,styleverse,2026-08-10,2026,32,ST03,Trend,SV1008,BAS,Basics,Basics,,,,,,,,,,7640,8.9413,0,0,1,7,0,0,0,,,,,0.2,-1.2,0.82,0.2,,Jersey Fancy,Trousers,,197,Sable Oxford Shirt,Bengaluru · Indiranagar,3332,Noida Apparel Park,0.88,0.7771817858091377,1.853309070249088,20,0,26,6,0,50459,14752.2
styleverse,styleverse,2026-08-10,2026,32,ST03,Trend,SV1009,OUT,Outerwear,Outerwear,,,,,,,,,,3880,8.2638,0,0,1,7,0,0,0,,,,,0.42,-1.6,1.35,0.42,,Outdoor,Jacket,,198,Frost Trench,Bengaluru · Indiranagar,1398,Bengaluru Cut & Sew,0.91,0.3563938032865699,1.289053673413582,22,0,45,23,0,5810,11186.631
styleverse,styleverse,2026-08-10,2026,32,ST03,Trend,SV1010,DEN,Denim,Denim,,,,,,,,,,910,6.8145,0,0,1,7,0,0,0,,,,,0.3,-1.9,1.05,0.3,,Trousers Denim,Trousers,,199,Kite Denim Jacket,Bengaluru · Indiranagar,467,Surat Textile Mills,0.73,0.5993439873992962,2.595437742676586,25,0,44,19,0,3100,15158.13
styleverse,styleverse,2026-08-10,2026,32,ST03,Trend,SV1011,KNT,Knitwear,Knitwear,,,,,,,,,,2590,7.8598,0,0,1,7,0,0,0,,,,,0.38,-1.7,1.28,0.38,,Knitwear,Sweater,,200,Juniper Cardigan,Bengaluru · Indiranagar,1081,Tirupur Knits,0.94,0.911053318813002,1.221256928832736,8,0,13,5,0,7462,11420.743
styleverse,styleverse,2026-08-10,2026,32,ST03,Trend,SV1012,DRS,Dresses,Dresses,,,,,,,,,,5650,8.6396,0,0,1,7,0,0,0,,,,,0.46,-2.4,0.88,0.46,,Dresses Ladies,Dress,,201,Atlas Wrap Dress,Bengaluru · Indiranagar,2733,Ludhiana Woollens,0.81,0.0428499994319462,0.855760169646237,14,0,17,3,0,13648,11257.66
styleverse,styleverse,2026-08-10,2026,32,ST03,Trend,SV1013,FTW,Footwear,Footwear,,,,,,,,,,3410,8.1348,0,0,1,7,0,0,0,,,,,0.28,-1.5,1.02,0.28,,Shoes,Sneakers,,202,Wren Loafer,Bengaluru · Indiranagar,1396,Noida Apparel Park,0.88,0.0002117384920995118,2.506510979286395,42,15,56,14,0,5336,15464.555
styleverse,styleverse,2026-08-10,2026,32,ST03,Trend,SV1014,ACC,Accessories,Accessories,,,,,,,,,,1230,7.1156,0,0,1,7,0,0,0,,,,,0.5,-2.6,0.95,0.5,,Accessories,Socks,,203,Solstice Leather Belt,Bengaluru · Indiranagar,545,Bengaluru Cut & Sew,0.91,0.6239036785591954,2.244067377375905,5,0,35,30,0,13284,12074.277
styleverse,styleverse,2026-08-10,2026,32,ST03,Trend,SV1015,ACT,Activewear,Activewear,,,,,,,,,,1280,7.1554,0,0,1,7,0,0,0,,,,,0.35,-2.1,0.9,0.35,,Swimwear,Swimwear bottom,,204,Ember Training Tee,Bengaluru · Indiranagar,568,Surat Textile Mills,0.73,0.06491628351413166,2.102367372624576,34,11,54,20,0,6443,13273.388
styleverse,styleverse,2026-08-10,2026,32,ST03,Trend,SV1016,BAS,Basics,Basics,,,,,,,,,,4210,8.3455,0,0,1,7,0,0,0,,,,,0.2,-1.2,0.82,0.2,,Jersey Fancy,Trousers,,205,Bramble Pocket Tee,Bengaluru · Indiranagar,1547,Tirupur Knits,0.94,0.0139571064731684,1.915859303984325,23,7,40,17,0,50459,14752.2
styleverse,styleverse,2026-08-10,2026,32,ST03,Trend,SV1017,OUT,Outerwear,Outerwear,,,,,,,,,,2220,7.7057,0,0,1,7,0,0,0,,,,,0.42,-1.6,1.35,0.42,,Outdoor,Jacket,,206,Nomad Puffer,Bengaluru · Indiranagar,849,Ludhiana Woollens,0.81,0.6679093631096121,1.47514378526248,9,0,48,39,0,5810,11196.963
styleverse,styleverse,2026-08-10,2026,32,ST03,Trend,SV1018,DEN,Denim,Denim,,,,,,,,,,1450,7.28,0,0,1,7,0,0,0,,,,,0.3,-1.9,1.05,0.3,,Trousers Denim,Trousers,,207,Quill Slim Jean,Bengaluru · Indiranagar,586,Noida Apparel Park,0.88,0.5075091499437202,0.5062996791326441,3,0,11,8,0,3100,15105.823
styleverse,styleverse,2026-08-10,2026,32,ST03,Trend,SV1019,KNT,Knitwear,Knitwear,,,,,,,,,,7240,8.8875,0,0,1,7,0,0,0,,,,,0.38,-1.7,1.28,0.38,,Knitwear,Sweater,,208,Terra Roll Neck,Bengaluru · Indiranagar,3204,Bengaluru Cut & Sew,0.91,0.1478988347691275,1.714949633716606,8,0,51,43,0,7462,11410.411
styleverse,styleverse,2026-08-10,2026,32,ST03,Trend,SV1020,DRS,Dresses,Dresses,,,,,,,,,,7230,8.8861,0,0,1,7,0,0,0,,,,,0.46,-2.4,0.88,0.46,,Dresses Ladies,Dress,,209,Vane Slip Dress,Bengaluru · Indiranagar,2926,Surat Textile Mills,0.73,0.05661177127313656,1.094529892806895,6,0,24,18,0,13648,11257.66
styleverse,styleverse,2026-08-10,2026,32,ST03,Trend,SV1021,FTW,Footwear,Footwear,,,,,,,,,,5000,8.5174,0,0,1,7,0,0,0,,,,,0.28,-1.5,1.02,0.28,,Shoes,Sneakers,,210,Ridge Chelsea Boot,Bengaluru · Indiranagar,1795,Tirupur Knits,0.94,0.4290058160073141,1.581815651641227,19,0,46,27,0,5336,15464.555
styleverse,styleverse,2026-08-10,2026,32,ST03,Trend,SV1022,ACC,Accessories,Accessories,,,,,,,,,,3380,8.1259,0,0,1,7,0,0,0,,,,,0.5,-2.6,0.95,0.5,,Accessories,Socks,,211,Halcyon Tote,Bengaluru · Indiranagar,1740,Ludhiana Woollens,0.81,0.103096471620797,1.787876601761673,16,0,35,19,0,13284,12043.621
styleverse,styleverse,2026-08-10,2026,32,ST03,Trend,SV1023,ACT,Activewear,Activewear,,,,,,,,,,1960,7.5812,0,0,1,7,0,0,0,,,,,0.35,-2.1,0.9,0.35,,Swimwear,Swimwear bottom,,212,Marlow Track Pant,Bengaluru · Indiranagar,940,Noida Apparel Park,0.88,0.8819855173897383,0.6473778456798754,6,2,8,2,0,6443,13302.761
styleverse,styleverse,2026-08-10,2026,32,ST03,Trend,SV1024,BAS,Basics,Basics,,,,,,,,,,7820,8.9646,0,0,1,7,0,0,0,,,,,0.2,-1.2,0.82,0.2,,Jersey Fancy,Trousers,,213,Vesper Chino,Bengaluru · Indiranagar,3954,Bengaluru Cut & Sew,0.91,0.1886594676608668,0.3750831758021377,2,0,6,4,0,50459,14752.2
styleverse,styleverse,2026-08-10,2026,32,ST03,Trend,SV1025,OUT,Outerwear,Outerwear,,,,,,,,,,7150,8.875,0,0,1,7,0,0,0,,,,,0.42,-1.6,1.35,0.42,,Outdoor,Jacket,,214,Cadence Parka,Bengaluru · Indiranagar,3127,Surat Textile Mills,0.73,0.2574549159683532,0.9658180053462274,2,7,14,12,0,5810,11186.631
styleverse,styleverse,2026-08-10,2026,32,ST03,Trend,SV1026,DEN,Denim,Denim,,,,,,,,,,5640,8.6378,0,0,1,7,0,0,0,,,,,0.3,-1.9,1.05,0.3,,Trousers Denim,Trousers,,215,Orbit Straight Jean,Bengaluru · Indiranagar,2601,Tirupur Knits,0.94,0.4172072544692536,0.3790792114683427,2,0,8,6,0,3100,15081.678
styleverse,styleverse,2026-08-10,2026,32,ST03,Trend,SV1027,KNT,Knitwear,Knitwear,,,,,,,,,,2790,7.9342,0,0,1,7,0,0,0,,,,,0.38,-1.7,1.28,0.38,,Knitwear,Sweater,,216,Linden Crew Sweater,Bengaluru · Indiranagar,1201,Ludhiana Woollens,0.81,0.06038791488429402,1.232249751361087,23,0,30,7,0,7462,11420.743
styleverse,styleverse,2026-08-10,2026,32,ST03,Trend,SV1028,DRS,Dresses,Dresses,,,,,,,,,,5380,8.5906,0,0,1,7,0,0,0,,,,,0.46,-2.4,0.88,0.46,,Dresses Ladies,Dress,,217,Sable Midi Dress,Bengaluru · Indiranagar,2211,Noida Apparel Park,0.88,0.03173810594638732,0.9808481386513449,5,0,21,16,0,13648,11257.66
styleverse,styleverse,2026-08-10,2026,32,ST03,Trend,SV1029,FTW,Footwear,Footwear,,,,,,,,,,5920,8.6863,0,0,1,7,0,0,0,,,,,0.28,-1.5,1.02,0.28,,Shoes,Sneakers,,218,Frost Sneaker,Bengaluru · Indiranagar,2105,Bengaluru Cut & Sew,0.91,0.3808204898068962,1.196133396262303,15,0,27,12,0,5336,15464.555
styleverse,styleverse,2026-08-10,2026,32,ST03,Trend,SV1030,ACC,Accessories,Accessories,,,,,,,,,,3310,8.105,0,0,1,7,0,0,0,,,,,0.5,-2.6,0.95,0.5,,Accessories,Socks,,219,Kite Wool Scarf,Bengaluru · Indiranagar,1550,Surat Textile Mills,0.73,0.4458575688084878,1.521477649419103,3,5,16,13,0,13284,12043.621
styleverse,styleverse,2026-08-10,2026,32,ST03,Trend,SV1031,ACT,Activewear,Activewear,,,,,,,,,,6210,8.7341,0,0,1,7,0,0,0,,,,,0.35,-2.1,0.9,0.35,,Swimwear,Swimwear bottom,,220,Juniper Legging,Bengaluru · Indiranagar,2362,Tirupur Knits,0.94,0.6996765068041628,0.4206265164772048,2,0,8,6,0,6443,13265.386
styleverse,styleverse,2026-08-10,2026,32,ST03,Trend,SV1032,BAS,Basics,Basics,,,,,,,,,,3390,8.1289,0,0,1,7,0,0,0,,,,,0.2,-1.2,0.82,0.2,,Jersey Fancy,Trousers,,221,Atlas Oxford Shirt,Bengaluru · Indiranagar,1756,Ludhiana Woollens,0.81,0.03165193639782208,2.296161732252222,17,0,21,4,0,50459,14752.2
styleverse,styleverse,2026-08-10,2026,32,ST03,Trend,SV1033,OUT,Outerwear,Outerwear,,,,,,,,,,6710,8.8115,0,0,1,7,0,0,0,,,,,0.42,-1.6,1.35,0.42,,Outdoor,Jacket,,222,Wren Trench,Bengaluru · Indiranagar,2747,Noida Apparel Park,0.88,0.8380902445171179,2.129366399510764,40,0,74,34,0,5810,11186.631
styleverse,styleverse,2026-08-10,2026,32,ST03,Trend,SV1034,DEN,Denim,Denim,,,,,,,,,,1510,7.3205,0,0,1,7,0,0,0,,,,,0.3,-1.9,1.05,0.3,,Trousers Denim,Trousers,,223,Solstice Denim Jacket,Bengaluru · Indiranagar,567,Bengaluru Cut & Sew,0.91,0.1214740741986566,1.105977274850011,5,0,16,11,0,3100,15105.823
styleverse,styleverse,2026-08-10,2026,32,ST03,Trend,SV1035,KNT,Knitwear,Knitwear,,,,,,,,,,2380,7.7753,0,0,1,7,0,0,0,,,,,0.38,-1.7,1.28,0.38,,Knitwear,Sweater,,224,Ember Cardigan,Bengaluru · Indiranagar,1068,Surat Textile Mills,0.73,0.2648020564726302,1.840806051413529,11,15,38,27,0,7462,11420.743
styleverse,styleverse,2026-08-10,2026,32,ST03,Trend,SV1036,DRS,Dresses,Dresses,,,,,,,,,,7260,8.8903,0,0,1,7,0,0,0,,,,,0.46,-2.4,0.88,0.46,,Dresses Ladies,Dress,,225,Bramble Wrap Dress,Bengaluru · Indiranagar,2544,Tirupur Knits,0.94,0.1809163522028074,1.586408562108409,6,0,38,32,0,13648,11257.66
styleverse,styleverse,2026-08-10,2026,32,ST03,Trend,SV1037,FTW,Footwear,Footwear,,,,,,,,,,2830,7.9484,0,0,1,7,0,0,0,,,,,0.28,-1.5,1.02,0.28,,Shoes,Sneakers,,226,Nomad Loafer,Bengaluru · Indiranagar,1262,Ludhiana Woollens,0.81,0.2090252379471189,1.250297783140559,27,0,39,12,0,5336,15474.887
styleverse,styleverse,2026-08-10,2026,32,ST03,Trend,SV1038,ACC,Accessories,Accessories,,,,,,,,,,3060,8.0265,0,0,1,7,0,0,0,,,,,0.5,-2.6,0.95,0.5,,Accessories,Socks,,227,Quill Leather Belt,Bengaluru · Indiranagar,1445,Noida Apparel Park,0.88,0.007393202186208772,0.5876451939344406,2,0,12,10,0,13284,12043.621
styleverse,styleverse,2026-08-10,2026,32,ST03,Trend,SV1039,ACT,Activewear,Activewear,,,,,,,,,,6670,8.8055,0,0,1,7,0,0,0,,,,,0.35,-2.1,0.9,0.35,,Swimwear,Swimwear bottom,,228,Terra Training Tee,Bengaluru · Indiranagar,2708,Bengaluru Cut & Sew,0.91,0.4171836434467621,2.336523539118935,28,0,36,8,0,6443,13265.386
styleverse,styleverse,2026-08-10,2026,32,ST03,Trend,SV1040,BAS,Basics,Basics,,,,,,,,,,7450,8.9161,0,0,1,7,0,0,0,,,,,0.2,-1.2,0.82,0.2,,Jersey Fancy,Trousers,,229,Vane Pocket Tee,Bengaluru · Indiranagar,2940,Surat Textile Mills,0.73,0.002820393425783629,2.008765591215342,15,5,39,24,0,50459,14752.2
styleverse,styleverse,2026-08-10,2026,32,ST03,Trend,SV1041,OUT,Outerwear,Outerwear,,,,,,,,,,7410,8.9107,0,0,1,7,0,0,0,,,,,0.42,-1.6,1.35,0.42,,Outdoor,Jacket,,230,Ridge Puffer,Bengaluru · Indiranagar,3332,Tirupur Knits,0.94,0.0435627136059113,2.20197754111141,13,0,41,28,0,5810,11186.631
styleverse,styleverse,2026-08-10,2026,32,ST03,Trend,SV1042,DEN,Denim,Denim,,,,,,,,,,4380,8.385,0,0,1,7,0,0,0,,,,,0.3,-1.9,1.05,0.3,,Trousers Denim,Trousers,,231,Halcyon Slim Jean,Bengaluru · Indiranagar,2131,Ludhiana Woollens,0.81,0.9887408026074843,2.043920635269024,13,9,30,17,0,3100,15081.678
styleverse,styleverse,2026-08-10,2026,32,ST03,Trend,SV1043,KNT,Knitwear,Knitwear,,,,,,,,,,6960,8.8481,0,0,1,7,0,0,0,,,,,0.38,-1.7,1.28,0.38,,Knitwear,Sweater,,232,Marlow Roll Neck,Bengaluru · Indiranagar,2383,Noida Apparel Park,0.88,0.9085906236820459,2.192920150840655,16,0,59,43,0,7462,11410.411
styleverse,styleverse,2026-08-10,2026,32,ST03,Trend,SV1044,DRS,Dresses,Dresses,,,,,,,,,,7890,8.9735,0,0,1,7,0,0,0,,,,,0.46,-2.4,0.88,0.46,,Dresses Ladies,Dress,,233,Vesper Slip Dress,Bengaluru · Indiranagar,3806,Bengaluru Cut & Sew,0.91,0.01245378846378043,2.393102823023219,12,0,33,21,0,13648,11257.66
styleverse,styleverse,2026-08-10,2026,32,ST03,Trend,SV1045,FTW,Footwear,Footwear,,,,,,,,,,7790,8.9607,0,0,1,7,0,0,0,,,,,0.28,-1.5,1.02,0.28,,Shoes,Sneakers,,234,Cadence Chelsea Boot,Bengaluru · Indiranagar,3586,Surat Textile Mills,0.73,0.1529144424096149,0.5836417549522593,8,0,18,10,0,5336,15464.555
styleverse,styleverse,2026-08-10,2026,32,ST03,Trend,SV1046,ACC,Accessories,Accessories,,,,,,,,,,1210,7.0992,0,0,1,7,0,0,0,,,,,0.5,-2.6,0.95,0.5,,Accessories,Socks,,235,Orbit Tote,Bengaluru · Indiranagar,569,Tirupur Knits,0.94,0.2170451900779814,0.7925029642879963,3,0,8,5,0,13284,12074.277
styleverse,styleverse,2026-08-10,2026,32,ST03,Trend,SV1047,ACT,Activewear,Activewear,,,,,,,,,,6480,8.7766,0,0,1,7,0,0,0,,,,,0.35,-2.1,0.9,0.35,,Swimwear,Swimwear bottom,,236,Linden Track Pant,Bengaluru · Indiranagar,2316,Ludhiana Woollens,0.81,0.2482315711179312,1.79877608603565,30,8,53,23,0,6443,13265.386
styleverse,styleverse,2026-08-10,2026,32,ST03,Trend,SV1048,BAS,Basics,Basics,,,,,,,,,,5000,8.5174,0,0,1,7,0,0,0,,,,,0.2,-1.2,0.82,0.2,,Jersey Fancy,Trousers,,237,Sable Chino,Bengaluru · Indiranagar,2269,Noida Apparel Park,0.88,0.1181166746469051,1.298419906955678,15,0,21,6,0,50459,14752.2
styleverse,styleverse,2026-08-10,2026,32,ST03,Trend,SV1049,OUT,Outerwear,Outerwear,,,,,,,,,,1000,6.9088,0,0,1,7,0,0,0,,,,,0.42,-1.6,1.35,0.42,,Outdoor,Jacket,,238,Frost Parka,Bengaluru · Indiranagar,396,Bengaluru Cut & Sew,0.91,0.9174829560221631,0.6186554293031804,7,0,12,5,0,5810,11269.472
styleverse,styleverse,2026-08-10,2026,32,ST03,Trend,SV1050,DEN,Denim,Denim,,,,,,,,,,1560,7.3531,0,0,1,7,0,0,0,,,,,0.3,-1.9,1.05,0.3,,Trousers Denim,Trousers,,239,Kite Straight Jean,Bengaluru · Indiranagar,742,Surat Textile Mills,0.73,0.000109195788150042,0.667293306812644,7,0,20,13,0,3100,15105.823
styleverse,styleverse,2026-08-10,2026,32,ST03,Trend,SV1051,KNT,Knitwear,Knitwear,,,,,,,,,,1760,7.4736,0,0,1,7,0,0,0,,,,,0.38,-1.7,1.28,0.38,,Knitwear,Sweater,,240,Juniper Crew Sweater,Bengaluru · Indiranagar,663,Tirupur Knits,0.94,0.002342009633203911,1.302148446231149,18,0,24,6,0,7462,11464.69
styleverse,styleverse,2026-08-10,2026,32,ST03,Trend,SV1052,DRS,Dresses,Dresses,,,,,,,,,,4870,8.4911,0,0,1,7,0,0,0,,,,,0.46,-2.4,0.88,0.46,,Dresses Ladies,Dress,,241,Atlas Midi Dress,Bengaluru · Indiranagar,2464,Ludhiana Woollens,0.81,0.8662274796403324,1.207550696178805,4,6,23,19,0,13648,11257.66
styleverse,styleverse,2026-08-10,2026,32,ST03,Trend,SV1053,FTW,Footwear,Footwear,,,,,,,,,,6950,8.8466,0,0,1,7,0,0,0,,,,,0.28,-1.5,1.02,0.28,,Shoes,Sneakers,,242,Wren Sneaker,Bengaluru · Indiranagar,2668,Noida Apparel Park,0.88,0.3067643340138342,1.303361503547058,11,0,30,19,0,5336,15464.555
styleverse,styleverse,2026-08-10,2026,32,ST03,Trend,SV1054,ACC,Accessories,Accessories,,,,,,,,,,2920,7.9797,0,0,1,7,0,0,0,,,,,0.5,-2.6,0.95,0.5,,Accessories,Socks,,243,Solstice Wool Scarf,Bengaluru · Indiranagar,1070,Bengaluru Cut & Sew,0.91,0.1289997908725003,1.210966180276591,5,0,25,20,0,13284,12043.621
styleverse,styleverse,2026-08-10,2026,32,ST03,Trend,SV1055,ACT,Activewear,Activewear,,,,,,,,,,6980,8.8509,0,0,1,7,0,0,0,,,,,0.35,-2.1,0.9,0.35,,Swimwear,Swimwear bottom,,244,Ember Legging,Bengaluru · Indiranagar,2917,Surat Textile Mills,0.73,0.05456749443744185,2.364772333437577,9,0,59,50,0,6443,13265.386
styleverse,styleverse,2026-08-10,2026,32,ST03,Trend,SV1056,BAS,Basics,Basics,,,,,,,,,,6240,8.7389,0,0,1,7,0,0,0,,,,,0.2,-1.2,0.82,0.2,,Jersey Fancy,Trousers,,245,Bramble Oxford Shirt,Bengaluru · Indiranagar,3137,Tirupur Knits,0.94,0.1103435317428238,1.5337444306002,14,8,34,20,0,50459,14752.2
styleverse,styleverse,2026-08-10,2026,32,ST03,Trend,SV1057,OUT,Outerwear,Outerwear,,,,,,,,,,3010,8.01,0,0,1,7,0,0,0,,,,,0.42,-1.6,1.35,0.42,,Outdoor,Jacket,,246,Nomad Trench,Bengaluru · Indiranagar,1094,Ludhiana Woollens,0.81,0.6791874150681991,1.548779819358606,18,9,63,45,0,5810,11186.631
styleverse,styleverse,2026-08-10,2026,32,ST03,Trend,SV1058,DEN,Denim,Denim,,,,,,,,,,890,6.7923,0,0,1,7,0,0,0,,,,,0.3,-1.9,1.05,0.3,,Trousers Denim,Trousers,,247,Quill Denim Jacket,Bengaluru · Indiranagar,396,Noida Apparel Park,0.88,0.0004442486086063171,2.191100384132005,23,0,34,11,0,3100,15158.13
styleverse,styleverse,2026-08-10,2026,32,ST03,Trend,SV1059,KNT,Knitwear,Knitwear,,,,,,,,,,7730,8.953,0,0,1,7,0,0,0,,,,,0.38,-1.7,1.28,0.38,,Knitwear,Sweater,,248,Terra Cardigan,Bengaluru · Indiranagar,3994,Bengaluru Cut & Sew,0.91,0.258946915839418,1.879952940181829,21,9,40,19,0,7462,11410.411
styleverse,styleverse,2026-08-10,2026,32,ST03,Trend,SV1060,DRS,Dresses,Dresses,,,,,,,,,,7740,8.9543,0,0,1,7,0,0,0,,,,,0.46,-2.4,0.88,0.46,,Dresses Ladies,Dress,,249,Vane Wrap Dress,Bengaluru · Indiranagar,2751,Surat Textile Mills,0.73,0.2466741816975533,2.255318588833325,18,0,37,19,0,13648,11257.66
styleverse,styleverse,2026-08-10,2026,32,ST03,Trend,SV1061,FTW,Footwear,Footwear,,,,,,,,,,720,6.5806,0,0,1,7,0,0,0,,,,,0.28,-1.5,1.02,0.28,,Shoes,Sneakers,,250,Ridge Loafer,Bengaluru · Indiranagar,353,Tirupur Knits,0.94,0.0568518042423005,0.4814065671758726,2,3,11,9,0,5336,15555.793
styleverse,styleverse,2026-08-10,2026,32,ST03,Trend,SV1062,ACC,Accessories,Accessories,,,,,,,,,,7580,8.9334,0,0,1,7,0,0,0,,,,,0.5,-2.6,0.95,0.5,,Accessories,Socks,,251,Halcyon Leather Belt,Bengaluru · Indiranagar,3157,Ludhiana Woollens,0.81,0.5674489934166798,0.6221197694190778,4,3,13,9,0,13284,12043.621
styleverse,styleverse,2026-08-10,2026,32,ST03,Trend,SV1063,ACT,Activewear,Activewear,,,,,,,,,,7130,8.8722,0,0,1,7,0,0,0,,,,,0.35,-2.1,0.9,0.35,,Swimwear,Swimwear bottom,,252,Marlow Training Tee,Bengaluru · Indiranagar,3694,Noida Apparel Park,0.88,0.2998890134922212,0.8408930444507859,4,0,13,9,0,6443,13265.386
styleverse,styleverse,2026-08-10,2026,32,ST03,Trend,SV1064,BAS,Basics,Basics,,,,,,,,,,6170,8.7276,0,0,1,7,0,0,0,,,,,0.2,-1.2,0.82,0.2,,Jersey Fancy,Trousers,,253,Vesper Pocket Tee,Bengaluru · Indiranagar,2913,Bengaluru Cut & Sew,0.91,0.3304141741215317,1.860736350610387,28,0,42,14,0,50459,14752.2
styleverse,styleverse,2026-08-10,2026,32,ST03,Trend,SV1065,OUT,Outerwear,Outerwear,,,,,,,,,,4260,8.3573,0,0,1,7,0,0,0,,,,,0.42,-1.6,1.35,0.42,,Outdoor,Jacket,,254,Cadence Puffer,Bengaluru · Indiranagar,1913,Surat Textile Mills,0.73,0.3824288552200608,2.414744753472041,36,0,48,12,0,5810,11186.631
styleverse,styleverse,2026-08-10,2026,32,ST03,Trend,SV1066,DEN,Denim,Denim,,,,,,,,,,3770,8.2351,0,0,1,7,0,0,0,,,,,0.3,-1.9,1.05,0.3,,Trousers Denim,Trousers,,255,Orbit Slim Jean,Bengaluru · Indiranagar,1664,Tirupur Knits,0.94,0.004983896916865459,0.4804003967088647,1,0,9,8,0,3100,15081.678
styleverse,styleverse,2026-08-10,2026,32,ST03,Trend,SV1067,KNT,Knitwear,Knitwear,,,,,,,,,,1110,7.013,0,0,1,7,0,0,0,,,,,0.38,-1.7,1.28,0.38,,Knitwear,Sweater,,256,Linden Roll Neck,Bengaluru · Indiranagar,570,Ludhiana Woollens,0.81,0.01557002559334403,2.406669184239581,15,0,58,43,0,7462,11505.053
styleverse,styleverse,2026-08-10,2026,32,ST03,Trend,SV1068,DRS,Dresses,Dresses,,,,,,,,,,7540,8.9281,0,0,1,7,0,0,0,,,,,0.46,-2.4,0.88,0.46,,Dresses Ladies,Dress,,257,Sable Slip Dress,Bengaluru · Indiranagar,3626,Noida Apparel Park,0.88,0.909407156974846,1.008846410980914,2,0,13,11,0,13648,11257.66
styleverse,styleverse,2026-08-10,2026,32,ST03,Trend,SV1069,FTW,Footwear,Footwear,,,,,,,,,,4980,8.5134,0,0,1,7,0,0,0,,,,,0.28,-1.5,1.02,0.28,,Shoes,Sneakers,,258,Frost Chelsea Boot,Bengaluru · Indiranagar,1958,Bengaluru Cut & Sew,0.91,0.4408803308759775,0.8281039439258165,4,0,9,5,0,5336,15464.555
styleverse,styleverse,2026-08-10,2026,32,ST03,Trend,SV1070,ACC,Accessories,Accessories,,,,,,,,,,6880,8.8365,0,0,1,7,0,0,0,,,,,0.5,-2.6,0.95,0.5,,Accessories,Socks,,259,Kite Tote,Bengaluru · Indiranagar,3510,Surat Textile Mills,0.73,0.136824620106726,2.520019435696304,13,0,39,26,0,13284,12043.621
styleverse,styleverse,2026-08-10,2026,32,ST03,Trend,SV1071,ACT,Activewear,Activewear,,,,,,,,,,1270,7.1476,0,0,1,7,0,0,0,,,,,0.35,-2.1,0.9,0.35,,Swimwear,Swimwear bottom,,260,Juniper Track Pant,Bengaluru · Indiranagar,606,Tirupur Knits,0.94,0.01601753949250654,1.522598491131794,10,0,23,13,0,6443,13273.388
styleverse,styleverse,2026-08-10,2026,32,ST03,Trend,SV1072,BAS,Basics,Basics,,,,,,,,,,4430,8.3964,0,0,1,7,0,0,0,,,,,0.2,-1.2,0.82,0.2,,Jersey Fancy,Trousers,,261,Atlas Chino,Bengaluru · Indiranagar,1943,Ludhiana Woollens,0.81,0.4360671361412766,1.231972052098718,7,0,15,8,0,50459,14752.2
styleverse,styleverse,2026-08-10,2026,32,ST03,Trend,SV1073,OUT,Outerwear,Outerwear,,,,,,,,,,2080,7.6406,0,0,1,7,0,0,0,,,,,0.42,-1.6,1.35,0.42,,Outdoor,Jacket,,262,Wren Parka,Bengaluru · Indiranagar,747,Noida Apparel Park,0.88,0.2767021793360135,2.323728581215255,19,0,92,73,0,5810,11224.008
styleverse,styleverse,2026-08-10,2026,32,ST03,Trend,SV1074,DEN,Denim,Denim,,,,,,,,,,7750,8.9556,0,0,1,7,0,0,0,,,,,0.3,-1.9,1.05,0.3,,Trousers Denim,Trousers,,263,Solstice Straight Jean,Bengaluru · Indiranagar,3393,Bengaluru Cut & Sew,0.91,0.08878007604754459,1.483006234129425,19,10,32,13,0,3100,15081.678
styleverse,styleverse,2026-08-10,2026,32,ST03,Trend,SV1075,KNT,Knitwear,Knitwear,,,,,,,,,,3560,8.1778,0,0,1,7,0,0,0,,,,,0.38,-1.7,1.28,0.38,,Knitwear,Sweater,,264,Ember Crew Sweater,Bengaluru · Indiranagar,1718,Surat Textile Mills,0.73,0.1386092397122004,1.974883440788835,18,0,43,25,0,7462,11410.411
styleverse,styleverse,2026-08-10,2026,32,ST03,Trend,SV1076,DRS,Dresses,Dresses,,,,,,,,,,3570,8.1806,0,0,1,7,0,0,0,,,,,0.46,-2.4,0.88,0.46,,Dresses Ladies,Dress,,265,Bramble Midi Dress,Bengaluru · Indiranagar,1457,Tirupur Knits,0.94,0.2422264629855932,0.7405152785591781,5,0,9,4,0,13648,11257.66
styleverse,styleverse,2026-08-10,2026,32,ST03,Trend,SV1077,FTW,Footwear,Footwear,,,,,,,,,,5840,8.6727,0,0,1,7,0,0,0,,,,,0.28,-1.5,1.02,0.28,,Shoes,Sneakers,,266,Nomad Sneaker,Bengaluru · Indiranagar,2864,Ludhiana Woollens,0.81,0.10330061976831,2.416477797343396,23,0,48,25,0,5336,15464.555
styleverse,styleverse,2026-08-10,2026,32,ST03,Trend,SV1078,ACC,Accessories,Accessories,,,,,,,,,,1190,7.0825,0,0,1,7,0,0,0,,,,,0.5,-2.6,0.95,0.5,,Accessories,Socks,,267,Quill Wool Scarf,Bengaluru · Indiranagar,443,Noida Apparel Park,0.88,0.373888154387841,1.693079524289351,16,0,30,14,0,13284,12074.277
styleverse,styleverse,2026-08-10,2026,32,ST03,Trend,SV1079,ACT,Activewear,Activewear,,,,,,,,,,4570,8.4275,0,0,1,7,0,0,0,,,,,0.35,-2.1,0.9,0.35,,Swimwear,Swimwear bottom,,268,Terra Legging,Bengaluru · Indiranagar,1767,Bengaluru Cut & Sew,0.91,0.08671028666845525,2.156171307805926,20,0,30,10,0,6443,13265.386
styleverse,styleverse,2026-08-10,2026,32,ST03,Trend,SV1080,BAS,Basics,Basics,,,,,,,,,,2950,7.9899,0,0,1,7,0,0,0,,,,,0.2,-1.2,0.82,0.2,,Jersey Fancy,Trousers,,269,Vane Oxford Shirt,Bengaluru · Indiranagar,1283,Surat Textile Mills,0.73,0.04884635464280715,0.64455648973817,7,0,12,5,0,50459,14752.2
styleverse,styleverse,2026-08-10,2026,32,ST03,Trend,SV1081,OUT,Outerwear,Outerwear,,,,,,,,,,4990,8.5154,0,0,1,7,0,0,0,,,,,0.42,-1.6,1.35,0.42,,Outdoor,Jacket,,270,Ridge Trench,Bengaluru · Indiranagar,2311,Tirupur Knits,0.94,0.9287739378302152,0.5369263643748127,12,0,15,3,0,5810,11186.631
styleverse,styleverse,2026-08-10,2026,32,ST03,Trend,SV1082,DEN,Denim,Denim,,,,,,,,,,730,6.5944,0,0,1,7,0,0,0,,,,,0.3,-1.9,1.05,0.3,,Trousers Denim,Trousers,,271,Halcyon Denim Jacket,Bengaluru · Indiranagar,292,Ludhiana Woollens,0.81,0.5100741527779509,1.192133984260727,7,0,21,14,0,3100,15167.76
styleverse,styleverse,2026-08-10,2026,32,ST03,Trend,SV1083,KNT,Knitwear,Knitwear,,,,,,,,,,7550,8.9294,0,0,1,7,0,0,0,,,,,0.38,-1.7,1.28,0.38,,Knitwear,Sweater,,272,Marlow Cardigan,Bengaluru · Indiranagar,3052,Noida Apparel Park,0.88,0.0007357902348707216,1.946573286224157,39,0,66,27,0,7462,11410.411
styleverse,styleverse,2026-08-10,2026,32,ST03,Trend,SV1084,DRS,Dresses,Dresses,,,,,,,,,,5790,8.6641,0,0,1,7,0,0,0,,,,,0.46,-2.4,0.88,0.46,,Dresses Ladies,Dress,,273,Vesper Wrap Dress,Bengaluru · Indiranagar,2773,Bengaluru Cut & Sew,0.91,0.0005611510406343915,2.297405374085065,4,0,24,20,0,13648,11257.66
styleverse,styleverse,2026-08-10,2026,32,ST03,Trend,SV1085,FTW,Footwear,Footwear,,,,,,,,,,7480,8.9201,0,0,1,7,0,0,0,,,,,0.28,-1.5,1.02,0.28,,Shoes,Sneakers,,274,Cadence Loafer,Bengaluru · Indiranagar,3572,Surat Textile Mills,0.73,0.03855127980870929,1.759503437811509,8,0,36,28,0,5336,15464.555
styleverse,styleverse,2026-08-10,2026,32,ST03,Trend,SV1086,ACC,Accessories,Accessories,,,,,,,,,,720,6.5806,0,0,1,7,0,0,0,,,,,0.5,-2.6,0.95,0.5,,Accessories,Socks,,275,Orbit Leather Belt,Bengaluru · Indiranagar,329,Tirupur Knits,0.94,0.2184562591442348,1.241997508180793,8,0,29,21,0,13284,12125.441
styleverse,styleverse,2026-08-10,2026,32,ST03,Trend,SV1087,ACT,Activewear,Activewear,,,,,,,,,,6900,8.8394,0,0,1,7,0,0,0,,,,,0.35,-2.1,0.9,0.35,,Swimwear,Swimwear bottom,,276,Linden Training Tee,Bengaluru · Indiranagar,3442,Ludhiana Woollens,0.81,0.7639314784653447,1.379480650788173,6,0,25,19,0,6443,13265.386
styleverse,styleverse,2026-08-10,2026,32,ST03,Trend,SV1088,BAS,Basics,Basics,,,,,,,,,,7050,8.8609,0,0,1,7,0,0,0,,,,,0.2,-1.2,0.82,0.2,,Jersey Fancy,Trousers,,277,Sable Pocket Tee,Bengaluru · Indiranagar,3201,Noida Apparel Park,0.88,0.01622694992155091,0.8353109819232486,2,0,10,8,0,50459,14752.2
styleverse,styleverse,2026-08-10,2026,32,ST03,Trend,SV1089,OUT,Outerwear,Outerwear,,,,,,,,,,4010,8.2968,0,0,1,7,0,0,0,,,,,0.42,-1.6,1.35,0.42,,Outdoor,Jacket,,278,Frost Puffer,Bengaluru · Indiranagar,1601,Bengaluru Cut & Sew,0.91,0.002312112545000055,1.895861339778639,58,9,84,26,0,5810,11186.631
styleverse,styleverse,2026-08-10,2026,32,ST03,Trend,SV1090,DEN,Denim,Denim,,,,,,,,,,4010,8.2968,0,0,1,7,0,0,0,,,,,0.3,-1.9,1.05,0.3,,Trousers Denim,Trousers,,279,Kite Slim Jean,Bengaluru · Indiranagar,1379,Surat Textile Mills,0.73,0.4502396242815292,1.537483650515787,9,12,24,15,0,3100,15081.678
styleverse,styleverse,2026-08-10,2026,32,ST03,Trend,SV1091,KNT,Knitwear,Knitwear,,,,,,,,,,2590,7.8598,0,0,1,7,0,0,0,,,,,0.38,-1.7,1.28,0.38,,Knitwear,Sweater,,280,Juniper Roll Neck,Bengaluru · Indiranagar,957,Tirupur Knits,0.94,0.643793669042698,1.545455432927702,6,0,38,32,0,7462,11420.743
styleverse,styleverse,2026-08-10,2026,32,ST03,Trend,SV1092,DRS,Dresses,Dresses,,,,,,,,,,2990,8.0034,0,0,1,7,0,0,0,,,,,0.46,-2.4,0.88,0.46,,Dresses Ladies,Dress,,281,Atlas Slip Dress,Bengaluru · Indiranagar,1538,Ludhiana Woollens,0.81,0.4671161643327494,1.063668687676545,11,0,27,16,0,13648,11257.66
styleverse,styleverse,2026-08-10,2026,32,ST03,Trend,SV1093,FTW,Footwear,Footwear,,,,,,,,,,4960,8.5094,0,0,1,7,0,0,0,,,,,0.28,-1.5,1.02,0.28,,Shoes,Sneakers,,282,Wren Chelsea Boot,Bengaluru · Indiranagar,1707,Noida Apparel Park,0.88,0.06849265459445182,1.409061137784738,32,0,40,8,0,5336,15464.555
styleverse,styleverse,2026-08-10,2026,32,ST03,Trend,SV1094,ACC,Accessories,Accessories,,,,,,,,,,2620,7.8713,0,0,1,7,0,0,0,,,,,0.5,-2.6,0.95,0.5,,Accessories,Socks,,283,Solstice Tote,Bengaluru · Indiranagar,1227,Bengaluru Cut & Sew,0.91,0.6166618806114095,2.034362682455685,8,0,32,24,0,13284,12053.953
styleverse,styleverse,2026-08-10,2026,32,ST03,Trend,SV1095,ACT,Activewear,Activewear,,,,,,,,,,2350,7.7626,0,0,1,7,0,0,0,,,,,0.35,-2.1,0.9,0.35,,Swimwear,Swimwear bottom,,284,Ember Track Pant,Bengaluru · Indiranagar,923,Surat Textile Mills,0.73,0.04821345073186504,1.449043303634971,12,8,23,11,0,6443,13275.718
styleverse,styleverse,2026-08-10,2026,32,ST03,Trend,SV1096,BAS,Basics,Basics,,,,,,,,,,860,6.7581,0,0,1,7,0,0,0,,,,,0.2,-1.2,0.82,0.2,,Jersey Fancy,Trousers,,285,Bramble Chino,Bengaluru · Indiranagar,330,Tirupur Knits,0.94,0.3597012292967132,2.482433456892613,9,7,42,33,0,50459,14855.627
styleverse,styleverse,2026-08-10,2026,32,ST03,Trend,SV1097,OUT,Outerwear,Outerwear,,,,,,,,,,2430,7.7961,0,0,1,7,0,0,0,,,,,0.42,-1.6,1.35,0.42,,Outdoor,Jacket,,286,Nomad Parka,Bengaluru · Indiranagar,1249,Ludhiana Woollens,0.81,0.01760374891013752,1.246017925231718,41,0,53,12,0,5810,11196.963
styleverse,styleverse,2026-08-10,2026,32,ST03,Trend,SV1098,DEN,Denim,Denim,,,,,,,,,,5260,8.5681,0,0,1,7,0,0,0,,,,,0.3,-1.9,1.05,0.3,,Trousers Denim,Trousers,,287,Quill Straight Jean,Bengaluru · Indiranagar,2325,Noida Apparel Park,0.88,0.03626853458267992,1.974982425302733,10,0,31,21,0,3100,15081.678
styleverse,styleverse,2026-08-10,2026,32,ST03,Trend,SV1099,KNT,Knitwear,Knitwear,,,,,,,,,,1530,7.3337,0,0,1,7,0,0,0,,,,,0.38,-1.7,1.28,0.38,,Knitwear,Sweater,,288,Terra Crew Sweater,Bengaluru · Indiranagar,538,Bengaluru Cut & Sew,0.91,0.001294333175926447,0.6112819288042374,8,0,10,2,0,7462,11451.583
styleverse,styleverse,2026-08-10,2026,32,ST03,Trend,SV1100,DRS,Dresses,Dresses,,,,,,,,,,5720,8.6519,0,0,1,7,0,0,0,,,,,0.46,-2.4,0.88,0.46,,Dresses Ladies,Dress,,289,Vane Midi Dress,Bengaluru · Indiranagar,2384,Surat Textile Mills,0.73,0.4859671978736997,1.306965873832814,9,0,19,10,0,13648,11257.66
styleverse,styleverse,2026-08-10,2026,32,ST04,Trend,SV1001,OUT,Outerwear,Outerwear,,,,,,,,,,2680,7.8939,0,0,1,7,0,0,0,,,,,0.42,-1.6,1.35,0.42,,Outdoor,Jacket,,290,Ridge Parka,Hyderabad · Banjara Hills,1173,Tirupur Knits,0.94,0.5843617511401088,1.378171070618555,12,13,26,14,0,5810,11196.963
styleverse,styleverse,2026-08-10,2026,32,ST04,Trend,SV1002,DEN,Denim,Denim,,,,,,,,,,4610,8.4362,0,0,1,7,0,0,0,,,,,0.3,-1.9,1.05,0.3,,Trousers Denim,Trousers,,291,Halcyon Straight Jean,Hyderabad · Banjara Hills,1972,Ludhiana Woollens,0.81,0.0831227490959891,1.841171421192121,3,0,26,23,0,3100,15081.678
styleverse,styleverse,2026-08-10,2026,32,ST04,Trend,SV1003,KNT,Knitwear,Knitwear,,,,,,,,,,4400,8.3896,0,0,1,7,0,0,0,,,,,0.38,-1.7,1.28,0.38,,Knitwear,Sweater,,292,Marlow Crew Sweater,Hyderabad · Banjara Hills,1564,Noida Apparel Park,0.88,0.1810419825517486,0.3812452738871798,2,0,5,3,0,7462,11410.411
styleverse,styleverse,2026-08-10,2026,32,ST04,Trend,SV1004,DRS,Dresses,Dresses,,,,,,,,,,6960,8.8481,0,0,1,7,0,0,0,,,,,0.46,-2.4,0.88,0.46,,Dresses Ladies,Dress,,293,Vesper Midi Dress,Hyderabad · Banjara Hills,2727,Bengaluru Cut & Sew,0.91,0.07573628524851254,0.6613548761466518,8,0,10,2,0,13648,11257.66
styleverse,styleverse,2026-08-10,2026,32,ST04,Trend,SV1005,FTW,Footwear,Footwear,,,,,,,,,,5170,8.5508,0,0,1,7,0,0,0,,,,,0.28,-1.5,1.02,0.28,,Shoes,Sneakers,,294,Cadence Sneaker,Hyderabad · Banjara Hills,2124,Surat Textile Mills,0.73,0.2141044805676707,1.488332889066078,25,0,37,12,0,5336,15464.555
styleverse,styleverse,2026-08-10,2026,32,ST04,Trend,SV1006,ACC,Accessories,Accessories,,,,,,,,,,2580,7.8559,0,0,1,7,0,0,0,,,,,0.5,-2.6,0.95,0.5,,Accessories,Socks,,295,Orbit Wool Scarf,Hyderabad · Banjara Hills,898,Tirupur Knits,0.94,0.0005917971634623065,0.8234393561375327,4,0,17,13,0,13284,12053.953
styleverse,styleverse,2026-08-10,2026,32,ST04,Trend,SV1007,ACT,Activewear,Activewear,,,,,,,,,,6710,8.8115,0,0,1,7,0,0,0,,,,,0.35,-2.1,0.9,0.35,,Swimwear,Swimwear bottom,,296,Linden Legging,Hyderabad · Banjara Hills,2439,Ludhiana Woollens,0.81,0.6777078019342075,0.9387907859287224,6,0,10,4,0,6443,13265.386
styleverse,styleverse,2026-08-10,2026,32,ST04,Trend,SV1008,BAS,Basics,Basics,,,,,,,,,,7640,8.9413,0,0,1,7,0,0,0,,,,,0.2,-1.2,0.82,0.2,,Jersey Fancy,Trousers,,297,Sable Oxford Shirt,Hyderabad · Banjara Hills,3332,Noida Apparel Park,0.88,0.7771817858091377,1.853309070249088,26,0,46,20,0,50459,14752.2
styleverse,styleverse,2026-08-10,2026,32,ST04,Trend,SV1009,OUT,Outerwear,Outerwear,,,,,,,,,,3880,8.2638,0,0,1,7,0,0,0,,,,,0.42,-1.6,1.35,0.42,,Outdoor,Jacket,,298,Frost Trench,Hyderabad · Banjara Hills,1398,Bengaluru Cut & Sew,0.91,0.3563938032865699,1.289053673413582,7,0,18,11,0,5810,11186.631
styleverse,styleverse,2026-08-10,2026,32,ST04,Trend,SV1010,DEN,Denim,Denim,,,,,,,,,,910,6.8145,0,0,1,7,0,0,0,,,,,0.3,-1.9,1.05,0.3,,Trousers Denim,Trousers,,299,Kite Denim Jacket,Hyderabad · Banjara Hills,467,Surat Textile Mills,0.73,0.5993439873992962,2.595437742676586,29,0,41,12,0,3100,15158.13
styleverse,styleverse,2026-08-10,2026,32,ST04,Trend,SV1011,KNT,Knitwear,Knitwear,,,,,,,,,,2590,7.8598,0,0,1,7,0,0,0,,,,,0.38,-1.7,1.28,0.38,,Knitwear,Sweater,,300,Juniper Cardigan,Hyderabad · Banjara Hills,1081,Tirupur Knits,0.94,0.911053318813002,1.221256928832736,10,0,47,37,0,7462,11420.743
styleverse,styleverse,2026-08-10,2026,32,ST04,Trend,SV1012,DRS,Dresses,Dresses,,,,,,,,,,5650,8.6396,0,0,1,7,0,0,0,,,,,0.46,-2.4,0.88,0.46,,Dresses Ladies,Dress,,301,Atlas Wrap Dress,Hyderabad · Banjara Hills,2733,Ludhiana Woollens,0.81,0.0428499994319462,0.855760169646237,5,0,9,4,0,13648,11257.66
styleverse,styleverse,2026-08-10,2026,32,ST04,Trend,SV1013,FTW,Footwear,Footwear,,,,,,,,,,3410,8.1348,0,0,1,7,0,0,0,,,,,0.28,-1.5,1.02,0.28,,Shoes,Sneakers,,302,Wren Loafer,Hyderabad · Banjara Hills,1396,Noida Apparel Park,0.88,0.0002117384920995118,2.506510979286395,17,0,44,27,0,5336,15464.555
styleverse,styleverse,2026-08-10,2026,32,ST04,Trend,SV1014,ACC,Accessories,Accessories,,,,,,,,,,1230,7.1156,0,0,1,7,0,0,0,,,,,0.5,-2.6,0.95,0.5,,Accessories,Socks,,303,Solstice Leather Belt,Hyderabad · Banjara Hills,545,Bengaluru Cut & Sew,0.91,0.6239036785591954,2.244067377375905,11,3,26,15,0,13284,12074.277
styleverse,styleverse,2026-08-10,2026,32,ST04,Trend,SV1015,ACT,Activewear,Activewear,,,,,,,,,,1280,7.1554,0,0,1,7,0,0,0,,,,,0.35,-2.1,0.9,0.35,,Swimwear,Swimwear bottom,,304,Ember Training Tee,Hyderabad · Banjara Hills,568,Surat Textile Mills,0.73,0.06491628351413166,2.102367372624576,20,0,28,8,0,6443,13273.388
styleverse,styleverse,2026-08-10,2026,32,ST04,Trend,SV1016,BAS,Basics,Basics,,,,,,,,,,4210,8.3455,0,0,1,7,0,0,0,,,,,0.2,-1.2,0.82,0.2,,Jersey Fancy,Trousers,,305,Bramble Pocket Tee,Hyderabad · Banjara Hills,1547,Tirupur Knits,0.94,0.0139571064731684,1.915859303984325,14,0,39,25,0,50459,14752.2
styleverse,styleverse,2026-08-10,2026,32,ST04,Trend,SV1017,OUT,Outerwear,Outerwear,,,,,,,,,,2220,7.7057,0,0,1,7,0,0,0,,,,,0.42,-1.6,1.35,0.42,,Outdoor,Jacket,,306,Nomad Puffer,Hyderabad · Banjara Hills,849,Ludhiana Woollens,0.81,0.6679093631096121,1.47514378526248,35,14,56,21,0,5810,11196.963
styleverse,styleverse,2026-08-10,2026,32,ST04,Trend,SV1018,DEN,Denim,Denim,,,,,,,,,,1450,7.28,0,0,1,7,0,0,0,,,,,0.3,-1.9,1.05,0.3,,Trousers Denim,Trousers,,307,Quill Slim Jean,Hyderabad · Banjara Hills,586,Noida Apparel Park,0.88,0.5075091499437202,0.5062996791326441,2,0,7,5,0,3100,15105.823
styleverse,styleverse,2026-08-10,2026,32,ST04,Trend,SV1019,KNT,Knitwear,Knitwear,,,,,,,,,,7240,8.8875,0,0,1,7,0,0,0,,,,,0.38,-1.7,1.28,0.38,,Knitwear,Sweater,,308,Terra Roll Neck,Hyderabad · Banjara Hills,3204,Bengaluru Cut & Sew,0.91,0.1478988347691275,1.714949633716606,8,0,26,18,0,7462,11410.411
styleverse,styleverse,2026-08-10,2026,32,ST04,Trend,SV1020,DRS,Dresses,Dresses,,,,,,,,,,7230,8.8861,0,0,1,7,0,0,0,,,,,0.46,-2.4,0.88,0.46,,Dresses Ladies,Dress,,309,Vane Slip Dress,Hyderabad · Banjara Hills,2926,Surat Textile Mills,0.73,0.05661177127313656,1.094529892806895,3,0,9,6,0,13648,11257.66
styleverse,styleverse,2026-08-10,2026,32,ST04,Trend,SV1021,FTW,Footwear,Footwear,,,,,,,,,,5000,8.5174,0,0,1,7,0,0,0,,,,,0.28,-1.5,1.02,0.28,,Shoes,Sneakers,,310,Ridge Chelsea Boot,Hyderabad · Banjara Hills,1795,Tirupur Knits,0.94,0.4290058160073141,1.581815651641227,19,0,29,10,0,5336,15464.555
styleverse,styleverse,2026-08-10,2026,32,ST04,Trend,SV1022,ACC,Accessories,Accessories,,,,,,,,,,3380,8.1259,0,0,1,7,0,0,0,,,,,0.5,-2.6,0.95,0.5,,Accessories,Socks,,311,Halcyon Tote,Hyderabad · Banjara Hills,1740,Ludhiana Woollens,0.81,0.103096471620797,1.787876601761673,14,0,33,19,0,13284,12043.621
styleverse,styleverse,2026-08-10,2026,32,ST04,Trend,SV1023,ACT,Activewear,Activewear,,,,,,,,,,1960,7.5812,0,0,1,7,0,0,0,,,,,0.35,-2.1,0.9,0.35,,Swimwear,Swimwear bottom,,312,Marlow Track Pant,Hyderabad · Banjara Hills,940,Noida Apparel Park,0.88,0.8819855173897383,0.6473778456798754,5,0,10,5,0,6443,13302.761
styleverse,styleverse,2026-08-10,2026,32,ST04,Trend,SV1024,BAS,Basics,Basics,,,,,,,,,,7820,8.9646,0,0,1,7,0,0,0,,,,,0.2,-1.2,0.82,0.2,,Jersey Fancy,Trousers,,313,Vesper Chino,Hyderabad · Banjara Hills,3954,Bengaluru Cut & Sew,0.91,0.1886594676608668,0.3750831758021377,3,0,5,2,0,50459,14752.2
styleverse,styleverse,2026-08-10,2026,32,ST04,Trend,SV1025,OUT,Outerwear,Outerwear,,,,,,,,,,7150,8.875,0,0,1,7,0,0,0,,,,,0.42,-1.6,1.35,0.42,,Outdoor,Jacket,,314,Cadence Parka,Hyderabad · Banjara Hills,3127,Surat Textile Mills,0.73,0.2574549159683532,0.9658180053462274,17,3,23,6,0,5810,11186.631
styleverse,styleverse,2026-08-10,2026,32,ST04,Trend,SV1026,DEN,Denim,Denim,,,,,,,,,,5640,8.6378,0,0,1,7,0,0,0,,,,,0.3,-1.9,1.05,0.3,,Trousers Denim,Trousers,,315,Orbit Straight Jean,Hyderabad · Banjara Hills,2601,Tirupur Knits,0.94,0.4172072544692536,0.3790792114683427,3,0,4,1,0,3100,15081.678
styleverse,styleverse,2026-08-10,2026,32,ST04,Trend,SV1027,KNT,Knitwear,Knitwear,,,,,,,,,,2790,7.9342,0,0,1,7,0,0,0,,,,,0.38,-1.7,1.28,0.38,,Knitwear,Sweater,,316,Linden Crew Sweater,Hyderabad · Banjara Hills,1201,Ludhiana Woollens,0.81,0.06038791488429402,1.232249751361087,3,0,15,12,0,7462,11420.743
styleverse,styleverse,2026-08-10,2026,32,ST04,Trend,SV1028,DRS,Dresses,Dresses,,,,,,,,,,5380,8.5906,0,0,1,7,0,0,0,,,,,0.46,-2.4,0.88,0.46,,Dresses Ladies,Dress,,317,Sable Midi Dress,Hyderabad · Banjara Hills,2211,Noida Apparel Park,0.88,0.03173810594638732,0.9808481386513449,11,0,19,8,0,13648,11257.66
styleverse,styleverse,2026-08-10,2026,32,ST04,Trend,SV1029,FTW,Footwear,Footwear,,,,,,,,,,5920,8.6863,0,0,1,7,0,0,0,,,,,0.28,-1.5,1.02,0.28,,Shoes,Sneakers,,318,Frost Sneaker,Hyderabad · Banjara Hills,2105,Bengaluru Cut & Sew,0.91,0.3808204898068962,1.196133396262303,6,0,14,8,0,5336,15464.555
styleverse,styleverse,2026-08-10,2026,32,ST04,Trend,SV1030,ACC,Accessories,Accessories,,,,,,,,,,3310,8.105,0,0,1,7,0,0,0,,,,,0.5,-2.6,0.95,0.5,,Accessories,Socks,,319,Kite Wool Scarf,Hyderabad · Banjara Hills,1550,Surat Textile Mills,0.73,0.4458575688084878,1.521477649419103,9,0,19,10,0,13284,12043.621
styleverse,styleverse,2026-08-10,2026,32,ST04,Trend,SV1031,ACT,Activewear,Activewear,,,,,,,,,,6210,8.7341,0,0,1,7,0,0,0,,,,,0.35,-2.1,0.9,0.35,,Swimwear,Swimwear bottom,,320,Juniper Legging,Hyderabad · Banjara Hills,2362,Tirupur Knits,0.94,0.6996765068041628,0.4206265164772048,4,0,5,1,0,6443,13265.386
styleverse,styleverse,2026-08-10,2026,32,ST04,Trend,SV1032,BAS,Basics,Basics,,,,,,,,,,3390,8.1289,0,0,1,7,0,0,0,,,,,0.2,-1.2,0.82,0.2,,Jersey Fancy,Trousers,,321,Atlas Oxford Shirt,Hyderabad · Banjara Hills,1756,Ludhiana Woollens,0.81,0.03165193639782208,2.296161732252222,5,0,17,12,0,50459,14752.2
styleverse,styleverse,2026-08-10,2026,32,ST04,Trend,SV1033,OUT,Outerwear,Outerwear,,,,,,,,,,6710,8.8115,0,0,1,7,0,0,0,,,,,0.42,-1.6,1.35,0.42,,Outdoor,Jacket,,322,Wren Trench,Hyderabad · Banjara Hills,2747,Noida Apparel Park,0.88,0.8380902445171179,2.129366399510764,40,0,59,19,0,5810,11186.631
styleverse,styleverse,2026-08-10,2026,32,ST04,Trend,SV1034,DEN,Denim,Denim,,,,,,,,,,1510,7.3205,0,0,1,7,0,0,0,,,,,0.3,-1.9,1.05,0.3,,Trousers Denim,Trousers,,323,Solstice Denim Jacket,Hyderabad · Banjara Hills,567,Bengaluru Cut & Sew,0.91,0.1214740741986566,1.105977274850011,3,9,23,20,0,3100,15105.823
styleverse,styleverse,2026-08-10,2026,32,ST04,Trend,SV1035,KNT,Knitwear,Knitwear,,,,,,,,,,2380,7.7753,0,0,1,7,0,0,0,,,,,0.38,-1.7,1.28,0.38,,Knitwear,Sweater,,324,Ember Cardigan,Hyderabad · Banjara Hills,1068,Surat Textile Mills,0.73,0.2648020564726302,1.840806051413529,21,0,38,17,0,7462,11420.743
styleverse,styleverse,2026-08-10,2026,32,ST04,Trend,SV1036,DRS,Dresses,Dresses,,,,,,,,,,7260,8.8903,0,0,1,7,0,0,0,,,,,0.46,-2.4,0.88,0.46,,Dresses Ladies,Dress,,325,Bramble Wrap Dress,Hyderabad · Banjara Hills,2544,Tirupur Knits,0.94,0.1809163522028074,1.586408562108409,22,8,40,18,0,13648,11257.66
styleverse,styleverse,2026-08-10,2026,32,ST04,Trend,SV1037,FTW,Footwear,Footwear,,,,,,,,,,2830,7.9484,0,0,1,7,0,0,0,,,,,0.28,-1.5,1.02,0.28,,Shoes,Sneakers,,326,Nomad Loafer,Hyderabad · Banjara Hills,1262,Ludhiana Woollens,0.81,0.2090252379471189,1.250297783140559,10,0,20,10,0,5336,15474.887
styleverse,styleverse,2026-08-10,2026,32,ST04,Trend,SV1038,ACC,Accessories,Accessories,,,,,,,,,,3060,8.0265,0,0,1,7,0,0,0,,,,,0.5,-2.6,0.95,0.5,,Accessories,Socks,,327,Quill Leather Belt,Hyderabad · Banjara Hills,1445,Noida Apparel Park,0.88,0.007393202186208772,0.5876451939344406,1,2,12,11,0,13284,12043.621
styleverse,styleverse,2026-08-10,2026,32,ST04,Trend,SV1039,ACT,Activewear,Activewear,,,,,,,,,,6670,8.8055,0,0,1,7,0,0,0,,,,,0.35,-2.1,0.9,0.35,,Swimwear,Swimwear bottom,,328,Terra Training Tee,Hyderabad · Banjara Hills,2708,Bengaluru Cut & Sew,0.91,0.4171836434467621,2.336523539118935,9,0,23,14,0,6443,13265.386
styleverse,styleverse,2026-08-10,2026,32,ST04,Trend,SV1040,BAS,Basics,Basics,,,,,,,,,,7450,8.9161,0,0,1,7,0,0,0,,,,,0.2,-1.2,0.82,0.2,,Jersey Fancy,Trousers,,329,Vane Pocket Tee,Hyderabad · Banjara Hills,2940,Surat Textile Mills,0.73,0.002820393425783629,2.008765591215342,12,0,36,24,0,50459,14752.2
styleverse,styleverse,2026-08-10,2026,32,ST04,Trend,SV1041,OUT,Outerwear,Outerwear,,,,,,,,,,7410,8.9107,0,0,1,7,0,0,0,,,,,0.42,-1.6,1.35,0.42,,Outdoor,Jacket,,330,Ridge Puffer,Hyderabad · Banjara Hills,3332,Tirupur Knits,0.94,0.0435627136059113,2.20197754111141,11,0,21,10,0,5810,11186.631
styleverse,styleverse,2026-08-10,2026,32,ST04,Trend,SV1042,DEN,Denim,Denim,,,,,,,,,,4380,8.385,0,0,1,7,0,0,0,,,,,0.3,-1.9,1.05,0.3,,Trousers Denim,Trousers,,331,Halcyon Slim Jean,Hyderabad · Banjara Hills,2131,Ludhiana Woollens,0.81,0.9887408026074843,2.043920635269024,19,0,36,17,0,3100,15081.678
styleverse,styleverse,2026-08-10,2026,32,ST04,Trend,SV1043,KNT,Knitwear,Knitwear,,,,,,,,,,6960,8.8481,0,0,1,7,0,0,0,,,,,0.38,-1.7,1.28,0.38,,Knitwear,Sweater,,332,Marlow Roll Neck,Hyderabad · Banjara Hills,2383,Noida Apparel Park,0.88,0.9085906236820459,2.192920150840655,32,9,40,8,0,7462,11410.411
styleverse,styleverse,2026-08-10,2026,32,ST04,Trend,SV1044,DRS,Dresses,Dresses,,,,,,,,,,7890,8.9735,0,0,1,7,0,0,0,,,,,0.46,-2.4,0.88,0.46,,Dresses Ladies,Dress,,333,Vesper Slip Dress,Hyderabad · Banjara Hills,3806,Bengaluru Cut & Sew,0.91,0.01245378846378043,2.393102823023219,23,0,29,6,0,13648,11257.66
styleverse,styleverse,2026-08-10,2026,32,ST04,Trend,SV1045,FTW,Footwear,Footwear,,,,,,,,,,7790,8.9607,0,0,1,7,0,0,0,,,,,0.28,-1.5,1.02,0.28,,Shoes,Sneakers,,334,Cadence Chelsea Boot,Hyderabad · Banjara Hills,3586,Surat Textile Mills,0.73,0.1529144424096149,0.5836417549522593,3,0,5,2,0,5336,15464.555
styleverse,styleverse,2026-08-10,2026,32,ST04,Trend,SV1046,ACC,Accessories,Accessories,,,,,,,,,,1210,7.0992,0,0,0,7,7,0,0,,,,,0.5,-2.6,0.95,0.5,,Accessories,Socks,,335,Orbit Tote,Hyderabad · Banjara Hills,569,Tirupur Knits,0.94,0.2170451900779814,0.7925029642879963,0,2,19,13,0,13284,12074.277
styleverse,styleverse,2026-08-10,2026,32,ST04,Trend,SV1047,ACT,Activewear,Activewear,,,,,,,,,,6480,8.7766,0,0,1,7,0,0,0,,,,,0.35,-2.1,0.9,0.35,,Swimwear,Swimwear bottom,,336,Linden Track Pant,Hyderabad · Banjara Hills,2316,Ludhiana Woollens,0.81,0.2482315711179312,1.79877608603565,32,0,50,18,0,6443,13265.386
styleverse,styleverse,2026-08-10,2026,32,ST04,Trend,SV1048,BAS,Basics,Basics,,,,,,,,,,5000,8.5174,0,0,1,7,0,0,0,,,,,0.2,-1.2,0.82,0.2,,Jersey Fancy,Trousers,,337,Sable Chino,Hyderabad · Banjara Hills,2269,Noida Apparel Park,0.88,0.1181166746469051,1.298419906955678,11,0,16,5,0,50459,14752.2
styleverse,styleverse,2026-08-10,2026,32,ST04,Trend,SV1049,OUT,Outerwear,Outerwear,,,,,,,,,,1000,6.9088,0,0,1,7,0,0,0,,,,,0.42,-1.6,1.35,0.42,,Outdoor,Jacket,,338,Frost Parka,Hyderabad · Banjara Hills,396,Bengaluru Cut & Sew,0.91,0.9174829560221631,0.6186554293031804,1,0,12,11,0,5810,11269.472
styleverse,styleverse,2026-08-10,2026,32,ST04,Trend,SV1050,DEN,Denim,Denim,,,,,,,,,,1560,7.3531,0,0,1,7,0,0,0,,,,,0.3,-1.9,1.05,0.3,,Trousers Denim,Trousers,,339,Kite Straight Jean,Hyderabad · Banjara Hills,742,Surat Textile Mills,0.73,0.000109195788150042,0.667293306812644,14,0,17,3,0,3100,15105.823
styleverse,styleverse,2026-08-10,2026,32,ST04,Trend,SV1051,KNT,Knitwear,Knitwear,,,,,,,,,,1760,7.4736,0,0,1,7,0,0,0,,,,,0.38,-1.7,1.28,0.38,,Knitwear,Sweater,,340,Juniper Crew Sweater,Hyderabad · Banjara Hills,663,Tirupur Knits,0.94,0.002342009633203911,1.302148446231149,21,0,30,9,0,7462,11464.69
styleverse,styleverse,2026-08-10,2026,32,ST04,Trend,SV1052,DRS,Dresses,Dresses,,,,,,,,,,4870,8.4911,0,0,1,7,0,0,0,,,,,0.46,-2.4,0.88,0.46,,Dresses Ladies,Dress,,341,Atlas Midi Dress,Hyderabad · Banjara Hills,2464,Ludhiana Woollens,0.81,0.8662274796403324,1.207550696178805,4,0,10,6,0,13648,11257.66
styleverse,styleverse,2026-08-10,2026,32,ST04,Trend,SV1053,FTW,Footwear,Footwear,,,,,,,,,,6950,8.8466,0,0,1,7,0,0,0,,,,,0.28,-1.5,1.02,0.28,,Shoes,Sneakers,,342,Wren Sneaker,Hyderabad · Banjara Hills,2668,Noida Apparel Park,0.88,0.3067643340138342,1.303361503547058,8,0,20,12,0,5336,15464.555
styleverse,styleverse,2026-08-10,2026,32,ST04,Trend,SV1054,ACC,Accessories,Accessories,,,,,,,,,,2920,7.9797,0,0,1,7,0,0,0,,,,,0.5,-2.6,0.95,0.5,,Accessories,Socks,,343,Solstice Wool Scarf,Hyderabad · Banjara Hills,1070,Bengaluru Cut & Sew,0.91,0.1289997908725003,1.210966180276591,5,0,16,11,0,13284,12043.621
styleverse,styleverse,2026-08-10,2026,32,ST04,Trend,SV1055,ACT,Activewear,Activewear,,,,,,,,,,6980,8.8509,0,0,1,7,0,0,0,,,,,0.35,-2.1,0.9,0.35,,Swimwear,Swimwear bottom,,344,Ember Legging,Hyderabad · Banjara Hills,2917,Surat Textile Mills,0.73,0.05456749443744185,2.364772333437577,10,9,20,10,0,6443,13265.386
styleverse,styleverse,2026-08-10,2026,32,ST04,Trend,SV1056,BAS,Basics,Basics,,,,,,,,,,6240,8.7389,0,0,1,7,0,0,0,,,,,0.2,-1.2,0.82,0.2,,Jersey Fancy,Trousers,,345,Bramble Oxford Shirt,Hyderabad · Banjara Hills,3137,Tirupur Knits,0.94,0.1103435317428238,1.5337444306002,15,0,19,4,0,50459,14752.2
styleverse,styleverse,2026-08-10,2026,32,ST04,Trend,SV1057,OUT,Outerwear,Outerwear,,,,,,,,,,3010,8.01,0,0,1,7,0,0,0,,,,,0.42,-1.6,1.35,0.42,,Outdoor,Jacket,,346,Nomad Trench,Hyderabad · Banjara Hills,1094,Ludhiana Woollens,0.81,0.6791874150681991,1.548779819358606,10,0,31,21,0,5810,11186.631
styleverse,styleverse,2026-08-10,2026,32,ST04,Trend,SV1058,DEN,Denim,Denim,,,,,,,,,,890,6.7923,0,0,1,7,0,0,0,,,,,0.3,-1.9,1.05,0.3,,Trousers Denim,Trousers,,347,Quill Denim Jacket,Hyderabad · Banjara Hills,396,Noida Apparel Park,0.88,0.0004442486086063171,2.191100384132005,3,0,23,20,0,3100,15158.13
styleverse,styleverse,2026-08-10,2026,32,ST04,Trend,SV1059,KNT,Knitwear,Knitwear,,,,,,,,,,7730,8.953,0,0,1,7,0,0,0,,,,,0.38,-1.7,1.28,0.38,,Knitwear,Sweater,,348,Terra Cardigan,Hyderabad · Banjara Hills,3994,Bengaluru Cut & Sew,0.91,0.258946915839418,1.879952940181829,12,0,65,53,0,7462,11410.411
styleverse,styleverse,2026-08-10,2026,32,ST04,Trend,SV1060,DRS,Dresses,Dresses,,,,,,,,,,7740,8.9543,0,0,1,7,0,0,0,,,,,0.46,-2.4,0.88,0.46,,Dresses Ladies,Dress,,349,Vane Wrap Dress,Hyderabad · Banjara Hills,2751,Surat Textile Mills,0.73,0.2466741816975533,2.255318588833325,8,0,56,48,0,13648,11257.66
styleverse,styleverse,2026-08-10,2026,32,ST04,Trend,SV1061,FTW,Footwear,Footwear,,,,,,,,,,720,6.5806,0,0,1,7,0,0,0,,,,,0.28,-1.5,1.02,0.28,,Shoes,Sneakers,,350,Ridge Loafer,Hyderabad · Banjara Hills,353,Tirupur Knits,0.94,0.0568518042423005,0.4814065671758726,1,0,5,4,0,5336,15555.793
styleverse,styleverse,2026-08-10,2026,32,ST04,Trend,SV1062,ACC,Accessories,Accessories,,,,,,,,,,7580,8.9334,0,0,1,7,0,0,0,,,,,0.5,-2.6,0.95,0.5,,Accessories,Socks,,351,Halcyon Leather Belt,Hyderabad · Banjara Hills,3157,Ludhiana Woollens,0.81,0.5674489934166798,0.6221197694190778,2,0,7,5,0,13284,12043.621
styleverse,styleverse,2026-08-10,2026,32,ST04,Trend,SV1063,ACT,Activewear,Activewear,,,,,,,,,,7130,8.8722,0,0,1,7,0,0,0,,,,,0.35,-2.1,0.9,0.35,,Swimwear,Swimwear bottom,,352,Marlow Training Tee,Hyderabad · Banjara Hills,3694,Noida Apparel Park,0.88,0.2998890134922212,0.8408930444507859,4,0,7,3,0,6443,13265.386
styleverse,styleverse,2026-08-10,2026,32,ST04,Trend,SV1064,BAS,Basics,Basics,,,,,,,,,,6170,8.7276,0,0,1,7,0,0,0,,,,,0.2,-1.2,0.82,0.2,,Jersey Fancy,Trousers,,353,Vesper Pocket Tee,Hyderabad · Banjara Hills,2913,Bengaluru Cut & Sew,0.91,0.3304141741215317,1.860736350610387,3,0,19,16,0,50459,14752.2
styleverse,styleverse,2026-08-10,2026,32,ST04,Trend,SV1065,OUT,Outerwear,Outerwear,,,,,,,,,,4260,8.3573,0,0,1,7,0,0,0,,,,,0.42,-1.6,1.35,0.42,,Outdoor,Jacket,,354,Cadence Puffer,Hyderabad · Banjara Hills,1913,Surat Textile Mills,0.73,0.3824288552200608,2.414744753472041,5,0,38,33,0,5810,11186.631
styleverse,styleverse,2026-08-10,2026,32,ST04,Trend,SV1066,DEN,Denim,Denim,,,,,,,,,,3770,8.2351,0,0,1,7,0,0,0,,,,,0.3,-1.9,1.05,0.3,,Trousers Denim,Trousers,,355,Orbit Slim Jean,Hyderabad · Banjara Hills,1664,Tirupur Knits,0.94,0.004983896916865459,0.4804003967088647,2,0,4,2,0,3100,15081.678
styleverse,styleverse,2026-08-10,2026,32,ST04,Trend,SV1067,KNT,Knitwear,Knitwear,,,,,,,,,,1110,7.013,0,0,1,7,0,0,0,,,,,0.38,-1.7,1.28,0.38,,Knitwear,Sweater,,356,Linden Roll Neck,Hyderabad · Banjara Hills,570,Ludhiana Woollens,0.81,0.01557002559334403,2.406669184239581,8,14,30,22,0,7462,11505.053
styleverse,styleverse,2026-08-10,2026,32,ST04,Trend,SV1068,DRS,Dresses,Dresses,,,,,,,,,,7540,8.9281,0,0,1,7,0,0,0,,,,,0.46,-2.4,0.88,0.46,,Dresses Ladies,Dress,,357,Sable Slip Dress,Hyderabad · Banjara Hills,3626,Noida Apparel Park,0.88,0.909407156974846,1.008846410980914,8,0,10,2,0,13648,11257.66
styleverse,styleverse,2026-08-10,2026,32,ST04,Trend,SV1069,FTW,Footwear,Footwear,,,,,,,,,,4980,8.5134,0,0,1,7,0,0,0,,,,,0.28,-1.5,1.02,0.28,,Shoes,Sneakers,,358,Frost Chelsea Boot,Hyderabad · Banjara Hills,1958,Bengaluru Cut & Sew,0.91,0.4408803308759775,0.8281039439258165,16,0,20,4,0,5336,15464.555
styleverse,styleverse,2026-08-10,2026,32,ST04,Trend,SV1070,ACC,Accessories,Accessories,,,,,,,,,,6880,8.8365,0,0,1,7,0,0,0,,,,,0.5,-2.6,0.95,0.5,,Accessories,Socks,,359,Kite Tote,Hyderabad · Banjara Hills,3510,Surat Textile Mills,0.73,0.136824620106726,2.520019435696304,14,7,40,26,0,13284,12043.621
styleverse,styleverse,2026-08-10,2026,32,ST04,Trend,SV1071,ACT,Activewear,Activewear,,,,,,,,,,1270,7.1476,0,0,1,7,0,0,0,,,,,0.35,-2.1,0.9,0.35,,Swimwear,Swimwear bottom,,360,Juniper Track Pant,Hyderabad · Banjara Hills,606,Tirupur Knits,0.94,0.01601753949250654,1.522598491131794,12,0,16,4,0,6443,13273.388
styleverse,styleverse,2026-08-10,2026,32,ST04,Trend,SV1072,BAS,Basics,Basics,,,,,,,,,,4430,8.3964,0,0,1,7,0,0,0,,,,,0.2,-1.2,0.82,0.2,,Jersey Fancy,Trousers,,361,Atlas Chino,Hyderabad · Banjara Hills,1943,Ludhiana Woollens,0.81,0.4360671361412766,1.231972052098718,14,0,21,7,0,50459,14752.2
styleverse,styleverse,2026-08-10,2026,32,ST04,Trend,SV1073,OUT,Outerwear,Outerwear,,,,,,,,,,2080,7.6406,0,0,1,7,0,0,0,,,,,0.42,-1.6,1.35,0.42,,Outdoor,Jacket,,362,Wren Parka,Hyderabad · Banjara Hills,747,Noida Apparel Park,0.88,0.2767021793360135,2.323728581215255,16,12,34,18,0,5810,11224.008
styleverse,styleverse,2026-08-10,2026,32,ST04,Trend,SV1074,DEN,Denim,Denim,,,,,,,,,,7750,8.9556,0,0,1,7,0,0,0,,,,,0.3,-1.9,1.05,0.3,,Trousers Denim,Trousers,,363,Solstice Straight Jean,Hyderabad · Banjara Hills,3393,Bengaluru Cut & Sew,0.91,0.08878007604754459,1.483006234129425,22,0,26,4,0,3100,15081.678
styleverse,styleverse,2026-08-10,2026,32,ST04,Trend,SV1075,KNT,Knitwear,Knitwear,,,,,,,,,,3560,8.1778,0,0,1,7,0,0,0,,,,,0.38,-1.7,1.28,0.38,,Knitwear,Sweater,,364,Ember Crew Sweater,Hyderabad · Banjara Hills,1718,Surat Textile Mills,0.73,0.1386092397122004,1.974883440788835,10,0,35,25,0,7462,11410.411
styleverse,styleverse,2026-08-10,2026,32,ST04,Trend,SV1076,DRS,Dresses,Dresses,,,,,,,,,,3570,8.1806,0,0,1,7,0,0,0,,,,,0.46,-2.4,0.88,0.46,,Dresses Ladies,Dress,,365,Bramble Midi Dress,Hyderabad · Banjara Hills,1457,Tirupur Knits,0.94,0.2422264629855932,0.7405152785591781,4,0,13,9,0,13648,11257.66
styleverse,styleverse,2026-08-10,2026,32,ST04,Trend,SV1077,FTW,Footwear,Footwear,,,,,,,,,,5840,8.6727,0,0,1,7,0,0,0,,,,,0.28,-1.5,1.02,0.28,,Shoes,Sneakers,,366,Nomad Sneaker,Hyderabad · Banjara Hills,2864,Ludhiana Woollens,0.81,0.10330061976831,2.416477797343396,14,0,19,5,0,5336,15464.555
styleverse,styleverse,2026-08-10,2026,32,ST04,Trend,SV1078,ACC,Accessories,Accessories,,,,,,,,,,1190,7.0825,0,0,1,7,0,0,0,,,,,0.5,-2.6,0.95,0.5,,Accessories,Socks,,367,Quill Wool Scarf,Hyderabad · Banjara Hills,443,Noida Apparel Park,0.88,0.373888154387841,1.693079524289351,29,0,41,12,0,13284,12074.277
styleverse,styleverse,2026-08-10,2026,32,ST04,Trend,SV1079,ACT,Activewear,Activewear,,,,,,,,,,4570,8.4275,0,0,1,7,0,0,0,,,,,0.35,-2.1,0.9,0.35,,Swimwear,Swimwear bottom,,368,Terra Legging,Hyderabad · Banjara Hills,1767,Bengaluru Cut & Sew,0.91,0.08671028666845525,2.156171307805926,12,0,34,22,0,6443,13265.386
styleverse,styleverse,2026-08-10,2026,32,ST04,Trend,SV1080,BAS,Basics,Basics,,,,,,,,,,2950,7.9899,0,0,1,7,0,0,0,,,,,0.2,-1.2,0.82,0.2,,Jersey Fancy,Trousers,,369,Vane Oxford Shirt,Hyderabad · Banjara Hills,1283,Surat Textile Mills,0.73,0.04884635464280715,0.64455648973817,4,0,6,2,0,50459,14752.2
styleverse,styleverse,2026-08-10,2026,32,ST04,Trend,SV1081,OUT,Outerwear,Outerwear,,,,,,,,,,4990,8.5154,0,0,1,7,0,0,0,,,,,0.42,-1.6,1.35,0.42,,Outdoor,Jacket,,370,Ridge Trench,Hyderabad · Banjara Hills,2311,Tirupur Knits,0.94,0.9287739378302152,0.5369263643748127,7,0,16,9,0,5810,11186.631
styleverse,styleverse,2026-08-10,2026,32,ST04,Trend,SV1082,DEN,Denim,Denim,,,,,,,,,,730,6.5944,0,0,1,7,0,0,0,,,,,0.3,-1.9,1.05,0.3,,Trousers Denim,Trousers,,371,Halcyon Denim Jacket,Hyderabad · Banjara Hills,292,Ludhiana Woollens,0.81,0.5100741527779509,1.192133984260727,2,0,16,14,0,3100,15167.76
styleverse,styleverse,2026-08-10,2026,32,ST04,Trend,SV1083,KNT,Knitwear,Knitwear,,,,,,,,,,7550,8.9294,0,0,1,7,0,0,0,,,,,0.38,-1.7,1.28,0.38,,Knitwear,Sweater,,372,Marlow Cardigan,Hyderabad · Banjara Hills,3052,Noida Apparel Park,0.88,0.0007357902348707216,1.946573286224157,39,0,51,12,0,7462,11410.411
styleverse,styleverse,2026-08-10,2026,32,ST04,Trend,SV1084,DRS,Dresses,Dresses,,,,,,,,,,5790,8.6641,0,0,1,7,0,0,0,,,,,0.46,-2.4,0.88,0.46,,Dresses Ladies,Dress,,373,Vesper Wrap Dress,Hyderabad · Banjara Hills,2773,Bengaluru Cut & Sew,0.91,0.0005611510406343915,2.297405374085065,9,0,23,14,0,13648,11257.66
styleverse,styleverse,2026-08-10,2026,32,ST04,Trend,SV1085,FTW,Footwear,Footwear,,,,,,,,,,7480,8.9201,0,0,1,7,0,0,0,,,,,0.28,-1.5,1.02,0.28,,Shoes,Sneakers,,374,Cadence Loafer,Hyderabad · Banjara Hills,3572,Surat Textile Mills,0.73,0.03855127980870929,1.759503437811509,9,0,43,34,0,5336,15464.555
styleverse,styleverse,2026-08-10,2026,32,ST04,Trend,SV1086,ACC,Accessories,Accessories,,,,,,,,,,720,6.5806,0,0,1,7,0,0,0,,,,,0.5,-2.6,0.95,0.5,,Accessories,Socks,,375,Orbit Leather Belt,Hyderabad · Banjara Hills,329,Tirupur Knits,0.94,0.2184562591442348,1.241997508180793,7,3,16,9,0,13284,12125.441
styleverse,styleverse,2026-08-10,2026,32,ST04,Trend,SV1087,ACT,Activewear,Activewear,,,,,,,,,,6900,8.8394,0,0,1,7,0,0,0,,,,,0.35,-2.1,0.9,0.35,,Swimwear,Swimwear bottom,,376,Linden Training Tee,Hyderabad · Banjara Hills,3442,Ludhiana Woollens,0.81,0.7639314784653447,1.379480650788173,15,0,21,6,0,6443,13265.386
styleverse,styleverse,2026-08-10,2026,32,ST04,Trend,SV1088,BAS,Basics,Basics,,,,,,,,,,7050,8.8609,0,0,1,7,0,0,0,,,,,0.2,-1.2,0.82,0.2,,Jersey Fancy,Trousers,,377,Sable Pocket Tee,Hyderabad · Banjara Hills,3201,Noida Apparel Park,0.88,0.01622694992155091,0.8353109819232486,3,4,13,10,0,50459,14752.2
styleverse,styleverse,2026-08-10,2026,32,ST04,Trend,SV1089,OUT,Outerwear,Outerwear,,,,,,,,,,4010,8.2968,0,0,1,7,0,0,0,,,,,0.42,-1.6,1.35,0.42,,Outdoor,Jacket,,378,Frost Puffer,Hyderabad · Banjara Hills,1601,Bengaluru Cut & Sew,0.91,0.002312112545000055,1.895861339778639,6,0,31,25,0,5810,11186.631
styleverse,styleverse,2026-08-10,2026,32,ST04,Trend,SV1090,DEN,Denim,Denim,,,,,,,,,,4010,8.2968,0,0,1,7,0,0,0,,,,,0.3,-1.9,1.05,0.3,,Trousers Denim,Trousers,,379,Kite Slim Jean,Hyderabad · Banjara Hills,1379,Surat Textile Mills,0.73,0.4502396242815292,1.537483650515787,16,0,43,27,0,3100,15081.678
styleverse,styleverse,2026-08-10,2026,32,ST04,Trend,SV1091,KNT,Knitwear,Knitwear,,,,,,,,,,2590,7.8598,0,0,1,7,0,0,0,,,,,0.38,-1.7,1.28,0.38,,Knitwear,Sweater,,380,Juniper Roll Neck,Hyderabad · Banjara Hills,957,Tirupur Knits,0.94,0.643793669042698,1.545455432927702,8,0,29,21,0,7462,11420.743
styleverse,styleverse,2026-08-10,2026,32,ST04,Trend,SV1092,DRS,Dresses,Dresses,,,,,,,,,,2990,8.0034,0,0,1,7,0,0,0,,,,,0.46,-2.4,0.88,0.46,,Dresses Ladies,Dress,,381,Atlas Slip Dress,Hyderabad · Banjara Hills,1538,Ludhiana Woollens,0.81,0.4671161643327494,1.063668687676545,2,0,11,9,0,13648,11257.66
styleverse,styleverse,2026-08-10,2026,32,ST04,Trend,SV1093,FTW,Footwear,Footwear,,,,,,,,,,4960,8.5094,0,0,1,7,0,0,0,,,,,0.28,-1.5,1.02,0.28,,Shoes,Sneakers,,382,Wren Chelsea Boot,Hyderabad · Banjara Hills,1707,Noida Apparel Park,0.88,0.06849265459445182,1.409061137784738,3,4,11,8,0,5336,15464.555
styleverse,styleverse,2026-08-10,2026,32,ST04,Trend,SV1094,ACC,Accessories,Accessories,,,,,,,,,,2620,7.8713,0,0,1,7,0,0,0,,,,,0.5,-2.6,0.95,0.5,,Accessories,Socks,,383,Solstice Tote,Hyderabad · Banjara Hills,1227,Bengaluru Cut & Sew,0.91,0.6166618806114095,2.034362682455685,12,6,21,9,0,13284,12053.953
styleverse,styleverse,2026-08-10,2026,32,ST04,Trend,SV1095,ACT,Activewear,Activewear,,,,,,,,,,2350,7.7626,0,0,1,7,0,0,0,,,,,0.35,-2.1,0.9,0.35,,Swimwear,Swimwear bottom,,384,Ember Track Pant,Hyderabad · Banjara Hills,923,Surat Textile Mills,0.73,0.04821345073186504,1.449043303634971,20,0,27,7,0,6443,13275.718
styleverse,styleverse,2026-08-10,2026,32,ST04,Trend,SV1096,BAS,Basics,Basics,,,,,,,,,,860,6.7581,0,0,1,7,0,0,0,,,,,0.2,-1.2,0.82,0.2,,Jersey Fancy,Trousers,,385,Bramble Chino,Hyderabad · Banjara Hills,330,Tirupur Knits,0.94,0.3597012292967132,2.482433456892613,10,0,22,12,0,50459,14855.627
styleverse,styleverse,2026-08-10,2026,32,ST04,Trend,SV1097,OUT,Outerwear,Outerwear,,,,,,,,,,2430,7.7961,0,0,1,7,0,0,0,,,,,0.42,-1.6,1.35,0.42,,Outdoor,Jacket,,386,Nomad Parka,Hyderabad · Banjara Hills,1249,Ludhiana Woollens,0.81,0.01760374891013752,1.246017925231718,10,0,17,7,0,5810,11196.963
styleverse,styleverse,2026-08-10,2026,32,ST04,Trend,SV1098,DEN,Denim,Denim,,,,,,,,,,5260,8.5681,0,0,1,7,0,0,0,,,,,0.3,-1.9,1.05,0.3,,Trousers Denim,Trousers,,387,Quill Straight Jean,Hyderabad · Banjara Hills,2325,Noida Apparel Park,0.88,0.03626853458267992,1.974982425302733,17,4,35,18,0,3100,15081.678
styleverse,styleverse,2026-08-10,2026,32,ST04,Trend,SV1099,KNT,Knitwear,Knitwear,,,,,,,,,,1530,7.3337,0,0,1,7,0,0,0,,,,,0.38,-1.7,1.28,0.38,,Knitwear,Sweater,,388,Terra Crew Sweater,Hyderabad · Banjara Hills,538,Bengaluru Cut & Sew,0.91,0.001294333175926447,0.6112819288042374,12,0,14,2,0,7462,11451.583
styleverse,styleverse,2026-08-10,2026,32,ST04,Trend,SV1100,DRS,Dresses,Dresses,,,,,,,,,,5720,8.6519,0,0,1,7,0,0,0,,,,,0.46,-2.4,0.88,0.46,,Dresses Ladies,Dress,,389,Vane Midi Dress,Hyderabad · Banjara Hills,2384,Surat Textile Mills,0.73,0.4859671978736997,1.306965873832814,7,0,28,21,0,13648,11257.66
styleverse,styleverse,2026-08-10,2026,32,ST05,Trend,SV1001,OUT,Outerwear,Outerwear,,,,,,,,,,2680,7.8939,0,0,1,7,0,0,0,,,,,0.42,-1.6,1.35,0.42,,Outdoor,Jacket,,390,Ridge Parka,Pune · Koregaon Park,1173,Tirupur Knits,0.94,0.5843617511401088,1.378171070618555,8,0,14,6,0,5810,11196.963
styleverse,styleverse,2026-08-10,2026,32,ST05,Trend,SV1002,DEN,Denim,Denim,,,,,,,,,,4610,8.4362,0,0,1,7,0,0,0,,,,,0.3,-1.9,1.05,0.3,,Trousers Denim,Trousers,,391,Halcyon Straight Jean,Pune · Koregaon Park,1972,Ludhiana Woollens,0.81,0.0831227490959891,1.841171421192121,15,0,28,13,0,3100,15081.678
styleverse,styleverse,2026-08-10,2026,32,ST05,Trend,SV1003,KNT,Knitwear,Knitwear,,,,,,,,,,4400,8.3896,0,0,1,7,0,0,0,,,,,0.38,-1.7,1.28,0.38,,Knitwear,Sweater,,392,Marlow Crew Sweater,Pune · Koregaon Park,1564,Noida Apparel Park,0.88,0.1810419825517486,0.3812452738871798,7,0,9,2,0,7462,11410.411
styleverse,styleverse,2026-08-10,2026,32,ST05,Trend,SV1004,DRS,Dresses,Dresses,,,,,,,,,,6960,8.8481,0,0,1,7,0,0,0,,,,,0.46,-2.4,0.88,0.46,,Dresses Ladies,Dress,,393,Vesper Midi Dress,Pune · Koregaon Park,2727,Bengaluru Cut & Sew,0.91,0.07573628524851254,0.6613548761466518,5,0,14,9,0,13648,11257.66
styleverse,styleverse,2026-08-10,2026,32,ST05,Trend,SV1005,FTW,Footwear,Footwear,,,,,,,,,,5170,8.5508,0,0,1,7,0,0,0,,,,,0.28,-1.5,1.02,0.28,,Shoes,Sneakers,,394,Cadence Sneaker,Pune · Koregaon Park,2124,Surat Textile Mills,0.73,0.2141044805676707,1.488332889066078,7,0,18,11,0,5336,15464.555
styleverse,styleverse,2026-08-10,2026,32,ST05,Trend,SV1006,ACC,Accessories,Accessories,,,,,,,,,,2580,7.8559,0,0,1,7,0,0,0,,,,,0.5,-2.6,0.95,0.5,,Accessories,Socks,,395,Orbit Wool Scarf,Pune · Koregaon Park,898,Tirupur Knits,0.94,0.0005917971634623065,0.8234393561375327,9,0,11,2,0,13284,12053.953
styleverse,styleverse,2026-08-10,2026,32,ST05,Trend,SV1007,ACT,Activewear,Activewear,,,,,,,,,,6710,8.8115,0,0,1,7,0,0,0,,,,,0.35,-2.1,0.9,0.35,,Swimwear,Swimwear bottom,,396,Linden Legging,Pune · Koregaon Park,2439,Ludhiana Woollens,0.81,0.6777078019342075,0.9387907859287224,1,0,11,10,0,6443,13265.386
styleverse,styleverse,2026-08-10,2026,32,ST05,Trend,SV1008,BAS,Basics,Basics,,,,,,,,,,7640,8.9413,0,0,1,7,0,0,0,,,,,0.2,-1.2,0.82,0.2,,Jersey Fancy,Trousers,,397,Sable Oxford Shirt,Pune · Koregaon Park,3332,Noida Apparel Park,0.88,0.7771817858091377,1.853309070249088,10,0,19,9,0,50459,14752.2
styleverse,styleverse,2026-08-10,2026,32,ST05,Trend,SV1009,OUT,Outerwear,Outerwear,,,,,,,,,,3880,8.2638,0,0,1,7,0,0,0,,,,,0.42,-1.6,1.35,0.42,,Outdoor,Jacket,,398,Frost Trench,Pune · Koregaon Park,1398,Bengaluru Cut & Sew,0.91,0.3563938032865699,1.289053673413582,24,0,29,5,0,5810,11186.631
styleverse,styleverse,2026-08-10,2026,32,ST05,Trend,SV1010,DEN,Denim,Denim,,,,,,,,,,910,6.8145,0,0,1,7,0,0,0,,,,,0.3,-1.9,1.05,0.3,,Trousers Denim,Trousers,,399,Kite Denim Jacket,Pune · Koregaon Park,467,Surat Textile Mills,0.73,0.5993439873992962,2.595437742676586,8,0,21,13,0,3100,15158.13
styleverse,styleverse,2026-08-10,2026,32,ST05,Trend,SV1011,KNT,Knitwear,Knitwear,,,,,,,,,,2590,7.8598,0,0,1,7,0,0,0,,,,,0.38,-1.7,1.28,0.38,,Knitwear,Sweater,,400,Juniper Cardigan,Pune · Koregaon Park,1081,Tirupur Knits,0.94,0.911053318813002,1.221256928832736,21,0,27,6,0,7462,11420.743
styleverse,styleverse,2026-08-10,2026,32,ST05,Trend,SV1012,DRS,Dresses,Dresses,,,,,,,,,,5650,8.6396,0,0,1,7,0,0,0,,,,,0.46,-2.4,0.88,0.46,,Dresses Ladies,Dress,,401,Atlas Wrap Dress,Pune · Koregaon Park,2733,Ludhiana Woollens,0.81,0.0428499994319462,0.855760169646237,5,0,19,14,0,13648,11257.66
styleverse,styleverse,2026-08-10,2026,32,ST05,Trend,SV1013,FTW,Footwear,Footwear,,,,,,,,,,3410,8.1348,0,0,1,7,0,0,0,,,,,0.28,-1.5,1.02,0.28,,Shoes,Sneakers,,402,Wren Loafer,Pune · Koregaon Park,1396,Noida Apparel Park,0.88,0.0002117384920995118,2.506510979286395,27,0,44,17,0,5336,15464.555
styleverse,styleverse,2026-08-10,2026,32,ST05,Trend,SV1014,ACC,Accessories,Accessories,,,,,,,,,,1230,7.1156,0,0,1,7,0,0,0,,,,,0.5,-2.6,0.95,0.5,,Accessories,Socks,,403,Solstice Leather Belt,Pune · Koregaon Park,545,Bengaluru Cut & Sew,0.91,0.6239036785591954,2.244067377375905,9,0,32,23,0,13284,12074.277
styleverse,styleverse,2026-08-10,2026,32,ST05,Trend,SV1015,ACT,Activewear,Activewear,,,,,,,,,,1280,7.1554,0,0,1,7,0,0,0,,,,,0.35,-2.1,0.9,0.35,,Swimwear,Swimwear bottom,,404,Ember Training Tee,Pune · Koregaon Park,568,Surat Textile Mills,0.73,0.06491628351413166,2.102367372624576,9,0,22,13,0,6443,13273.388
styleverse,styleverse,2026-08-10,2026,32,ST05,Trend,SV1016,BAS,Basics,Basics,,,,,,,,,,4210,8.3455,0,0,1,7,0,0,0,,,,,0.2,-1.2,0.82,0.2,,Jersey Fancy,Trousers,,405,Bramble Pocket Tee,Pune · Koregaon Park,1547,Tirupur Knits,0.94,0.0139571064731684,1.915859303984325,3,0,15,12,0,50459,14752.2
styleverse,styleverse,2026-08-10,2026,32,ST05,Trend,SV1017,OUT,Outerwear,Outerwear,,,,,,,,,,2220,7.7057,0,0,1,7,0,0,0,,,,,0.42,-1.6,1.35,0.42,,Outdoor,Jacket,,406,Nomad Puffer,Pune · Koregaon Park,849,Ludhiana Woollens,0.81,0.6679093631096121,1.47514378526248,21,0,34,13,0,5810,11196.963
styleverse,styleverse,2026-08-10,2026,32,ST05,Trend,SV1018,DEN,Denim,Denim,,,,,,,,,,1450,7.28,0,0,1,7,0,0,0,,,,,0.3,-1.9,1.05,0.3,,Trousers Denim,Trousers,,407,Quill Slim Jean,Pune · Koregaon Park,586,Noida Apparel Park,0.88,0.5075091499437202,0.5062996791326441,6,0,9,3,0,3100,15105.823
styleverse,styleverse,2026-08-10,2026,32,ST05,Trend,SV1019,KNT,Knitwear,Knitwear,,,,,,,,,,7240,8.8875,0,0,1,7,0,0,0,,,,,0.38,-1.7,1.28,0.38,,Knitwear,Sweater,,408,Terra Roll Neck,Pune · Koregaon Park,3204,Bengaluru Cut & Sew,0.91,0.1478988347691275,1.714949633716606,11,0,22,11,0,7462,11410.411
styleverse,styleverse,2026-08-10,2026,32,ST05,Trend,SV1020,DRS,Dresses,Dresses,,,,,,,,,,7230,8.8861,0,0,1,7,0,0,0,,,,,0.46,-2.4,0.88,0.46,,Dresses Ladies,Dress,,409,Vane Slip Dress,Pune · Koregaon Park,2926,Surat Textile Mills,0.73,0.05661177127313656,1.094529892806895,2,0,14,12,0,13648,11257.66
styleverse,styleverse,2026-08-10,2026,32,ST05,Trend,SV1021,FTW,Footwear,Footwear,,,,,,,,,,5000,8.5174,0,0,1,7,0,0,0,,,,,0.28,-1.5,1.02,0.28,,Shoes,Sneakers,,410,Ridge Chelsea Boot,Pune · Koregaon Park,1795,Tirupur Knits,0.94,0.4290058160073141,1.581815651641227,5,0,15,10,0,5336,15464.555
styleverse,styleverse,2026-08-10,2026,32,ST05,Trend,SV1022,ACC,Accessories,Accessories,,,,,,,,,,3380,8.1259,0,0,1,7,0,0,0,,,,,0.5,-2.6,0.95,0.5,,Accessories,Socks,,411,Halcyon Tote,Pune · Koregaon Park,1740,Ludhiana Woollens,0.81,0.103096471620797,1.787876601761673,7,0,18,11,0,13284,12043.621
styleverse,styleverse,2026-08-10,2026,32,ST05,Trend,SV1023,ACT,Activewear,Activewear,,,,,,,,,,1960,7.5812,0,0,1,7,0,0,0,,,,,0.35,-2.1,0.9,0.35,,Swimwear,Swimwear bottom,,412,Marlow Track Pant,Pune · Koregaon Park,940,Noida Apparel Park,0.88,0.8819855173897383,0.6473778456798754,8,0,12,4,0,6443,13302.761
styleverse,styleverse,2026-08-10,2026,32,ST05,Trend,SV1024,BAS,Basics,Basics,,,,,,,,,,7820,8.9646,0,0,1,7,0,0,0,,,,,0.2,-1.2,0.82,0.2,,Jersey Fancy,Trousers,,413,Vesper Chino,Pune · Koregaon Park,3954,Bengaluru Cut & Sew,0.91,0.1886594676608668,0.3750831758021377,2,0,5,3,0,50459,14752.2
styleverse,styleverse,2026-08-10,2026,32,ST05,Trend,SV1025,OUT,Outerwear,Outerwear,,,,,,,,,,7150,8.875,0,0,1,7,0,0,0,,,,,0.42,-1.6,1.35,0.42,,Outdoor,Jacket,,414,Cadence Parka,Pune · Koregaon Park,3127,Surat Textile Mills,0.73,0.2574549159683532,0.9658180053462274,8,0,13,5,0,5810,11186.631
styleverse,styleverse,2026-08-10,2026,32,ST05,Trend,SV1026,DEN,Denim,Denim,,,,,,,,,,5640,8.6378,0,0,1,7,0,0,0,,,,,0.3,-1.9,1.05,0.3,,Trousers Denim,Trousers,,415,Orbit Straight Jean,Pune · Koregaon Park,2601,Tirupur Knits,0.94,0.4172072544692536,0.3790792114683427,5,0,8,3,0,3100,15081.678
styleverse,styleverse,2026-08-10,2026,32,ST05,Trend,SV1027,KNT,Knitwear,Knitwear,,,,,,,,,,2790,7.9342,0,0,1,7,0,0,0,,,,,0.38,-1.7,1.28,0.38,,Knitwear,Sweater,,416,Linden Crew Sweater,Pune · Koregaon Park,1201,Ludhiana Woollens,0.81,0.06038791488429402,1.232249751361087,15,0,19,4,0,7462,11420.743
styleverse,styleverse,2026-08-10,2026,32,ST05,Trend,SV1028,DRS,Dresses,Dresses,,,,,,,,,,5380,8.5906,0,0,1,7,0,0,0,,,,,0.46,-2.4,0.88,0.46,,Dresses Ladies,Dress,,417,Sable Midi Dress,Pune · Koregaon Park,2211,Noida Apparel Park,0.88,0.03173810594638732,0.9808481386513449,5,4,18,13,0,13648,11257.66
styleverse,styleverse,2026-08-10,2026,32,ST05,Trend,SV1029,FTW,Footwear,Footwear,,,,,,,,,,5920,8.6863,0,0,1,7,0,0,0,,,,,0.28,-1.5,1.02,0.28,,Shoes,Sneakers,,418,Frost Sneaker,Pune · Koregaon Park,2105,Bengaluru Cut & Sew,0.91,0.3808204898068962,1.196133396262303,3,0,24,21,0,5336,15464.555
styleverse,styleverse,2026-08-10,2026,32,ST05,Trend,SV1030,ACC,Accessories,Accessories,,,,,,,,,,3310,8.105,0,0,1,7,0,0,0,,,,,0.5,-2.6,0.95,0.5,,Accessories,Socks,,419,Kite Wool Scarf,Pune · Koregaon Park,1550,Surat Textile Mills,0.73,0.4458575688084878,1.521477649419103,5,3,19,14,0,13284,12043.621
styleverse,styleverse,2026-08-10,2026,32,ST05,Trend,SV1031,ACT,Activewear,Activewear,,,,,,,,,,6210,8.7341,0,0,1,7,0,0,0,,,,,0.35,-2.1,0.9,0.35,,Swimwear,Swimwear bottom,,420,Juniper Legging,Pune · Koregaon Park,2362,Tirupur Knits,0.94,0.6996765068041628,0.4206265164772048,2,0,7,5,0,6443,13265.386
styleverse,styleverse,2026-08-10,2026,32,ST05,Trend,SV1032,BAS,Basics,Basics,,,,,,,,,,3390,8.1289,0,0,1,7,0,0,0,,,,,0.2,-1.2,0.82,0.2,,Jersey Fancy,Trousers,,421,Atlas Oxford Shirt,Pune · Koregaon Park,1756,Ludhiana Woollens,0.81,0.03165193639782208,2.296161732252222,26,0,42,16,0,50459,14752.2
styleverse,styleverse,2026-08-10,2026,32,ST05,Trend,SV1033,OUT,Outerwear,Outerwear,,,,,,,,,,6710,8.8115,0,0,1,7,0,0,0,,,,,0.42,-1.6,1.35,0.42,,Outdoor,Jacket,,422,Wren Trench,Pune · Koregaon Park,2747,Noida Apparel Park,0.88,0.8380902445171179,2.129366399510764,29,0,43,14,0,5810,11186.631
styleverse,styleverse,2026-08-10,2026,32,ST05,Trend,SV1034,DEN,Denim,Denim,,,,,,,,,,1510,7.3205,0,0,1,7,0,0,0,,,,,0.3,-1.9,1.05,0.3,,Trousers Denim,Trousers,,423,Solstice Denim Jacket,Pune · Koregaon Park,567,Bengaluru Cut & Sew,0.91,0.1214740741986566,1.105977274850011,6,0,16,10,0,3100,15105.823
styleverse,styleverse,2026-08-10,2026,32,ST05,Trend,SV1035,KNT,Knitwear,Knitwear,,,,,,,,,,2380,7.7753,0,0,1,7,0,0,0,,,,,0.38,-1.7,1.28,0.38,,Knitwear,Sweater,,424,Ember Cardigan,Pune · Koregaon Park,1068,Surat Textile Mills,0.73,0.2648020564726302,1.840806051413529,13,0,32,19,0,7462,11420.743
styleverse,styleverse,2026-08-10,2026,32,ST05,Trend,SV1036,DRS,Dresses,Dresses,,,,,,,,,,7260,8.8903,0,0,1,7,0,0,0,,,,,0.46,-2.4,0.88,0.46,,Dresses Ladies,Dress,,425,Bramble Wrap Dress,Pune · Koregaon Park,2544,Tirupur Knits,0.94,0.1809163522028074,1.586408562108409,11,0,23,12,0,13648,11257.66
styleverse,styleverse,2026-08-10,2026,32,ST05,Trend,SV1037,FTW,Footwear,Footwear,,,,,,,,,,2830,7.9484,0,0,1,7,0,0,0,,,,,0.28,-1.5,1.02,0.28,,Shoes,Sneakers,,426,Nomad Loafer,Pune · Koregaon Park,1262,Ludhiana Woollens,0.81,0.2090252379471189,1.250297783140559,13,0,23,10,0,5336,15474.887
styleverse,styleverse,2026-08-10,2026,32,ST05,Trend,SV1038,ACC,Accessories,Accessories,,,,,,,,,,3060,8.0265,0,0,0,7,7,0,0,,,,,0.5,-2.6,0.95,0.5,,Accessories,Socks,,427,Quill Leather Belt,Pune · Koregaon Park,1445,Noida Apparel Park,0.88,0.007393202186208772,0.5876451939344406,0,0,9,4,0,13284,12043.621
styleverse,styleverse,2026-08-10,2026,32,ST05,Trend,SV1039,ACT,Activewear,Activewear,,,,,,,,,,6670,8.8055,0,0,1,7,0,0,0,,,,,0.35,-2.1,0.9,0.35,,Swimwear,Swimwear bottom,,428,Terra Training Tee,Pune · Koregaon Park,2708,Bengaluru Cut & Sew,0.91,0.4171836434467621,2.336523539118935,23,0,28,5,0,6443,13265.386
styleverse,styleverse,2026-08-10,2026,32,ST05,Trend,SV1040,BAS,Basics,Basics,,,,,,,,,,7450,8.9161,0,0,1,7,0,0,0,,,,,0.2,-1.2,0.82,0.2,,Jersey Fancy,Trousers,,429,Vane Pocket Tee,Pune · Koregaon Park,2940,Surat Textile Mills,0.73,0.002820393425783629,2.008765591215342,4,0,19,15,0,50459,14752.2
styleverse,styleverse,2026-08-10,2026,32,ST05,Trend,SV1041,OUT,Outerwear,Outerwear,,,,,,,,,,7410,8.9107,0,0,1,7,0,0,0,,,,,0.42,-1.6,1.35,0.42,,Outdoor,Jacket,,430,Ridge Puffer,Pune · Koregaon Park,3332,Tirupur Knits,0.94,0.0435627136059113,2.20197754111141,6,0,30,24,0,5810,11186.631
styleverse,styleverse,2026-08-10,2026,32,ST05,Trend,SV1042,DEN,Denim,Denim,,,,,,,,,,4380,8.385,0,0,1,7,0,0,0,,,,,0.3,-1.9,1.05,0.3,,Trousers Denim,Trousers,,431,Halcyon Slim Jean,Pune · Koregaon Park,2131,Ludhiana Woollens,0.81,0.9887408026074843,2.043920635269024,13,0,42,29,0,3100,15081.678
styleverse,styleverse,2026-08-10,2026,32,ST05,Trend,SV1043,KNT,Knitwear,Knitwear,,,,,,,,,,6960,8.8481,0,0,1,7,0,0,0,,,,,0.38,-1.7,1.28,0.38,,Knitwear,Sweater,,432,Marlow Roll Neck,Pune · Koregaon Park,2383,Noida Apparel Park,0.88,0.9085906236820459,2.192920150840655,23,0,29,6,0,7462,11410.411
styleverse,styleverse,2026-08-10,2026,32,ST05,Trend,SV1044,DRS,Dresses,Dresses,,,,,,,,,,7890,8.9735,0,0,1,7,0,0,0,,,,,0.46,-2.4,0.88,0.46,,Dresses Ladies,Dress,,433,Vesper Slip Dress,Pune · Koregaon Park,3806,Bengaluru Cut & Sew,0.91,0.01245378846378043,2.393102823023219,39,0,58,19,0,13648,11257.66
styleverse,styleverse,2026-08-10,2026,32,ST05,Trend,SV1045,FTW,Footwear,Footwear,,,,,,,,,,7790,8.9607,0,0,1,7,0,0,0,,,,,0.28,-1.5,1.02,0.28,,Shoes,Sneakers,,434,Cadence Chelsea Boot,Pune · Koregaon Park,3586,Surat Textile Mills,0.73,0.1529144424096149,0.5836417549522593,4,3,11,7,0,5336,15464.555
styleverse,styleverse,2026-08-10,2026,32,ST05,Trend,SV1046,ACC,Accessories,Accessories,,,,,,,,,,1210,7.0992,0,0,1,7,0,0,0,,,,,0.5,-2.6,0.95,0.5,,Accessories,Socks,,435,Orbit Tote,Pune · Koregaon Park,569,Tirupur Knits,0.94,0.2170451900779814,0.7925029642879963,4,0,6,2,0,13284,12074.277
styleverse,styleverse,2026-08-10,2026,32,ST05,Trend,SV1047,ACT,Activewear,Activewear,,,,,,,,,,6480,8.7766,0,0,1,7,0,0,0,,,,,0.35,-2.1,0.9,0.35,,Swimwear,Swimwear bottom,,436,Linden Track Pant,Pune · Koregaon Park,2316,Ludhiana Woollens,0.81,0.2482315711179312,1.79877608603565,8,0,28,20,0,6443,13265.386
styleverse,styleverse,2026-08-10,2026,32,ST05,Trend,SV1048,BAS,Basics,Basics,,,,,,,,,,5000,8.5174,0,0,1,7,0,0,0,,,,,0.2,-1.2,0.82,0.2,,Jersey Fancy,Trousers,,437,Sable Chino,Pune · Koregaon Park,2269,Noida Apparel Park,0.88,0.1181166746469051,1.298419906955678,2,5,13,11,0,50459,14752.2
styleverse,styleverse,2026-08-10,2026,32,ST05,Trend,SV1049,OUT,Outerwear,Outerwear,,,,,,,,,,1000,6.9088,0,0,1,7,0,0,0,,,,,0.42,-1.6,1.35,0.42,,Outdoor,Jacket,,438,Frost Parka,Pune · Koregaon Park,396,Bengaluru Cut & Sew,0.91,0.9174829560221631,0.6186554293031804,13,0,19,6,0,5810,11269.472
styleverse,styleverse,2026-08-10,2026,32,ST05,Trend,SV1050,DEN,Denim,Denim,,,,,,,,,,1560,7.3531,0,0,1,7,0,0,0,,,,,0.3,-1.9,1.05,0.3,,Trousers Denim,Trousers,,439,Kite Straight Jean,Pune · Koregaon Park,742,Surat Textile Mills,0.73,0.000109195788150042,0.667293306812644,2,2,7,5,0,3100,15105.823
styleverse,styleverse,2026-08-10,2026,32,ST05,Trend,SV1051,KNT,Knitwear,Knitwear,,,,,,,,,,1760,7.4736,0,0,1,7,0,0,0,,,,,0.38,-1.7,1.28,0.38,,Knitwear,Sweater,,440,Juniper Crew Sweater,Pune · Koregaon Park,663,Tirupur Knits,0.94,0.002342009633203911,1.302148446231149,4,0,22,18,0,7462,11464.69
styleverse,styleverse,2026-08-10,2026,32,ST05,Trend,SV1052,DRS,Dresses,Dresses,,,,,,,,,,4870,8.4911,0,0,1,7,0,0,0,,,,,0.46,-2.4,0.88,0.46,,Dresses Ladies,Dress,,441,Atlas Midi Dress,Pune · Koregaon Park,2464,Ludhiana Woollens,0.81,0.8662274796403324,1.207550696178805,16,0,21,5,0,13648,11257.66
styleverse,styleverse,2026-08-10,2026,32,ST05,Trend,SV1053,FTW,Footwear,Footwear,,,,,,,,,,6950,8.8466,0,0,1,7,0,0,0,,,,,0.28,-1.5,1.02,0.28,,Shoes,Sneakers,,442,Wren Sneaker,Pune · Koregaon Park,2668,Noida Apparel Park,0.88,0.3067643340138342,1.303361503547058,10,2,16,6,0,5336,15464.555
styleverse,styleverse,2026-08-10,2026,32,ST05,Trend,SV1054,ACC,Accessories,Accessories,,,,,,,,,,2920,7.9797,0,0,1,7,0,0,0,,,,,0.5,-2.6,0.95,0.5,,Accessories,Socks,,443,Solstice Wool Scarf,Pune · Koregaon Park,1070,Bengaluru Cut & Sew,0.91,0.1289997908725003,1.210966180276591,12,0,15,3,0,13284,12043.621
styleverse,styleverse,2026-08-10,2026,32,ST05,Trend,SV1055,ACT,Activewear,Activewear,,,,,,,,,,6980,8.8509,0,0,1,7,0,0,0,,,,,0.35,-2.1,0.9,0.35,,Swimwear,Swimwear bottom,,444,Ember Legging,Pune · Koregaon Park,2917,Surat Textile Mills,0.73,0.05456749443744185,2.364772333437577,19,0,24,5,0,6443,13265.386
styleverse,styleverse,2026-08-10,2026,32,ST05,Trend,SV1056,BAS,Basics,Basics,,,,,,,,,,6240,8.7389,0,0,1,7,0,0,0,,,,,0.2,-1.2,0.82,0.2,,Jersey Fancy,Trousers,,445,Bramble Oxford Shirt,Pune · Koregaon Park,3137,Tirupur Knits,0.94,0.1103435317428238,1.5337444306002,12,0,22,10,0,50459,14752.2
styleverse,styleverse,2026-08-10,2026,32,ST05,Trend,SV1057,OUT,Outerwear,Outerwear,,,,,,,,,,3010,8.01,0,0,1,7,0,0,0,,,,,0.42,-1.6,1.35,0.42,,Outdoor,Jacket,,446,Nomad Trench,Pune · Koregaon Park,1094,Ludhiana Woollens,0.81,0.6791874150681991,1.548779819358606,10,0,33,23,0,5810,11186.631
styleverse,styleverse,2026-08-10,2026,32,ST05,Trend,SV1058,DEN,Denim,Denim,,,,,,,,,,890,6.7923,0,0,1,7,0,0,0,,,,,0.3,-1.9,1.05,0.3,,Trousers Denim,Trousers,,447,Quill Denim Jacket,Pune · Koregaon Park,396,Noida Apparel Park,0.88,0.0004442486086063171,2.191100384132005,7,0,51,44,0,3100,15158.13
styleverse,styleverse,2026-08-10,2026,32,ST05,Trend,SV1059,KNT,Knitwear,Knitwear,,,,,,,,,,7730,8.953,0,0,1,7,0,0,0,,,,,0.38,-1.7,1.28,0.38,,Knitwear,Sweater,,448,Terra Cardigan,Pune · Koregaon Park,3994,Bengaluru Cut & Sew,0.91,0.258946915839418,1.879952940181829,13,0,40,27,0,7462,11410.411
styleverse,styleverse,2026-08-10,2026,32,ST05,Trend,SV1060,DRS,Dresses,Dresses,,,,,,,,,,7740,8.9543,0,0,1,7,0,0,0,,,,,0.46,-2.4,0.88,0.46,,Dresses Ladies,Dress,,449,Vane Wrap Dress,Pune · Koregaon Park,2751,Surat Textile Mills,0.73,0.2466741816975533,2.255318588833325,23,0,44,21,0,13648,11257.66
styleverse,styleverse,2026-08-10,2026,32,ST05,Trend,SV1061,FTW,Footwear,Footwear,,,,,,,,,,720,6.5806,0,0,1,7,0,0,0,,,,,0.28,-1.5,1.02,0.28,,Shoes,Sneakers,,450,Ridge Loafer,Pune · Koregaon Park,353,Tirupur Knits,0.94,0.0568518042423005,0.4814065671758726,4,0,7,3,0,5336,15555.793
styleverse,styleverse,2026-08-10,2026,32,ST05,Trend,SV1062,ACC,Accessories,Accessories,,,,,,,,,,7580,8.9334,0,0,1,7,0,0,0,,,,,0.5,-2.6,0.95,0.5,,Accessories,Socks,,451,Halcyon Leather Belt,Pune · Koregaon Park,3157,Ludhiana Woollens,0.81,0.5674489934166798,0.6221197694190778,4,0,10,6,0,13284,12043.621
styleverse,styleverse,2026-08-10,2026,32,ST05,Trend,SV1063,ACT,Activewear,Activewear,,,,,,,,,,7130,8.8722,0,0,1,7,0,0,0,,,,,0.35,-2.1,0.9,0.35,,Swimwear,Swimwear bottom,,452,Marlow Training Tee,Pune · Koregaon Park,3694,Noida Apparel Park,0.88,0.2998890134922212,0.8408930444507859,2,0,10,8,0,6443,13265.386
styleverse,styleverse,2026-08-10,2026,32,ST05,Trend,SV1064,BAS,Basics,Basics,,,,,,,,,,6170,8.7276,0,0,1,7,0,0,0,,,,,0.2,-1.2,0.82,0.2,,Jersey Fancy,Trousers,,453,Vesper Pocket Tee,Pune · Koregaon Park,2913,Bengaluru Cut & Sew,0.91,0.3304141741215317,1.860736350610387,3,0,14,11,0,50459,14752.2
styleverse,styleverse,2026-08-10,2026,32,ST05,Trend,SV1065,OUT,Outerwear,Outerwear,,,,,,,,,,4260,8.3573,0,0,1,7,0,0,0,,,,,0.42,-1.6,1.35,0.42,,Outdoor,Jacket,,454,Cadence Puffer,Pune · Koregaon Park,1913,Surat Textile Mills,0.73,0.3824288552200608,2.414744753472041,21,0,35,14,0,5810,11186.631
styleverse,styleverse,2026-08-10,2026,32,ST05,Trend,SV1066,DEN,Denim,Denim,,,,,,,,,,3770,8.2351,0,0,1,7,0,0,0,,,,,0.3,-1.9,1.05,0.3,,Trousers Denim,Trousers,,455,Orbit Slim Jean,Pune · Koregaon Park,1664,Tirupur Knits,0.94,0.004983896916865459,0.4804003967088647,1,0,6,5,0,3100,15081.678
styleverse,styleverse,2026-08-10,2026,32,ST05,Trend,SV1067,KNT,Knitwear,Knitwear,,,,,,,,,,1110,7.013,0,0,1,7,0,0,0,,,,,0.38,-1.7,1.28,0.38,,Knitwear,Sweater,,456,Linden Roll Neck,Pune · Koregaon Park,570,Ludhiana Woollens,0.81,0.01557002559334403,2.406669184239581,10,0,34,24,0,7462,11505.053
styleverse,styleverse,2026-08-10,2026,32,ST05,Trend,SV1068,DRS,Dresses,Dresses,,,,,,,,,,7540,8.9281,0,0,1,7,0,0,0,,,,,0.46,-2.4,0.88,0.46,,Dresses Ladies,Dress,,457,Sable Slip Dress,Pune · Koregaon Park,3626,Noida Apparel Park,0.88,0.909407156974846,1.008846410980914,3,0,11,8,0,13648,11257.66
styleverse,styleverse,2026-08-10,2026,32,ST05,Trend,SV1069,FTW,Footwear,Footwear,,,,,,,,,,4980,8.5134,0,0,1,7,0,0,0,,,,,0.28,-1.5,1.02,0.28,,Shoes,Sneakers,,458,Frost Chelsea Boot,Pune · Koregaon Park,1958,Bengaluru Cut & Sew,0.91,0.4408803308759775,0.8281039439258165,6,0,14,8,0,5336,15464.555
styleverse,styleverse,2026-08-10,2026,32,ST05,Trend,SV1070,ACC,Accessories,Accessories,,,,,,,,,,6880,8.8365,0,0,1,7,0,0,0,,,,,0.5,-2.6,0.95,0.5,,Accessories,Socks,,459,Kite Tote,Pune · Koregaon Park,3510,Surat Textile Mills,0.73,0.136824620106726,2.520019435696304,8,0,25,17,0,13284,12043.621
styleverse,styleverse,2026-08-10,2026,32,ST05,Trend,SV1071,ACT,Activewear,Activewear,,,,,,,,,,1270,7.1476,0,0,1,7,0,0,0,,,,,0.35,-2.1,0.9,0.35,,Swimwear,Swimwear bottom,,460,Juniper Track Pant,Pune · Koregaon Park,606,Tirupur Knits,0.94,0.01601753949250654,1.522598491131794,16,0,20,4,0,6443,13273.388
styleverse,styleverse,2026-08-10,2026,32,ST05,Trend,SV1072,BAS,Basics,Basics,,,,,,,,,,4430,8.3964,0,0,1,7,0,0,0,,,,,0.2,-1.2,0.82,0.2,,Jersey Fancy,Trousers,,461,Atlas Chino,Pune · Koregaon Park,1943,Ludhiana Woollens,0.81,0.4360671361412766,1.231972052098718,7,2,14,7,0,50459,14752.2
styleverse,styleverse,2026-08-10,2026,32,ST05,Trend,SV1073,OUT,Outerwear,Outerwear,,,,,,,,,,2080,7.6406,0,0,1,7,0,0,0,,,,,0.42,-1.6,1.35,0.42,,Outdoor,Jacket,,462,Wren Parka,Pune · Koregaon Park,747,Noida Apparel Park,0.88,0.2767021793360135,2.323728581215255,22,0,61,39,0,5810,11224.008
styleverse,styleverse,2026-08-10,2026,32,ST05,Trend,SV1074,DEN,Denim,Denim,,,,,,,,,,7750,8.9556,0,0,1,7,0,0,0,,,,,0.3,-1.9,1.05,0.3,,Trousers Denim,Trousers,,463,Solstice Straight Jean,Pune · Koregaon Park,3393,Bengaluru Cut & Sew,0.91,0.08878007604754459,1.483006234129425,13,0,15,2,0,3100,15081.678
styleverse,styleverse,2026-08-10,2026,32,ST05,Trend,SV1075,KNT,Knitwear,Knitwear,,,,,,,,,,3560,8.1778,0,0,1,7,0,0,0,,,,,0.38,-1.7,1.28,0.38,,Knitwear,Sweater,,464,Ember Crew Sweater,Pune · Koregaon Park,1718,Surat Textile Mills,0.73,0.1386092397122004,1.974883440788835,8,0,22,14,0,7462,11410.411
styleverse,styleverse,2026-08-10,2026,32,ST05,Trend,SV1076,DRS,Dresses,Dresses,,,,,,,,,,3570,8.1806,0,0,1,7,0,0,0,,,,,0.46,-2.4,0.88,0.46,,Dresses Ladies,Dress,,465,Bramble Midi Dress,Pune · Koregaon Park,1457,Tirupur Knits,0.94,0.2422264629855932,0.7405152785591781,4,0,13,9,0,13648,11257.66
styleverse,styleverse,2026-08-10,2026,32,ST05,Trend,SV1077,FTW,Footwear,Footwear,,,,,,,,,,5840,8.6727,0,0,1,7,0,0,0,,,,,0.28,-1.5,1.02,0.28,,Shoes,Sneakers,,466,Nomad Sneaker,Pune · Koregaon Park,2864,Ludhiana Woollens,0.81,0.10330061976831,2.416477797343396,15,0,38,23,0,5336,15464.555
styleverse,styleverse,2026-08-10,2026,32,ST05,Trend,SV1078,ACC,Accessories,Accessories,,,,,,,,,,1190,7.0825,0,0,1,7,0,0,0,,,,,0.5,-2.6,0.95,0.5,,Accessories,Socks,,467,Quill Wool Scarf,Pune · Koregaon Park,443,Noida Apparel Park,0.88,0.373888154387841,1.693079524289351,9,0,23,14,0,13284,12074.277
styleverse,styleverse,2026-08-10,2026,32,ST05,Trend,SV1079,ACT,Activewear,Activewear,,,,,,,,,,4570,8.4275,0,0,1,7,0,0,0,,,,,0.35,-2.1,0.9,0.35,,Swimwear,Swimwear bottom,,468,Terra Legging,Pune · Koregaon Park,1767,Bengaluru Cut & Sew,0.91,0.08671028666845525,2.156171307805926,10,0,24,14,0,6443,13265.386
styleverse,styleverse,2026-08-10,2026,32,ST05,Trend,SV1080,BAS,Basics,Basics,,,,,,,,,,2950,7.9899,0,0,1,7,0,0,0,,,,,0.2,-1.2,0.82,0.2,,Jersey Fancy,Trousers,,469,Vane Oxford Shirt,Pune · Koregaon Park,1283,Surat Textile Mills,0.73,0.04884635464280715,0.64455648973817,6,0,12,6,0,50459,14752.2
styleverse,styleverse,2026-08-10,2026,32,ST05,Trend,SV1081,OUT,Outerwear,Outerwear,,,,,,,,,,4990,8.5154,0,0,0,7,7,0,0,,,,,0.42,-1.6,1.35,0.42,,Outdoor,Jacket,,470,Ridge Trench,Pune · Koregaon Park,2311,Tirupur Knits,0.94,0.9287739378302152,0.5369263643748127,0,0,16,8,0,5810,11186.631
styleverse,styleverse,2026-08-10,2026,32,ST05,Trend,SV1082,DEN,Denim,Denim,,,,,,,,,,730,6.5944,0,0,1,7,0,0,0,,,,,0.3,-1.9,1.05,0.3,,Trousers Denim,Trousers,,471,Halcyon Denim Jacket,Pune · Koregaon Park,292,Ludhiana Woollens,0.81,0.5100741527779509,1.192133984260727,5,0,19,14,0,3100,15167.76
styleverse,styleverse,2026-08-10,2026,32,ST05,Trend,SV1083,KNT,Knitwear,Knitwear,,,,,,,,,,7550,8.9294,0,0,1,7,0,0,0,,,,,0.38,-1.7,1.28,0.38,,Knitwear,Sweater,,472,Marlow Cardigan,Pune · Koregaon Park,3052,Noida Apparel Park,0.88,0.0007357902348707216,1.946573286224157,21,14,46,25,0,7462,11410.411
styleverse,styleverse,2026-08-10,2026,32,ST05,Trend,SV1084,DRS,Dresses,Dresses,,,,,,,,,,5790,8.6641,0,0,1,7,0,0,0,,,,,0.46,-2.4,0.88,0.46,,Dresses Ladies,Dress,,473,Vesper Wrap Dress,Pune · Koregaon Park,2773,Bengaluru Cut & Sew,0.91,0.0005611510406343915,2.297405374085065,10,0,14,4,0,13648,11257.66
styleverse,styleverse,2026-08-10,2026,32,ST05,Trend,SV1085,FTW,Footwear,Footwear,,,,,,,,,,7480,8.9201,0,0,1,7,0,0,0,,,,,0.28,-1.5,1.02,0.28,,Shoes,Sneakers,,474,Cadence Loafer,Pune · Koregaon Park,3572,Surat Textile Mills,0.73,0.03855127980870929,1.759503437811509,2,0,16,14,0,5336,15464.555
styleverse,styleverse,2026-08-10,2026,32,ST05,Trend,SV1086,ACC,Accessories,Accessories,,,,,,,,,,720,6.5806,0,0,1,7,0,0,0,,,,,0.5,-2.6,0.95,0.5,,Accessories,Socks,,475,Orbit Leather Belt,Pune · Koregaon Park,329,Tirupur Knits,0.94,0.2184562591442348,1.241997508180793,9,0,12,3,0,13284,12125.441
styleverse,styleverse,2026-08-10,2026,32,ST05,Trend,SV1087,ACT,Activewear,Activewear,,,,,,,,,,6900,8.8394,0,0,1,7,0,0,0,,,,,0.35,-2.1,0.9,0.35,,Swimwear,Swimwear bottom,,476,Linden Training Tee,Pune · Koregaon Park,3442,Ludhiana Woollens,0.81,0.7639314784653447,1.379480650788173,7,0,22,15,0,6443,13265.386
styleverse,styleverse,2026-08-10,2026,32,ST05,Trend,SV1088,BAS,Basics,Basics,,,,,,,,,,7050,8.8609,0,0,1,7,0,0,0,,,,,0.2,-1.2,0.82,0.2,,Jersey Fancy,Trousers,,477,Sable Pocket Tee,Pune · Koregaon Park,3201,Noida Apparel Park,0.88,0.01622694992155091,0.8353109819232486,2,0,6,4,0,50459,14752.2
styleverse,styleverse,2026-08-10,2026,32,ST05,Trend,SV1089,OUT,Outerwear,Outerwear,,,,,,,,,,4010,8.2968,0,0,1,7,0,0,0,,,,,0.42,-1.6,1.35,0.42,,Outdoor,Jacket,,478,Frost Puffer,Pune · Koregaon Park,1601,Bengaluru Cut & Sew,0.91,0.002312112545000055,1.895861339778639,13,0,28,15,0,5810,11186.631
styleverse,styleverse,2026-08-10,2026,32,ST05,Trend,SV1090,DEN,Denim,Denim,,,,,,,,,,4010,8.2968,0,0,1,7,0,0,0,,,,,0.3,-1.9,1.05,0.3,,Trousers Denim,Trousers,,479,Kite Slim Jean,Pune · Koregaon Park,1379,Surat Textile Mills,0.73,0.4502396242815292,1.537483650515787,5,0,24,19,0,3100,15081.678
styleverse,styleverse,2026-08-10,2026,32,ST05,Trend,SV1091,KNT,Knitwear,Knitwear,,,,,,,,,,2590,7.8598,0,0,1,7,0,0,0,,,,,0.38,-1.7,1.28,0.38,,Knitwear,Sweater,,480,Juniper Roll Neck,Pune · Koregaon Park,957,Tirupur Knits,0.94,0.643793669042698,1.545455432927702,9,0,18,9,0,7462,11420.743
styleverse,styleverse,2026-08-10,2026,32,ST05,Trend,SV1092,DRS,Dresses,Dresses,,,,,,,,,,2990,8.0034,0,0,1,7,0,0,0,,,,,0.46,-2.4,0.88,0.46,,Dresses Ladies,Dress,,481,Atlas Slip Dress,Pune · Koregaon Park,1538,Ludhiana Woollens,0.81,0.4671161643327494,1.063668687676545,5,0,16,11,0,13648,11257.66
styleverse,styleverse,2026-08-10,2026,32,ST05,Trend,SV1093,FTW,Footwear,Footwear,,,,,,,,,,4960,8.5094,0,0,1,7,0,0,0,,,,,0.28,-1.5,1.02,0.28,,Shoes,Sneakers,,482,Wren Chelsea Boot,Pune · Koregaon Park,1707,Noida Apparel Park,0.88,0.06849265459445182,1.409061137784738,10,0,16,6,0,5336,15464.555
styleverse,styleverse,2026-08-10,2026,32,ST05,Trend,SV1094,ACC,Accessories,Accessories,,,,,,,,,,2620,7.8713,0,0,1,7,0,0,0,,,,,0.5,-2.6,0.95,0.5,,Accessories,Socks,,483,Solstice Tote,Pune · Koregaon Park,1227,Bengaluru Cut & Sew,0.91,0.6166618806114095,2.034362682455685,6,0,27,21,0,13284,12053.953
styleverse,styleverse,2026-08-10,2026,32,ST05,Trend,SV1095,ACT,Activewear,Activewear,,,,,,,,,,2350,7.7626,0,0,1,7,0,0,0,,,,,0.35,-2.1,0.9,0.35,,Swimwear,Swimwear bottom,,484,Ember Track Pant,Pune · Koregaon Park,923,Surat Textile Mills,0.73,0.04821345073186504,1.449043303634971,3,0,21,18,0,6443,13275.718
styleverse,styleverse,2026-08-10,2026,32,ST05,Trend,SV1096,BAS,Basics,Basics,,,,,,,,,,860,6.7581,0,0,1,7,0,0,0,,,,,0.2,-1.2,0.82,0.2,,Jersey Fancy,Trousers,,485,Bramble Chino,Pune · Koregaon Park,330,Tirupur Knits,0.94,0.3597012292967132,2.482433456892613,14,0,33,19,0,50459,14855.627
styleverse,styleverse,2026-08-10,2026,32,ST05,Trend,SV1097,OUT,Outerwear,Outerwear,,,,,,,,,,2430,7.7961,0,0,1,7,0,0,0,,,,,0.42,-1.6,1.35,0.42,,Outdoor,Jacket,,486,Nomad Parka,Pune · Koregaon Park,1249,Ludhiana Woollens,0.81,0.01760374891013752,1.246017925231718,10,3,14,4,0,5810,11196.963
styleverse,styleverse,2026-08-10,2026,32,ST05,Trend,SV1098,DEN,Denim,Denim,,,,,,,,,,5260,8.5681,0,0,1,7,0,0,0,,,,,0.3,-1.9,1.05,0.3,,Trousers Denim,Trousers,,487,Quill Straight Jean,Pune · Koregaon Park,2325,Noida Apparel Park,0.88,0.03626853458267992,1.974982425302733,11,0,33,22,0,3100,15081.678
styleverse,styleverse,2026-08-10,2026,32,ST05,Trend,SV1099,KNT,Knitwear,Knitwear,,,,,,,,,,1530,7.3337,0,0,1,7,0,0,0,,,,,0.38,-1.7,1.28,0.38,,Knitwear,Sweater,,488,Terra Crew Sweater,Pune · Koregaon Park,538,Bengaluru Cut & Sew,0.91,0.001294333175926447,0.6112819288042374,1,0,9,8,0,7462,11451.583
styleverse,styleverse,2026-08-10,2026,32,ST05,Trend,SV1100,DRS,Dresses,Dresses,,,,,,,,,,5720,8.6519,0,0,1,7,0,0,0,,,,,0.46,-2.4,0.88,0.46,,Dresses Ladies,Dress,,489,Vane Midi Dress,Pune · Koregaon Park,2384,Surat Textile Mills,0.73,0.4859671978736997,1.306965873832814,9,0,29,20,0,13648,11257.66
styleverse,styleverse,2026-08-10,2026,32,ST06,Value,SV1001,OUT,Outerwear,Outerwear,,,,,,,,,,2680,7.8939,0,0,1,7,0,0,0,,,,,0.42,-1.6,1.35,0.42,,Outdoor,Jacket,,490,Ridge Parka,Chennai · Nungambakkam,1173,Tirupur Knits,0.94,0.5843617511401088,1.378171070618555,13,0,24,11,0,5810,11196.963
styleverse,styleverse,2026-08-10,2026,32,ST06,Value,SV1002,DEN,Denim,Denim,,,,,,,,,,4610,8.4362,0,0,1,7,0,0,0,,,,,0.3,-1.9,1.05,0.3,,Trousers Denim,Trousers,,491,Halcyon Straight Jean,Chennai · Nungambakkam,1972,Ludhiana Woollens,0.81,0.0831227490959891,1.841171421192121,2,5,18,16,0,3100,15081.678
styleverse,styleverse,2026-08-10,2026,32,ST06,Value,SV1003,KNT,Knitwear,Knitwear,,,,,,,,,,4400,8.3896,0,0,1,7,0,0,0,,,,,0.38,-1.7,1.28,0.38,,Knitwear,Sweater,,492,Marlow Crew Sweater,Chennai · Nungambakkam,1564,Noida Apparel Park,0.88,0.1810419825517486,0.3812452738871798,2,1,6,4,0,7462,11410.411
styleverse,styleverse,2026-08-10,2026,32,ST06,Value,SV1004,DRS,Dresses,Dresses,,,,,,,,,,6960,8.8481,0,0,1,7,0,0,0,,,,,0.46,-2.4,0.88,0.46,,Dresses Ladies,Dress,,493,Vesper Midi Dress,Chennai · Nungambakkam,2727,Bengaluru Cut & Sew,0.91,0.07573628524851254,0.6613548761466518,2,0,6,4,0,13648,11257.66
styleverse,styleverse,2026-08-10,2026,32,ST06,Value,SV1005,FTW,Footwear,Footwear,,,,,,,,,,5170,8.5508,0,0,1,7,0,0,0,,,,,0.28,-1.5,1.02,0.28,,Shoes,Sneakers,,494,Cadence Sneaker,Chennai · Nungambakkam,2124,Surat Textile Mills,0.73,0.2141044805676707,1.488332889066078,8,0,19,11,0,5336,15464.555
styleverse,styleverse,2026-08-10,2026,32,ST06,Value,SV1006,ACC,Accessories,Accessories,,,,,,,,,,2580,7.8559,0,0,1,7,0,0,0,,,,,0.5,-2.6,0.95,0.5,,Accessories,Socks,,495,Orbit Wool Scarf,Chennai · Nungambakkam,898,Tirupur Knits,0.94,0.0005917971634623065,0.8234393561375327,8,0,10,2,0,13284,12053.953
styleverse,styleverse,2026-08-10,2026,32,ST06,Value,SV1007,ACT,Activewear,Activewear,,,,,,,,,,6710,8.8115,0,0,1,7,0,0,0,,,,,0.35,-2.1,0.9,0.35,,Swimwear,Swimwear bottom,,496,Linden Legging,Chennai · Nungambakkam,2439,Ludhiana Woollens,0.81,0.6777078019342075,0.9387907859287224,8,0,11,3,0,6443,13265.386
styleverse,styleverse,2026-08-10,2026,32,ST06,Value,SV1008,BAS,Basics,Basics,,,,,,,,,,7640,8.9413,0,0,1,7,0,0,0,,,,,0.2,-1.2,0.82,0.2,,Jersey Fancy,Trousers,,497,Sable Oxford Shirt,Chennai · Nungambakkam,3332,Noida Apparel Park,0.88,0.7771817858091377,1.853309070249088,4,5,14,10,0,50459,14752.2
styleverse,styleverse,2026-08-10,2026,32,ST06,Value,SV1009,OUT,Outerwear,Outerwear,,,,,,,,,,3880,8.2638,0,0,1,7,0,0,0,,,,,0.42,-1.6,1.35,0.42,,Outdoor,Jacket,,498,Frost Trench,Chennai · Nungambakkam,1398,Bengaluru Cut & Sew,0.91,0.3563938032865699,1.289053673413582,9,5,21,12,0,5810,11186.631
styleverse,styleverse,2026-08-10,2026,32,ST06,Value,SV1010,DEN,Denim,Denim,,,,,,,,,,910,6.8145,0,0,1,7,0,0,0,,,,,0.3,-1.9,1.05,0.3,,Trousers Denim,Trousers,,499,Kite Denim Jacket,Chennai · Nungambakkam,467,Surat Textile Mills,0.73,0.5993439873992962,2.595437742676586,15,9,47,32,0,3100,15158.13
styleverse,styleverse,2026-08-10,2026,32,ST06,Value,SV1011,KNT,Knitwear,Knitwear,,,,,,,,,,2590,7.8598,0,0,1,7,0,0,0,,,,,0.38,-1.7,1.28,0.38,,Knitwear,Sweater,,500,Juniper Cardigan,Chennai · Nungambakkam,1081,Tirupur Knits,0.94,0.911053318813002,1.221256928832736,9,0,31,22,0,7462,11420.743
styleverse,styleverse,2026-08-10,2026,32,ST06,Value,SV1012,DRS,Dresses,Dresses,,,,,,,,,,5650,8.6396,0,0,1,7,0,0,0,,,,,0.46,-2.4,0.88,0.46,,Dresses Ladies,Dress,,501,Atlas Wrap Dress,Chennai · Nungambakkam,2733,Ludhiana Woollens,0.81,0.0428499994319462,0.855760169646237,5,0,9,4,0,13648,11257.66
styleverse,styleverse,2026-08-10,2026,32,ST06,Value,SV1013,FTW,Footwear,Footwear,,,,,,,,,,3410,8.1348,0,0,1,7,0,0,0,,,,,0.28,-1.5,1.02,0.28,,Shoes,Sneakers,,502,Wren Loafer,Chennai · Nungambakkam,1396,Noida Apparel Park,0.88,0.0002117384920995118,2.506510979286395,22,0,31,9,0,5336,15464.555
styleverse,styleverse,2026-08-10,2026,32,ST06,Value,SV1014,ACC,Accessories,Accessories,,,,,,,,,,1230,7.1156,0,0,1,7,0,0,0,,,,,0.5,-2.6,0.95,0.5,,Accessories,Socks,,503,Solstice Leather Belt,Chennai · Nungambakkam,545,Bengaluru Cut & Sew,0.91,0.6239036785591954,2.244067377375905,12,0,23,11,0,13284,12074.277
styleverse,styleverse,2026-08-10,2026,32,ST06,Value,SV1015,ACT,Activewear,Activewear,,,,,,,,,,1280,7.1554,0,0,1,7,0,0,0,,,,,0.35,-2.1,0.9,0.35,,Swimwear,Swimwear bottom,,504,Ember Training Tee,Chennai · Nungambakkam,568,Surat Textile Mills,0.73,0.06491628351413166,2.102367372624576,22,4,28,6,0,6443,13273.388
styleverse,styleverse,2026-08-10,2026,32,ST06,Value,SV1016,BAS,Basics,Basics,,,,,,,,,,4210,8.3455,0,0,1,7,0,0,0,,,,,0.2,-1.2,0.82,0.2,,Jersey Fancy,Trousers,,505,Bramble Pocket Tee,Chennai · Nungambakkam,1547,Tirupur Knits,0.94,0.0139571064731684,1.915859303984325,10,0,21,11,0,50459,14752.2
styleverse,styleverse,2026-08-10,2026,32,ST06,Value,SV1017,OUT,Outerwear,Outerwear,,,,,,,,,,2220,7.7057,0,0,1,7,0,0,0,,,,,0.42,-1.6,1.35,0.42,,Outdoor,Jacket,,506,Nomad Puffer,Chennai · Nungambakkam,849,Ludhiana Woollens,0.81,0.6679093631096121,1.47514378526248,8,0,26,18,0,5810,11196.963
styleverse,styleverse,2026-08-10,2026,32,ST06,Value,SV1018,DEN,Denim,Denim,,,,,,,,,,1450,7.28,0,0,1,7,0,0,0,,,,,0.3,-1.9,1.05,0.3,,Trousers Denim,Trousers,,507,Quill Slim Jean,Chennai · Nungambakkam,586,Noida Apparel Park,0.88,0.5075091499437202,0.5062996791326441,1,0,7,6,0,3100,15105.823
styleverse,styleverse,2026-08-10,2026,32,ST06,Value,SV1019,KNT,Knitwear,Knitwear,,,,,,,,,,7240,8.8875,0,0,1,7,0,0,0,,,,,0.38,-1.7,1.28,0.38,,Knitwear,Sweater,,508,Terra Roll Neck,Chennai · Nungambakkam,3204,Bengaluru Cut & Sew,0.91,0.1478988347691275,1.714949633716606,22,0,41,19,0,7462,11410.411
styleverse,styleverse,2026-08-10,2026,32,ST06,Value,SV1020,DRS,Dresses,Dresses,,,,,,,,,,7230,8.8861,0,0,1,7,0,0,0,,,,,0.46,-2.4,0.88,0.46,,Dresses Ladies,Dress,,509,Vane Slip Dress,Chennai · Nungambakkam,2926,Surat Textile Mills,0.73,0.05661177127313656,1.094529892806895,1,0,10,9,0,13648,11257.66
styleverse,styleverse,2026-08-10,2026,32,ST06,Value,SV1021,FTW,Footwear,Footwear,,,,,,,,,,5000,8.5174,0,0,1,7,0,0,0,,,,,0.28,-1.5,1.02,0.28,,Shoes,Sneakers,,510,Ridge Chelsea Boot,Chennai · Nungambakkam,1795,Tirupur Knits,0.94,0.4290058160073141,1.581815651641227,9,0,17,8,0,5336,15464.555
styleverse,styleverse,2026-08-10,2026,32,ST06,Value,SV1022,ACC,Accessories,Accessories,,,,,,,,,,3380,8.1259,0,0,1,7,0,0,0,,,,,0.5,-2.6,0.95,0.5,,Accessories,Socks,,511,Halcyon Tote,Chennai · Nungambakkam,1740,Ludhiana Woollens,0.81,0.103096471620797,1.787876601761673,10,0,12,2,0,13284,12043.621
styleverse,styleverse,2026-08-10,2026,32,ST06,Value,SV1023,ACT,Activewear,Activewear,,,,,,,,,,1960,7.5812,0,0,1,7,0,0,0,,,,,0.35,-2.1,0.9,0.35,,Swimwear,Swimwear bottom,,512,Marlow Track Pant,Chennai · Nungambakkam,940,Noida Apparel Park,0.88,0.8819855173897383,0.6473778456798754,3,0,4,1,0,6443,13302.761
styleverse,styleverse,2026-08-10,2026,32,ST06,Value,SV1024,BAS,Basics,Basics,,,,,,,,,,7820,8.9646,0,0,1,7,0,0,0,,,,,0.2,-1.2,0.82,0.2,,Jersey Fancy,Trousers,,513,Vesper Chino,Chennai · Nungambakkam,3954,Bengaluru Cut & Sew,0.91,0.1886594676608668,0.3750831758021377,2,0,3,1,0,50459,14752.2
styleverse,styleverse,2026-08-10,2026,32,ST06,Value,SV1025,OUT,Outerwear,Outerwear,,,,,,,,,,7150,8.875,0,0,1,7,0,0,0,,,,,0.42,-1.6,1.35,0.42,,Outdoor,Jacket,,514,Cadence Parka,Chennai · Nungambakkam,3127,Surat Textile Mills,0.73,0.2574549159683532,0.9658180053462274,11,0,16,5,0,5810,11186.631
styleverse,styleverse,2026-08-10,2026,32,ST06,Value,SV1026,DEN,Denim,Denim,,,,,,,,,,5640,8.6378,0,0,1,7,0,0,0,,,,,0.3,-1.9,1.05,0.3,,Trousers Denim,Trousers,,515,Orbit Straight Jean,Chennai · Nungambakkam,2601,Tirupur Knits,0.94,0.4172072544692536,0.3790792114683427,1,0,4,3,0,3100,15081.678
styleverse,styleverse,2026-08-10,2026,32,ST06,Value,SV1027,KNT,Knitwear,Knitwear,,,,,,,,,,2790,7.9342,0,0,1,7,0,0,0,,,,,0.38,-1.7,1.28,0.38,,Knitwear,Sweater,,516,Linden Crew Sweater,Chennai · Nungambakkam,1201,Ludhiana Woollens,0.81,0.06038791488429402,1.232249751361087,13,0,27,14,0,7462,11420.743
styleverse,styleverse,2026-08-10,2026,32,ST06,Value,SV1028,DRS,Dresses,Dresses,,,,,,,,,,5380,8.5906,0,0,1,7,0,0,0,,,,,0.46,-2.4,0.88,0.46,,Dresses Ladies,Dress,,517,Sable Midi Dress,Chennai · Nungambakkam,2211,Noida Apparel Park,0.88,0.03173810594638732,0.9808481386513449,1,0,7,6,0,13648,11257.66
styleverse,styleverse,2026-08-10,2026,32,ST06,Value,SV1029,FTW,Footwear,Footwear,,,,,,,,,,5920,8.6863,0,0,1,7,0,0,0,,,,,0.28,-1.5,1.02,0.28,,Shoes,Sneakers,,518,Frost Sneaker,Chennai · Nungambakkam,2105,Bengaluru Cut & Sew,0.91,0.3808204898068962,1.196133396262303,7,0,13,6,0,5336,15464.555
styleverse,styleverse,2026-08-10,2026,32,ST06,Value,SV1030,ACC,Accessories,Accessories,,,,,,,,,,3310,8.105,0,0,1,7,0,0,0,,,,,0.5,-2.6,0.95,0.5,,Accessories,Socks,,519,Kite Wool Scarf,Chennai · Nungambakkam,1550,Surat Textile Mills,0.73,0.4458575688084878,1.521477649419103,15,0,21,6,0,13284,12043.621
styleverse,styleverse,2026-08-10,2026,32,ST06,Value,SV1031,ACT,Activewear,Activewear,,,,,,,,,,6210,8.7341,0,0,1,7,0,0,0,,,,,0.35,-2.1,0.9,0.35,,Swimwear,Swimwear bottom,,520,Juniper Legging,Chennai · Nungambakkam,2362,Tirupur Knits,0.94,0.6996765068041628,0.4206265164772048,1,0,6,5,0,6443,13265.386
styleverse,styleverse,2026-08-10,2026,32,ST06,Value,SV1032,BAS,Basics,Basics,,,,,,,,,,3390,8.1289,0,0,1,7,0,0,0,,,,,0.2,-1.2,0.82,0.2,,Jersey Fancy,Trousers,,521,Atlas Oxford Shirt,Chennai · Nungambakkam,1756,Ludhiana Woollens,0.81,0.03165193639782208,2.296161732252222,6,0,18,12,0,50459,14752.2
styleverse,styleverse,2026-08-10,2026,32,ST06,Value,SV1033,OUT,Outerwear,Outerwear,,,,,,,,,,6710,8.8115,0,0,1,7,0,0,0,,,,,0.42,-1.6,1.35,0.42,,Outdoor,Jacket,,522,Wren Trench,Chennai · Nungambakkam,2747,Noida Apparel Park,0.88,0.8380902445171179,2.129366399510764,13,0,62,49,0,5810,11186.631
styleverse,styleverse,2026-08-10,2026,32,ST06,Value,SV1034,DEN,Denim,Denim,,,,,,,,,,1510,7.3205,0,0,1,7,0,0,0,,,,,0.3,-1.9,1.05,0.3,,Trousers Denim,Trousers,,523,Solstice Denim Jacket,Chennai · Nungambakkam,567,Bengaluru Cut & Sew,0.91,0.1214740741986566,1.105977274850011,4,0,15,11,0,3100,15105.823
styleverse,styleverse,2026-08-10,2026,32,ST06,Value,SV1035,KNT,Knitwear,Knitwear,,,,,,,,,,2380,7.7753,0,0,1,7,0,0,0,,,,,0.38,-1.7,1.28,0.38,,Knitwear,Sweater,,524,Ember Cardigan,Chennai · Nungambakkam,1068,Surat Textile Mills,0.73,0.2648020564726302,1.840806051413529,16,0,34,18,0,7462,11420.743
styleverse,styleverse,2026-08-10,2026,32,ST06,Value,SV1036,DRS,Dresses,Dresses,,,,,,,,,,7260,8.8903,0,0,1,7,0,0,0,,,,,0.46,-2.4,0.88,0.46,,Dresses Ladies,Dress,,525,Bramble Wrap Dress,Chennai · Nungambakkam,2544,Tirupur Knits,0.94,0.1809163522028074,1.586408562108409,18,0,24,6,0,13648,11257.66
styleverse,styleverse,2026-08-10,2026,32,ST06,Value,SV1037,FTW,Footwear,Footwear,,,,,,,,,,2830,7.9484,0,0,1,7,0,0,0,,,,,0.28,-1.5,1.02,0.28,,Shoes,Sneakers,,526,Nomad Loafer,Chennai · Nungambakkam,1262,Ludhiana Woollens,0.81,0.2090252379471189,1.250297783140559,13,0,16,3,0,5336,15474.887
styleverse,styleverse,2026-08-10,2026,32,ST06,Value,SV1038,ACC,Accessories,Accessories,,,,,,,,,,3060,8.0265,0,0,1,7,0,0,0,,,,,0.5,-2.6,0.95,0.5,,Accessories,Socks,,527,Quill Leather Belt,Chennai · Nungambakkam,1445,Noida Apparel Park,0.88,0.007393202186208772,0.5876451939344406,5,0,13,8,0,13284,12043.621
styleverse,styleverse,2026-08-10,2026,32,ST06,Value,SV1039,ACT,Activewear,Activewear,,,,,,,,,,6670,8.8055,0,0,1,7,0,0,0,,,,,0.35,-2.1,0.9,0.35,,Swimwear,Swimwear bottom,,528,Terra Training Tee,Chennai · Nungambakkam,2708,Bengaluru Cut & Sew,0.91,0.4171836434467621,2.336523539118935,6,0,13,7,0,6443,13265.386
styleverse,styleverse,2026-08-10,2026,32,ST06,Value,SV1040,BAS,Basics,Basics,,,,,,,,,,7450,8.9161,0,0,1,7,0,0,0,,,,,0.2,-1.2,0.82,0.2,,Jersey Fancy,Trousers,,529,Vane Pocket Tee,Chennai · Nungambakkam,2940,Surat Textile Mills,0.73,0.002820393425783629,2.008765591215342,6,0,11,5,0,50459,14752.2
styleverse,styleverse,2026-08-10,2026,32,ST06,Value,SV1041,OUT,Outerwear,Outerwear,,,,,,,,,,7410,8.9107,0,0,1,7,0,0,0,,,,,0.42,-1.6,1.35,0.42,,Outdoor,Jacket,,530,Ridge Puffer,Chennai · Nungambakkam,3332,Tirupur Knits,0.94,0.0435627136059113,2.20197754111141,23,0,30,7,0,5810,11186.631
styleverse,styleverse,2026-08-10,2026,32,ST06,Value,SV1042,DEN,Denim,Denim,,,,,,,,,,4380,8.385,0,0,1,7,0,0,0,,,,,0.3,-1.9,1.05,0.3,,Trousers Denim,Trousers,,531,Halcyon Slim Jean,Chennai · Nungambakkam,2131,Ludhiana Woollens,0.81,0.9887408026074843,2.043920635269024,12,0,17,5,0,3100,15081.678
styleverse,styleverse,2026-08-10,2026,32,ST06,Value,SV1043,KNT,Knitwear,Knitwear,,,,,,,,,,6960,8.8481,0,0,1,7,0,0,0,,,,,0.38,-1.7,1.28,0.38,,Knitwear,Sweater,,532,Marlow Roll Neck,Chennai · Nungambakkam,2383,Noida Apparel Park,0.88,0.9085906236820459,2.192920150840655,16,0,24,8,0,7462,11410.411
styleverse,styleverse,2026-08-10,2026,32,ST06,Value,SV1044,DRS,Dresses,Dresses,,,,,,,,,,7890,8.9735,0,0,1,7,0,0,0,,,,,0.46,-2.4,0.88,0.46,,Dresses Ladies,Dress,,533,Vesper Slip Dress,Chennai · Nungambakkam,3806,Bengaluru Cut & Sew,0.91,0.01245378846378043,2.393102823023219,14,0,22,8,0,13648,11257.66
styleverse,styleverse,2026-08-10,2026,32,ST06,Value,SV1045,FTW,Footwear,Footwear,,,,,,,,,,7790,8.9607,0,0,1,7,0,0,0,,,,,0.28,-1.5,1.02,0.28,,Shoes,Sneakers,,534,Cadence Chelsea Boot,Chennai · Nungambakkam,3586,Surat Textile Mills,0.73,0.1529144424096149,0.5836417549522593,10,0,14,4,0,5336,15464.555
styleverse,styleverse,2026-08-10,2026,32,ST06,Value,SV1046,ACC,Accessories,Accessories,,,,,,,,,,1210,7.0992,0,0,1,7,0,0,0,,,,,0.5,-2.6,0.95,0.5,,Accessories,Socks,,535,Orbit Tote,Chennai · Nungambakkam,569,Tirupur Knits,0.94,0.2170451900779814,0.7925029642879963,1,0,10,9,0,13284,12074.277
styleverse,styleverse,2026-08-10,2026,32,ST06,Value,SV1047,ACT,Activewear,Activewear,,,,,,,,,,6480,8.7766,0,0,1,7,0,0,0,,,,,0.35,-2.1,0.9,0.35,,Swimwear,Swimwear bottom,,536,Linden Track Pant,Chennai · Nungambakkam,2316,Ludhiana Woollens,0.81,0.2482315711179312,1.79877608603565,13,0,19,6,0,6443,13265.386
styleverse,styleverse,2026-08-10,2026,32,ST06,Value,SV1048,BAS,Basics,Basics,,,,,,,,,,5000,8.5174,0,0,1,7,0,0,0,,,,,0.2,-1.2,0.82,0.2,,Jersey Fancy,Trousers,,537,Sable Chino,Chennai · Nungambakkam,2269,Noida Apparel Park,0.88,0.1181166746469051,1.298419906955678,5,0,19,14,0,50459,14752.2
styleverse,styleverse,2026-08-10,2026,32,ST06,Value,SV1049,OUT,Outerwear,Outerwear,,,,,,,,,,1000,6.9088,0,0,1,7,0,0,0,,,,,0.42,-1.6,1.35,0.42,,Outdoor,Jacket,,538,Frost Parka,Chennai · Nungambakkam,396,Bengaluru Cut & Sew,0.91,0.9174829560221631,0.6186554293031804,5,0,13,8,0,5810,11269.472
styleverse,styleverse,2026-08-10,2026,32,ST06,Value,SV1050,DEN,Denim,Denim,,,,,,,,,,1560,7.3531,0,0,1,7,0,0,0,,,,,0.3,-1.9,1.05,0.3,,Trousers Denim,Trousers,,539,Kite Straight Jean,Chennai · Nungambakkam,742,Surat Textile Mills,0.73,0.000109195788150042,0.667293306812644,3,0,7,4,0,3100,15105.823
styleverse,styleverse,2026-08-10,2026,32,ST06,Value,SV1051,KNT,Knitwear,Knitwear,,,,,,,,,,1760,7.4736,0,0,1,7,0,0,0,,,,,0.38,-1.7,1.28,0.38,,Knitwear,Sweater,,540,Juniper Crew Sweater,Chennai · Nungambakkam,663,Tirupur Knits,0.94,0.002342009633203911,1.302148446231149,6,0,15,9,0,7462,11464.69
styleverse,styleverse,2026-08-10,2026,32,ST06,Value,SV1052,DRS,Dresses,Dresses,,,,,,,,,,4870,8.4911,0,0,1,7,0,0,0,,,,,0.46,-2.4,0.88,0.46,,Dresses Ladies,Dress,,541,Atlas Midi Dress,Chennai · Nungambakkam,2464,Ludhiana Woollens,0.81,0.8662274796403324,1.207550696178805,4,0,12,8,0,13648,11257.66
styleverse,styleverse,2026-08-10,2026,32,ST06,Value,SV1053,FTW,Footwear,Footwear,,,,,,,,,,6950,8.8466,0,0,1,7,0,0,0,,,,,0.28,-1.5,1.02,0.28,,Shoes,Sneakers,,542,Wren Sneaker,Chennai · Nungambakkam,2668,Noida Apparel Park,0.88,0.3067643340138342,1.303361503547058,8,7,24,16,0,5336,15464.555
styleverse,styleverse,2026-08-10,2026,32,ST06,Value,SV1054,ACC,Accessories,Accessories,,,,,,,,,,2920,7.9797,0,0,1,7,0,0,0,,,,,0.5,-2.6,0.95,0.5,,Accessories,Socks,,543,Solstice Wool Scarf,Chennai · Nungambakkam,1070,Bengaluru Cut & Sew,0.91,0.1289997908725003,1.210966180276591,4,0,20,16,0,13284,12043.621
styleverse,styleverse,2026-08-10,2026,32,ST06,Value,SV1055,ACT,Activewear,Activewear,,,,,,,,,,6980,8.8509,0,0,1,7,0,0,0,,,,,0.35,-2.1,0.9,0.35,,Swimwear,Swimwear bottom,,544,Ember Legging,Chennai · Nungambakkam,2917,Surat Textile Mills,0.73,0.05456749443744185,2.364772333437577,15,0,41,26,0,6443,13265.386
styleverse,styleverse,2026-08-10,2026,32,ST06,Value,SV1056,BAS,Basics,Basics,,,,,,,,,,6240,8.7389,0,0,1,7,0,0,0,,,,,0.2,-1.2,0.82,0.2,,Jersey Fancy,Trousers,,545,Bramble Oxford Shirt,Chennai · Nungambakkam,3137,Tirupur Knits,0.94,0.1103435317428238,1.5337444306002,14,0,24,10,0,50459,14752.2
styleverse,styleverse,2026-08-10,2026,32,ST06,Value,SV1057,OUT,Outerwear,Outerwear,,,,,,,,,,3010,8.01,0,0,1,7,0,0,0,,,,,0.42,-1.6,1.35,0.42,,Outdoor,Jacket,,546,Nomad Trench,Chennai · Nungambakkam,1094,Ludhiana Woollens,0.81,0.6791874150681991,1.548779819358606,9,0,28,19,0,5810,11186.631
styleverse,styleverse,2026-08-10,2026,32,ST06,Value,SV1058,DEN,Denim,Denim,,,,,,,,,,890,6.7923,0,0,1,7,0,0,0,,,,,0.3,-1.9,1.05,0.3,,Trousers Denim,Trousers,,547,Quill Denim Jacket,Chennai · Nungambakkam,396,Noida Apparel Park,0.88,0.0004442486086063171,2.191100384132005,14,0,44,30,0,3100,15158.13
styleverse,styleverse,2026-08-10,2026,32,ST06,Value,SV1059,KNT,Knitwear,Knitwear,,,,,,,,,,7730,8.953,0,0,1,7,0,0,0,,,,,0.38,-1.7,1.28,0.38,,Knitwear,Sweater,,548,Terra Cardigan,Chennai · Nungambakkam,3994,Bengaluru Cut & Sew,0.91,0.258946915839418,1.879952940181829,24,5,31,7,0,7462,11410.411
styleverse,styleverse,2026-08-10,2026,32,ST06,Value,SV1060,DRS,Dresses,Dresses,,,,,,,,,,7740,8.9543,0,0,1,7,0,0,0,,,,,0.46,-2.4,0.88,0.46,,Dresses Ladies,Dress,,549,Vane Wrap Dress,Chennai · Nungambakkam,2751,Surat Textile Mills,0.73,0.2466741816975533,2.255318588833325,26,0,32,6,0,13648,11257.66
styleverse,styleverse,2026-08-10,2026,32,ST06,Value,SV1061,FTW,Footwear,Footwear,,,,,,,,,,720,6.5806,0,0,1,7,0,0,0,,,,,0.28,-1.5,1.02,0.28,,Shoes,Sneakers,,550,Ridge Loafer,Chennai · Nungambakkam,353,Tirupur Knits,0.94,0.0568518042423005,0.4814065671758726,1,1,4,3,0,5336,15555.793
styleverse,styleverse,2026-08-10,2026,32,ST06,Value,SV1062,ACC,Accessories,Accessories,,,,,,,,,,7580,8.9334,0,0,1,7,0,0,0,,,,,0.5,-2.6,0.95,0.5,,Accessories,Socks,,551,Halcyon Leather Belt,Chennai · Nungambakkam,3157,Ludhiana Woollens,0.81,0.5674489934166798,0.6221197694190778,2,0,5,3,0,13284,12043.621
styleverse,styleverse,2026-08-10,2026,32,ST06,Value,SV1063,ACT,Activewear,Activewear,,,,,,,,,,7130,8.8722,0,0,1,7,0,0,0,,,,,0.35,-2.1,0.9,0.35,,Swimwear,Swimwear bottom,,552,Marlow Training Tee,Chennai · Nungambakkam,3694,Noida Apparel Park,0.88,0.2998890134922212,0.8408930444507859,5,0,7,2,0,6443,13265.386
styleverse,styleverse,2026-08-10,2026,32,ST06,Value,SV1064,BAS,Basics,Basics,,,,,,,,,,6170,8.7276,0,0,1,7,0,0,0,,,,,0.2,-1.2,0.82,0.2,,Jersey Fancy,Trousers,,553,Vesper Pocket Tee,Chennai · Nungambakkam,2913,Bengaluru Cut & Sew,0.91,0.3304141741215317,1.860736350610387,8,0,24,16,0,50459,14752.2
styleverse,styleverse,2026-08-10,2026,32,ST06,Value,SV1065,OUT,Outerwear,Outerwear,,,,,,,,,,4260,8.3573,0,0,1,7,0,0,0,,,,,0.42,-1.6,1.35,0.42,,Outdoor,Jacket,,554,Cadence Puffer,Chennai · Nungambakkam,1913,Surat Textile Mills,0.73,0.3824288552200608,2.414744753472041,38,0,51,13,0,5810,11186.631
styleverse,styleverse,2026-08-10,2026,32,ST06,Value,SV1066,DEN,Denim,Denim,,,,,,,,,,3770,8.2351,0,0,1,7,0,0,0,,,,,0.3,-1.9,1.05,0.3,,Trousers Denim,Trousers,,555,Orbit Slim Jean,Chennai · Nungambakkam,1664,Tirupur Knits,0.94,0.004983896916865459,0.4804003967088647,5,0,11,6,0,3100,15081.678
styleverse,styleverse,2026-08-10,2026,32,ST06,Value,SV1067,KNT,Knitwear,Knitwear,,,,,,,,,,1110,7.013,0,0,1,7,0,0,0,,,,,0.38,-1.7,1.28,0.38,,Knitwear,Sweater,,556,Linden Roll Neck,Chennai · Nungambakkam,570,Ludhiana Woollens,0.81,0.01557002559334403,2.406669184239581,9,0,22,13,0,7462,11505.053
styleverse,styleverse,2026-08-10,2026,32,ST06,Value,SV1068,DRS,Dresses,Dresses,,,,,,,,,,7540,8.9281,0,0,1,7,0,0,0,,,,,0.46,-2.4,0.88,0.46,,Dresses Ladies,Dress,,557,Sable Slip Dress,Chennai · Nungambakkam,3626,Noida Apparel Park,0.88,0.909407156974846,1.008846410980914,11,0,18,7,0,13648,11257.66
styleverse,styleverse,2026-08-10,2026,32,ST06,Value,SV1069,FTW,Footwear,Footwear,,,,,,,,,,4980,8.5134,0,0,1,7,0,0,0,,,,,0.28,-1.5,1.02,0.28,,Shoes,Sneakers,,558,Frost Chelsea Boot,Chennai · Nungambakkam,1958,Bengaluru Cut & Sew,0.91,0.4408803308759775,0.8281039439258165,5,0,11,6,0,5336,15464.555
styleverse,styleverse,2026-08-10,2026,32,ST06,Value,SV1070,ACC,Accessories,Accessories,,,,,,,,,,6880,8.8365,0,0,1,7,0,0,0,,,,,0.5,-2.6,0.95,0.5,,Accessories,Socks,,559,Kite Tote,Chennai · Nungambakkam,3510,Surat Textile Mills,0.73,0.136824620106726,2.520019435696304,39,0,51,12,0,13284,12043.621
styleverse,styleverse,2026-08-10,2026,32,ST06,Value,SV1071,ACT,Activewear,Activewear,,,,,,,,,,1270,7.1476,0,0,1,7,0,0,0,,,,,0.35,-2.1,0.9,0.35,,Swimwear,Swimwear bottom,,560,Juniper Track Pant,Chennai · Nungambakkam,606,Tirupur Knits,0.94,0.01601753949250654,1.522598491131794,3,0,15,12,0,6443,13273.388
styleverse,styleverse,2026-08-10,2026,32,ST06,Value,SV1072,BAS,Basics,Basics,,,,,,,,,,4430,8.3964,0,0,0,7,7,0,0,,,,,0.2,-1.2,0.82,0.2,,Jersey Fancy,Trousers,,561,Atlas Chino,Chennai · Nungambakkam,1943,Ludhiana Woollens,0.81,0.4360671361412766,1.231972052098718,0,3,14,6,0,50459,14752.2
styleverse,styleverse,2026-08-10,2026,32,ST06,Value,SV1073,OUT,Outerwear,Outerwear,,,,,,,,,,2080,7.6406,0,0,1,7,0,0,0,,,,,0.42,-1.6,1.35,0.42,,Outdoor,Jacket,,562,Wren Parka,Chennai · Nungambakkam,747,Noida Apparel Park,0.88,0.2767021793360135,2.323728581215255,27,0,36,9,0,5810,11224.008
styleverse,styleverse,2026-08-10,2026,32,ST06,Value,SV1074,DEN,Denim,Denim,,,,,,,,,,7750,8.9556,0,0,1,7,0,0,0,,,,,0.3,-1.9,1.05,0.3,,Trousers Denim,Trousers,,563,Solstice Straight Jean,Chennai · Nungambakkam,3393,Bengaluru Cut & Sew,0.91,0.08878007604754459,1.483006234129425,7,0,19,12,0,3100,15081.678
styleverse,styleverse,2026-08-10,2026,32,ST06,Value,SV1075,KNT,Knitwear,Knitwear,,,,,,,,,,3560,8.1778,0,0,1,7,0,0,0,,,,,0.38,-1.7,1.28,0.38,,Knitwear,Sweater,,564,Ember Crew Sweater,Chennai · Nungambakkam,1718,Surat Textile Mills,0.73,0.1386092397122004,1.974883440788835,38,0,50,12,0,7462,11410.411
styleverse,styleverse,2026-08-10,2026,32,ST06,Value,SV1076,DRS,Dresses,Dresses,,,,,,,,,,3570,8.1806,0,0,1,7,0,0,0,,,,,0.46,-2.4,0.88,0.46,,Dresses Ladies,Dress,,565,Bramble Midi Dress,Chennai · Nungambakkam,1457,Tirupur Knits,0.94,0.2422264629855932,0.7405152785591781,3,0,8,5,0,13648,11257.66
styleverse,styleverse,2026-08-10,2026,32,ST06,Value,SV1077,FTW,Footwear,Footwear,,,,,,,,,,5840,8.6727,0,0,0,7,7,0,0,,,,,0.28,-1.5,1.02,0.28,,Shoes,Sneakers,,566,Nomad Sneaker,Chennai · Nungambakkam,2864,Ludhiana Woollens,0.81,0.10330061976831,2.416477797343396,0,0,40,10,0,5336,15464.555
styleverse,styleverse,2026-08-10,2026,32,ST06,Value,SV1078,ACC,Accessories,Accessories,,,,,,,,,,1190,7.0825,0,0,1,7,0,0,0,,,,,0.5,-2.6,0.95,0.5,,Accessories,Socks,,567,Quill Wool Scarf,Chennai · Nungambakkam,443,Noida Apparel Park,0.88,0.373888154387841,1.693079524289351,18,0,29,11,0,13284,12074.277
styleverse,styleverse,2026-08-10,2026,32,ST06,Value,SV1079,ACT,Activewear,Activewear,,,,,,,,,,4570,8.4275,0,0,1,7,0,0,0,,,,,0.35,-2.1,0.9,0.35,,Swimwear,Swimwear bottom,,568,Terra Legging,Chennai · Nungambakkam,1767,Bengaluru Cut & Sew,0.91,0.08671028666845525,2.156171307805926,14,0,26,12,0,6443,13265.386
styleverse,styleverse,2026-08-10,2026,32,ST06,Value,SV1080,BAS,Basics,Basics,,,,,,,,,,2950,7.9899,0,0,1,7,0,0,0,,,,,0.2,-1.2,0.82,0.2,,Jersey Fancy,Trousers,,569,Vane Oxford Shirt,Chennai · Nungambakkam,1283,Surat Textile Mills,0.73,0.04884635464280715,0.64455648973817,1,0,10,9,0,50459,14752.2
styleverse,styleverse,2026-08-10,2026,32,ST06,Value,SV1081,OUT,Outerwear,Outerwear,,,,,,,,,,4990,8.5154,0,0,1,7,0,0,0,,,,,0.42,-1.6,1.35,0.42,,Outdoor,Jacket,,570,Ridge Trench,Chennai · Nungambakkam,2311,Tirupur Knits,0.94,0.9287739378302152,0.5369263643748127,1,0,6,5,0,5810,11186.631
styleverse,styleverse,2026-08-10,2026,32,ST06,Value,SV1082,DEN,Denim,Denim,,,,,,,,,,730,6.5944,0,0,1,7,0,0,0,,,,,0.3,-1.9,1.05,0.3,,Trousers Denim,Trousers,,571,Halcyon Denim Jacket,Chennai · Nungambakkam,292,Ludhiana Woollens,0.81,0.5100741527779509,1.192133984260727,10,0,13,3,0,3100,15167.76
styleverse,styleverse,2026-08-10,2026,32,ST06,Value,SV1083,KNT,Knitwear,Knitwear,,,,,,,,,,7550,8.9294,0,0,1,7,0,0,0,,,,,0.38,-1.7,1.28,0.38,,Knitwear,Sweater,,572,Marlow Cardigan,Chennai · Nungambakkam,3052,Noida Apparel Park,0.88,0.0007357902348707216,1.946573286224157,7,0,35,28,0,7462,11410.411
styleverse,styleverse,2026-08-10,2026,32,ST06,Value,SV1084,DRS,Dresses,Dresses,,,,,,,,,,5790,8.6641,0,0,1,7,0,0,0,,,,,0.46,-2.4,0.88,0.46,,Dresses Ladies,Dress,,573,Vesper Wrap Dress,Chennai · Nungambakkam,2773,Bengaluru Cut & Sew,0.91,0.0005611510406343915,2.297405374085065,5,0,35,30,0,13648,11257.66
styleverse,styleverse,2026-08-10,2026,32,ST06,Value,SV1085,FTW,Footwear,Footwear,,,,,,,,,,7480,8.9201,0,0,1,7,0,0,0,,,,,0.28,-1.5,1.02,0.28,,Shoes,Sneakers,,574,Cadence Loafer,Chennai · Nungambakkam,3572,Surat Textile Mills,0.73,0.03855127980870929,1.759503437811509,20,11,37,17,0,5336,15464.555
styleverse,styleverse,2026-08-10,2026,32,ST06,Value,SV1086,ACC,Accessories,Accessories,,,,,,,,,,720,6.5806,0,0,1,7,0,0,0,,,,,0.5,-2.6,0.95,0.5,,Accessories,Socks,,575,Orbit Leather Belt,Chennai · Nungambakkam,329,Tirupur Knits,0.94,0.2184562591442348,1.241997508180793,4,2,15,11,0,13284,12125.441
styleverse,styleverse,2026-08-10,2026,32,ST06,Value,SV1087,ACT,Activewear,Activewear,,,,,,,,,,6900,8.8394,0,0,1,7,0,0,0,,,,,0.35,-2.1,0.9,0.35,,Swimwear,Swimwear bottom,,576,Linden Training Tee,Chennai · Nungambakkam,3442,Ludhiana Woollens,0.81,0.7639314784653447,1.379480650788173,6,0,24,18,0,6443,13265.386
styleverse,styleverse,2026-08-10,2026,32,ST06,Value,SV1088,BAS,Basics,Basics,,,,,,,,,,7050,8.8609,0,0,1,7,0,0,0,,,,,0.2,-1.2,0.82,0.2,,Jersey Fancy,Trousers,,577,Sable Pocket Tee,Chennai · Nungambakkam,3201,Noida Apparel Park,0.88,0.01622694992155091,0.8353109819232486,7,0,8,1,0,50459,14752.2
styleverse,styleverse,2026-08-10,2026,32,ST06,Value,SV1089,OUT,Outerwear,Outerwear,,,,,,,,,,4010,8.2968,0,0,1,7,0,0,0,,,,,0.42,-1.6,1.35,0.42,,Outdoor,Jacket,,578,Frost Puffer,Chennai · Nungambakkam,1601,Bengaluru Cut & Sew,0.91,0.002312112545000055,1.895861339778639,7,11,39,32,0,5810,11186.631
styleverse,styleverse,2026-08-10,2026,32,ST06,Value,SV1090,DEN,Denim,Denim,,,,,,,,,,4010,8.2968,0,0,1,7,0,0,0,,,,,0.3,-1.9,1.05,0.3,,Trousers Denim,Trousers,,579,Kite Slim Jean,Chennai · Nungambakkam,1379,Surat Textile Mills,0.73,0.4502396242815292,1.537483650515787,23,0,30,7,0,3100,15081.678
styleverse,styleverse,2026-08-10,2026,32,ST06,Value,SV1091,KNT,Knitwear,Knitwear,,,,,,,,,,2590,7.8598,0,0,1,7,0,0,0,,,,,0.38,-1.7,1.28,0.38,,Knitwear,Sweater,,580,Juniper Roll Neck,Chennai · Nungambakkam,957,Tirupur Knits,0.94,0.643793669042698,1.545455432927702,11,5,17,6,0,7462,11420.743
styleverse,styleverse,2026-08-10,2026,32,ST06,Value,SV1092,DRS,Dresses,Dresses,,,,,,,,,,2990,8.0034,0,0,1,7,0,0,0,,,,,0.46,-2.4,0.88,0.46,,Dresses Ladies,Dress,,581,Atlas Slip Dress,Chennai · Nungambakkam,1538,Ludhiana Woollens,0.81,0.4671161643327494,1.063668687676545,6,0,9,3,0,13648,11257.66
styleverse,styleverse,2026-08-10,2026,32,ST06,Value,SV1093,FTW,Footwear,Footwear,,,,,,,,,,4960,8.5094,0,0,1,7,0,0,0,,,,,0.28,-1.5,1.02,0.28,,Shoes,Sneakers,,582,Wren Chelsea Boot,Chennai · Nungambakkam,1707,Noida Apparel Park,0.88,0.06849265459445182,1.409061137784738,11,0,23,12,0,5336,15464.555
styleverse,styleverse,2026-08-10,2026,32,ST06,Value,SV1094,ACC,Accessories,Accessories,,,,,,,,,,2620,7.8713,0,0,1,7,0,0,0,,,,,0.5,-2.6,0.95,0.5,,Accessories,Socks,,583,Solstice Tote,Chennai · Nungambakkam,1227,Bengaluru Cut & Sew,0.91,0.6166618806114095,2.034362682455685,28,0,44,16,0,13284,12053.953
styleverse,styleverse,2026-08-10,2026,32,ST06,Value,SV1095,ACT,Activewear,Activewear,,,,,,,,,,2350,7.7626,0,0,1,7,0,0,0,,,,,0.35,-2.1,0.9,0.35,,Swimwear,Swimwear bottom,,584,Ember Track Pant,Chennai · Nungambakkam,923,Surat Textile Mills,0.73,0.04821345073186504,1.449043303634971,7,0,10,3,0,6443,13275.718
styleverse,styleverse,2026-08-10,2026,32,ST06,Value,SV1096,BAS,Basics,Basics,,,,,,,,,,860,6.7581,0,0,1,7,0,0,0,,,,,0.2,-1.2,0.82,0.2,,Jersey Fancy,Trousers,,585,Bramble Chino,Chennai · Nungambakkam,330,Tirupur Knits,0.94,0.3597012292967132,2.482433456892613,24,0,39,15,0,50459,14855.627
styleverse,styleverse,2026-08-10,2026,32,ST06,Value,SV1097,OUT,Outerwear,Outerwear,,,,,,,,,,2430,7.7961,0,0,1,7,0,0,0,,,,,0.42,-1.6,1.35,0.42,,Outdoor,Jacket,,586,Nomad Parka,Chennai · Nungambakkam,1249,Ludhiana Woollens,0.81,0.01760374891013752,1.246017925231718,16,0,20,4,0,5810,11196.963
styleverse,styleverse,2026-08-10,2026,32,ST06,Value,SV1098,DEN,Denim,Denim,,,,,,,,,,5260,8.5681,0,0,1,7,0,0,0,,,,,0.3,-1.9,1.05,0.3,,Trousers Denim,Trousers,,587,Quill Straight Jean,Chennai · Nungambakkam,2325,Noida Apparel Park,0.88,0.03626853458267992,1.974982425302733,11,0,18,7,0,3100,15081.678
styleverse,styleverse,2026-08-10,2026,32,ST06,Value,SV1099,KNT,Knitwear,Knitwear,,,,,,,,,,1530,7.3337,0,0,1,7,0,0,0,,,,,0.38,-1.7,1.28,0.38,,Knitwear,Sweater,,588,Terra Crew Sweater,Chennai · Nungambakkam,538,Bengaluru Cut & Sew,0.91,0.001294333175926447,0.6112819288042374,7,0,9,2,0,7462,11451.583
styleverse,styleverse,2026-08-10,2026,32,ST06,Value,SV1100,DRS,Dresses,Dresses,,,,,,,,,,5720,8.6519,0,0,1,7,0,0,0,,,,,0.46,-2.4,0.88,0.46,,Dresses Ladies,Dress,,589,Vane Midi Dress,Chennai · Nungambakkam,2384,Surat Textile Mills,0.73,0.4859671978736997,1.306965873832814,10,0,15,5,0,13648,11257.66
styleverse,styleverse,2026-08-10,2026,32,ST07,Value,SV1001,OUT,Outerwear,Outerwear,,,,,,,,,,2680,7.8939,0,0,1,7,0,0,0,,,,,0.42,-1.6,1.35,0.42,,Outdoor,Jacket,,590,Ridge Parka,Kolkata · Park Street,1173,Tirupur Knits,0.94,0.5843617511401088,1.378171070618555,11,0,15,4,0,5810,11196.963
styleverse,styleverse,2026-08-10,2026,32,ST07,Value,SV1002,DEN,Denim,Denim,,,,,,,,,,4610,8.4362,0,0,1,7,0,0,0,,,,,0.3,-1.9,1.05,0.3,,Trousers Denim,Trousers,,591,Halcyon Straight Jean,Kolkata · Park Street,1972,Ludhiana Woollens,0.81,0.0831227490959891,1.841171421192121,20,0,36,16,0,3100,15081.678
styleverse,styleverse,2026-08-10,2026,32,ST07,Value,SV1003,KNT,Knitwear,Knitwear,,,,,,,,,,4400,8.3896,0,0,1,7,0,0,0,,,,,0.38,-1.7,1.28,0.38,,Knitwear,Sweater,,592,Marlow Crew Sweater,Kolkata · Park Street,1564,Noida Apparel Park,0.88,0.1810419825517486,0.3812452738871798,4,0,5,1,0,7462,11410.411
styleverse,styleverse,2026-08-10,2026,32,ST07,Value,SV1004,DRS,Dresses,Dresses,,,,,,,,,,6960,8.8481,0,0,1,7,0,0,0,,,,,0.46,-2.4,0.88,0.46,,Dresses Ladies,Dress,,593,Vesper Midi Dress,Kolkata · Park Street,2727,Bengaluru Cut & Sew,0.91,0.07573628524851254,0.6613548761466518,4,0,5,1,0,13648,11257.66
styleverse,styleverse,2026-08-10,2026,32,ST07,Value,SV1005,FTW,Footwear,Footwear,,,,,,,,,,5170,8.5508,0,0,1,7,0,0,0,,,,,0.28,-1.5,1.02,0.28,,Shoes,Sneakers,,594,Cadence Sneaker,Kolkata · Park Street,2124,Surat Textile Mills,0.73,0.2141044805676707,1.488332889066078,9,0,15,6,0,5336,15464.555
styleverse,styleverse,2026-08-10,2026,32,ST07,Value,SV1006,ACC,Accessories,Accessories,,,,,,,,,,2580,7.8559,0,0,1,7,0,0,0,,,,,0.5,-2.6,0.95,0.5,,Accessories,Socks,,595,Orbit Wool Scarf,Kolkata · Park Street,898,Tirupur Knits,0.94,0.0005917971634623065,0.8234393561375327,2,0,9,7,0,13284,12053.953
styleverse,styleverse,2026-08-10,2026,32,ST07,Value,SV1007,ACT,Activewear,Activewear,,,,,,,,,,6710,8.8115,0,0,1,7,0,0,0,,,,,0.35,-2.1,0.9,0.35,,Swimwear,Swimwear bottom,,596,Linden Legging,Kolkata · Park Street,2439,Ludhiana Woollens,0.81,0.6777078019342075,0.9387907859287224,6,0,11,5,0,6443,13265.386
styleverse,styleverse,2026-08-10,2026,32,ST07,Value,SV1008,BAS,Basics,Basics,,,,,,,,,,7640,8.9413,0,0,1,7,0,0,0,,,,,0.2,-1.2,0.82,0.2,,Jersey Fancy,Trousers,,597,Sable Oxford Shirt,Kolkata · Park Street,3332,Noida Apparel Park,0.88,0.7771817858091377,1.853309070249088,3,0,21,18,0,50459,14752.2
styleverse,styleverse,2026-08-10,2026,32,ST07,Value,SV1009,OUT,Outerwear,Outerwear,,,,,,,,,,3880,8.2638,0,0,1,7,0,0,0,,,,,0.42,-1.6,1.35,0.42,,Outdoor,Jacket,,598,Frost Trench,Kolkata · Park Street,1398,Bengaluru Cut & Sew,0.91,0.3563938032865699,1.289053673413582,9,0,12,3,0,5810,11186.631
styleverse,styleverse,2026-08-10,2026,32,ST07,Value,SV1010,DEN,Denim,Denim,,,,,,,,,,910,6.8145,0,0,1,7,0,0,0,,,,,0.3,-1.9,1.05,0.3,,Trousers Denim,Trousers,,599,Kite Denim Jacket,Kolkata · Park Street,467,Surat Textile Mills,0.73,0.5993439873992962,2.595437742676586,32,0,42,10,0,3100,15158.13
styleverse,styleverse,2026-08-10,2026,32,ST07,Value,SV1011,KNT,Knitwear,Knitwear,,,,,,,,,,2590,7.8598,0,0,1,7,0,0,0,,,,,0.38,-1.7,1.28,0.38,,Knitwear,Sweater,,600,Juniper Cardigan,Kolkata · Park Street,1081,Tirupur Knits,0.94,0.911053318813002,1.221256928832736,5,0,18,13,0,7462,11420.743
styleverse,styleverse,2026-08-10,2026,32,ST07,Value,SV1012,DRS,Dresses,Dresses,,,,,,,,,,5650,8.6396,0,0,1,7,0,0,0,,,,,0.46,-2.4,0.88,0.46,,Dresses Ladies,Dress,,601,Atlas Wrap Dress,Kolkata · Park Street,2733,Ludhiana Woollens,0.81,0.0428499994319462,0.855760169646237,5,0,8,3,0,13648,11257.66
styleverse,styleverse,2026-08-10,2026,32,ST07,Value,SV1013,FTW,Footwear,Footwear,,,,,,,,,,3410,8.1348,0,0,1,7,0,0,0,,,,,0.28,-1.5,1.02,0.28,,Shoes,Sneakers,,602,Wren Loafer,Kolkata · Park Street,1396,Noida Apparel Park,0.88,0.0002117384920995118,2.506510979286395,10,14,51,41,0,5336,15464.555
styleverse,styleverse,2026-08-10,2026,32,ST07,Value,SV1014,ACC,Accessories,Accessories,,,,,,,,,,1230,7.1156,0,0,1,7,0,0,0,,,,,0.5,-2.6,0.95,0.5,,Accessories,Socks,,603,Solstice Leather Belt,Kolkata · Park Street,545,Bengaluru Cut & Sew,0.91,0.6239036785591954,2.244067377375905,9,0,25,16,0,13284,12074.277
styleverse,styleverse,2026-08-10,2026,32,ST07,Value,SV1015,ACT,Activewear,Activewear,,,,,,,,,,1280,7.1554,0,0,1,7,0,0,0,,,,,0.35,-2.1,0.9,0.35,,Swimwear,Swimwear bottom,,604,Ember Training Tee,Kolkata · Park Street,568,Surat Textile Mills,0.73,0.06491628351413166,2.102367372624576,4,5,13,9,0,6443,13273.388
styleverse,styleverse,2026-08-10,2026,32,ST07,Value,SV1016,BAS,Basics,Basics,,,,,,,,,,4210,8.3455,0,0,1,7,0,0,0,,,,,0.2,-1.2,0.82,0.2,,Jersey Fancy,Trousers,,605,Bramble Pocket Tee,Kolkata · Park Street,1547,Tirupur Knits,0.94,0.0139571064731684,1.915859303984325,5,0,9,4,0,50459,14752.2
styleverse,styleverse,2026-08-10,2026,32,ST07,Value,SV1017,OUT,Outerwear,Outerwear,,,,,,,,,,2220,7.7057,0,0,1,7,0,0,0,,,,,0.42,-1.6,1.35,0.42,,Outdoor,Jacket,,606,Nomad Puffer,Kolkata · Park Street,849,Ludhiana Woollens,0.81,0.6679093631096121,1.47514378526248,17,0,27,10,0,5810,11196.963
styleverse,styleverse,2026-08-10,2026,32,ST07,Value,SV1018,DEN,Denim,Denim,,,,,,,,,,1450,7.28,0,0,1,7,0,0,0,,,,,0.3,-1.9,1.05,0.3,,Trousers Denim,Trousers,,607,Quill Slim Jean,Kolkata · Park Street,586,Noida Apparel Park,0.88,0.5075091499437202,0.5062996791326441,2,0,6,4,0,3100,15105.823
styleverse,styleverse,2026-08-10,2026,32,ST07,Value,SV1019,KNT,Knitwear,Knitwear,,,,,,,,,,7240,8.8875,0,0,1,7,0,0,0,,,,,0.38,-1.7,1.28,0.38,,Knitwear,Sweater,,608,Terra Roll Neck,Kolkata · Park Street,3204,Bengaluru Cut & Sew,0.91,0.1478988347691275,1.714949633716606,13,5,22,9,0,7462,11410.411
styleverse,styleverse,2026-08-10,2026,32,ST07,Value,SV1020,DRS,Dresses,Dresses,,,,,,,,,,7230,8.8861,0,0,1,7,0,0,0,,,,,0.46,-2.4,0.88,0.46,,Dresses Ladies,Dress,,609,Vane Slip Dress,Kolkata · Park Street,2926,Surat Textile Mills,0.73,0.05661177127313656,1.094529892806895,2,0,8,6,0,13648,11257.66
styleverse,styleverse,2026-08-10,2026,32,ST07,Value,SV1021,FTW,Footwear,Footwear,,,,,,,,,,5000,8.5174,0,0,1,7,0,0,0,,,,,0.28,-1.5,1.02,0.28,,Shoes,Sneakers,,610,Ridge Chelsea Boot,Kolkata · Park Street,1795,Tirupur Knits,0.94,0.4290058160073141,1.581815651641227,4,0,10,6,0,5336,15464.555
styleverse,styleverse,2026-08-10,2026,32,ST07,Value,SV1022,ACC,Accessories,Accessories,,,,,,,,,,3380,8.1259,0,0,1,7,0,0,0,,,,,0.5,-2.6,0.95,0.5,,Accessories,Socks,,611,Halcyon Tote,Kolkata · Park Street,1740,Ludhiana Woollens,0.81,0.103096471620797,1.787876601761673,11,0,15,4,0,13284,12043.621
styleverse,styleverse,2026-08-10,2026,32,ST07,Value,SV1023,ACT,Activewear,Activewear,,,,,,,,,,1960,7.5812,0,0,1,7,0,0,0,,,,,0.35,-2.1,0.9,0.35,,Swimwear,Swimwear bottom,,612,Marlow Track Pant,Kolkata · Park Street,940,Noida Apparel Park,0.88,0.8819855173897383,0.6473778456798754,4,0,9,5,0,6443,13302.761
styleverse,styleverse,2026-08-10,2026,32,ST07,Value,SV1024,BAS,Basics,Basics,,,,,,,,,,7820,8.9646,0,0,0,7,7,0,0,,,,,0.2,-1.2,0.82,0.2,,Jersey Fancy,Trousers,,613,Vesper Chino,Kolkata · Park Street,3954,Bengaluru Cut & Sew,0.91,0.1886594676608668,0.3750831758021377,0,0,3,3,0,50459,14752.2
styleverse,styleverse,2026-08-10,2026,32,ST07,Value,SV1025,OUT,Outerwear,Outerwear,,,,,,,,,,7150,8.875,0,0,1,7,0,0,0,,,,,0.42,-1.6,1.35,0.42,,Outdoor,Jacket,,614,Cadence Parka,Kolkata · Park Street,3127,Surat Textile Mills,0.73,0.2574549159683532,0.9658180053462274,5,0,12,7,0,5810,11186.631
styleverse,styleverse,2026-08-10,2026,32,ST07,Value,SV1026,DEN,Denim,Denim,,,,,,,,,,5640,8.6378,0,0,1,7,0,0,0,,,,,0.3,-1.9,1.05,0.3,,Trousers Denim,Trousers,,615,Orbit Straight Jean,Kolkata · Park Street,2601,Tirupur Knits,0.94,0.4172072544692536,0.3790792114683427,5,0,6,1,0,3100,15081.678
styleverse,styleverse,2026-08-10,2026,32,ST07,Value,SV1027,KNT,Knitwear,Knitwear,,,,,,,,,,2790,7.9342,0,0,1,7,0,0,0,,,,,0.38,-1.7,1.28,0.38,,Knitwear,Sweater,,616,Linden Crew Sweater,Kolkata · Park Street,1201,Ludhiana Woollens,0.81,0.06038791488429402,1.232249751361087,15,0,23,8,0,7462,11420.743
styleverse,styleverse,2026-08-10,2026,32,ST07,Value,SV1028,DRS,Dresses,Dresses,,,,,,,,,,5380,8.5906,0,0,1,7,0,0,0,,,,,0.46,-2.4,0.88,0.46,,Dresses Ladies,Dress,,617,Sable Midi Dress,Kolkata · Park Street,2211,Noida Apparel Park,0.88,0.03173810594638732,0.9808481386513449,6,0,8,2,0,13648,11257.66
styleverse,styleverse,2026-08-10,2026,32,ST07,Value,SV1029,FTW,Footwear,Footwear,,,,,,,,,,5920,8.6863,0,0,1,7,0,0,0,,,,,0.28,-1.5,1.02,0.28,,Shoes,Sneakers,,618,Frost Sneaker,Kolkata · Park Street,2105,Bengaluru Cut & Sew,0.91,0.3808204898068962,1.196133396262303,15,0,18,3,0,5336,15464.555
styleverse,styleverse,2026-08-10,2026,32,ST07,Value,SV1030,ACC,Accessories,Accessories,,,,,,,,,,3310,8.105,0,0,1,7,0,0,0,,,,,0.5,-2.6,0.95,0.5,,Accessories,Socks,,619,Kite Wool Scarf,Kolkata · Park Street,1550,Surat Textile Mills,0.73,0.4458575688084878,1.521477649419103,17,0,22,5,0,13284,12043.621
styleverse,styleverse,2026-08-10,2026,32,ST07,Value,SV1031,ACT,Activewear,Activewear,,,,,,,,,,6210,8.7341,0,0,1,7,0,0,0,,,,,0.35,-2.1,0.9,0.35,,Swimwear,Swimwear bottom,,620,Juniper Legging,Kolkata · Park Street,2362,Tirupur Knits,0.94,0.6996765068041628,0.4206265164772048,5,0,8,3,0,6443,13265.386
styleverse,styleverse,2026-08-10,2026,32,ST07,Value,SV1032,BAS,Basics,Basics,,,,,,,,,,3390,8.1289,0,0,1,7,0,0,0,,,,,0.2,-1.2,0.82,0.2,,Jersey Fancy,Trousers,,621,Atlas Oxford Shirt,Kolkata · Park Street,1756,Ludhiana Woollens,0.81,0.03165193639782208,2.296161732252222,13,0,25,12,0,50459,14752.2
styleverse,styleverse,2026-08-10,2026,32,ST07,Value,SV1033,OUT,Outerwear,Outerwear,,,,,,,,,,6710,8.8115,0,0,1,7,0,0,0,,,,,0.42,-1.6,1.35,0.42,,Outdoor,Jacket,,622,Wren Trench,Kolkata · Park Street,2747,Noida Apparel Park,0.88,0.8380902445171179,2.129366399510764,41,0,54,13,0,5810,11186.631
styleverse,styleverse,2026-08-10,2026,32,ST07,Value,SV1034,DEN,Denim,Denim,,,,,,,,,,1510,7.3205,0,0,1,7,0,0,0,,,,,0.3,-1.9,1.05,0.3,,Trousers Denim,Trousers,,623,Solstice Denim Jacket,Kolkata · Park Street,567,Bengaluru Cut & Sew,0.91,0.1214740741986566,1.105977274850011,6,0,12,6,0,3100,15105.823
styleverse,styleverse,2026-08-10,2026,32,ST07,Value,SV1035,KNT,Knitwear,Knitwear,,,,,,,,,,2380,7.7753,0,0,1,7,0,0,0,,,,,0.38,-1.7,1.28,0.38,,Knitwear,Sweater,,624,Ember Cardigan,Kolkata · Park Street,1068,Surat Textile Mills,0.73,0.2648020564726302,1.840806051413529,19,0,31,12,0,7462,11420.743
styleverse,styleverse,2026-08-10,2026,32,ST07,Value,SV1036,DRS,Dresses,Dresses,,,,,,,,,,7260,8.8903,0,0,1,7,0,0,0,,,,,0.46,-2.4,0.88,0.46,,Dresses Ladies,Dress,,625,Bramble Wrap Dress,Kolkata · Park Street,2544,Tirupur Knits,0.94,0.1809163522028074,1.586408562108409,12,0,20,8,0,13648,11257.66
styleverse,styleverse,2026-08-10,2026,32,ST07,Value,SV1037,FTW,Footwear,Footwear,,,,,,,,,,2830,7.9484,0,0,1,7,0,0,0,,,,,0.28,-1.5,1.02,0.28,,Shoes,Sneakers,,626,Nomad Loafer,Kolkata · Park Street,1262,Ludhiana Woollens,0.81,0.2090252379471189,1.250297783140559,11,0,17,6,0,5336,15474.887
styleverse,styleverse,2026-08-10,2026,32,ST07,Value,SV1038,ACC,Accessories,Accessories,,,,,,,,,,3060,8.0265,0,0,1,7,0,0,0,,,,,0.5,-2.6,0.95,0.5,,Accessories,Socks,,627,Quill Leather Belt,Kolkata · Park Street,1445,Noida Apparel Park,0.88,0.007393202186208772,0.5876451939344406,4,2,10,6,0,13284,12043.621
styleverse,styleverse,2026-08-10,2026,32,ST07,Value,SV1039,ACT,Activewear,Activewear,,,,,,,,,,6670,8.8055,0,0,1,7,0,0,0,,,,,0.35,-2.1,0.9,0.35,,Swimwear,Swimwear bottom,,628,Terra Training Tee,Kolkata · Park Street,2708,Bengaluru Cut & Sew,0.91,0.4171836434467621,2.336523539118935,9,6,17,8,0,6443,13265.386
styleverse,styleverse,2026-08-10,2026,32,ST07,Value,SV1040,BAS,Basics,Basics,,,,,,,,,,7450,8.9161,0,0,1,7,0,0,0,,,,,0.2,-1.2,0.82,0.2,,Jersey Fancy,Trousers,,629,Vane Pocket Tee,Kolkata · Park Street,2940,Surat Textile Mills,0.73,0.002820393425783629,2.008765591215342,15,3,25,10,0,50459,14752.2
styleverse,styleverse,2026-08-10,2026,32,ST07,Value,SV1041,OUT,Outerwear,Outerwear,,,,,,,,,,7410,8.9107,0,0,1,7,0,0,0,,,,,0.42,-1.6,1.35,0.42,,Outdoor,Jacket,,630,Ridge Puffer,Kolkata · Park Street,3332,Tirupur Knits,0.94,0.0435627136059113,2.20197754111141,23,0,34,11,0,5810,11186.631
styleverse,styleverse,2026-08-10,2026,32,ST07,Value,SV1042,DEN,Denim,Denim,,,,,,,,,,4380,8.385,0,0,1,7,0,0,0,,,,,0.3,-1.9,1.05,0.3,,Trousers Denim,Trousers,,631,Halcyon Slim Jean,Kolkata · Park Street,2131,Ludhiana Woollens,0.81,0.9887408026074843,2.043920635269024,35,0,41,6,0,3100,15081.678
styleverse,styleverse,2026-08-10,2026,32,ST07,Value,SV1043,KNT,Knitwear,Knitwear,,,,,,,,,,6960,8.8481,0,0,1,7,0,0,0,,,,,0.38,-1.7,1.28,0.38,,Knitwear,Sweater,,632,Marlow Roll Neck,Kolkata · Park Street,2383,Noida Apparel Park,0.88,0.9085906236820459,2.192920150840655,9,5,35,26,0,7462,11410.411
styleverse,styleverse,2026-08-10,2026,32,ST07,Value,SV1044,DRS,Dresses,Dresses,,,,,,,,,,7890,8.9735,0,0,1,7,0,0,0,,,,,0.46,-2.4,0.88,0.46,,Dresses Ladies,Dress,,633,Vesper Slip Dress,Kolkata · Park Street,3806,Bengaluru Cut & Sew,0.91,0.01245378846378043,2.393102823023219,14,0,22,8,0,13648,11257.66
styleverse,styleverse,2026-08-10,2026,32,ST07,Value,SV1045,FTW,Footwear,Footwear,,,,,,,,,,7790,8.9607,0,0,1,7,0,0,0,,,,,0.28,-1.5,1.02,0.28,,Shoes,Sneakers,,634,Cadence Chelsea Boot,Kolkata · Park Street,3586,Surat Textile Mills,0.73,0.1529144424096149,0.5836417549522593,4,0,6,2,0,5336,15464.555
styleverse,styleverse,2026-08-10,2026,32,ST07,Value,SV1046,ACC,Accessories,Accessories,,,,,,,,,,1210,7.0992,0,0,1,7,0,0,0,,,,,0.5,-2.6,0.95,0.5,,Accessories,Socks,,635,Orbit Tote,Kolkata · Park Street,569,Tirupur Knits,0.94,0.2170451900779814,0.7925029642879963,7,0,10,3,0,13284,12074.277
styleverse,styleverse,2026-08-10,2026,32,ST07,Value,SV1047,ACT,Activewear,Activewear,,,,,,,,,,6480,8.7766,0,0,1,7,0,0,0,,,,,0.35,-2.1,0.9,0.35,,Swimwear,Swimwear bottom,,636,Linden Track Pant,Kolkata · Park Street,2316,Ludhiana Woollens,0.81,0.2482315711179312,1.79877608603565,10,0,26,16,0,6443,13265.386
styleverse,styleverse,2026-08-10,2026,32,ST07,Value,SV1048,BAS,Basics,Basics,,,,,,,,,,5000,8.5174,0,0,1,7,0,0,0,,,,,0.2,-1.2,0.82,0.2,,Jersey Fancy,Trousers,,637,Sable Chino,Kolkata · Park Street,2269,Noida Apparel Park,0.88,0.1181166746469051,1.298419906955678,8,0,16,8,0,50459,14752.2
styleverse,styleverse,2026-08-10,2026,32,ST07,Value,SV1049,OUT,Outerwear,Outerwear,,,,,,,,,,1000,6.9088,0,0,1,7,0,0,0,,,,,0.42,-1.6,1.35,0.42,,Outdoor,Jacket,,638,Frost Parka,Kolkata · Park Street,396,Bengaluru Cut & Sew,0.91,0.9174829560221631,0.6186554293031804,8,2,9,1,0,5810,11269.472
styleverse,styleverse,2026-08-10,2026,32,ST07,Value,SV1050,DEN,Denim,Denim,,,,,,,,,,1560,7.3531,0,0,1,7,0,0,0,,,,,0.3,-1.9,1.05,0.3,,Trousers Denim,Trousers,,639,Kite Straight Jean,Kolkata · Park Street,742,Surat Textile Mills,0.73,0.000109195788150042,0.667293306812644,4,0,7,3,0,3100,15105.823
styleverse,styleverse,2026-08-10,2026,32,ST07,Value,SV1051,KNT,Knitwear,Knitwear,,,,,,,,,,1760,7.4736,0,0,1,7,0,0,0,,,,,0.38,-1.7,1.28,0.38,,Knitwear,Sweater,,640,Juniper Crew Sweater,Kolkata · Park Street,663,Tirupur Knits,0.94,0.002342009633203911,1.302148446231149,24,0,35,11,0,7462,11464.69
styleverse,styleverse,2026-08-10,2026,32,ST07,Value,SV1052,DRS,Dresses,Dresses,,,,,,,,,,4870,8.4911,0,0,1,7,0,0,0,,,,,0.46,-2.4,0.88,0.46,,Dresses Ladies,Dress,,641,Atlas Midi Dress,Kolkata · Park Street,2464,Ludhiana Woollens,0.81,0.8662274796403324,1.207550696178805,7,0,13,6,0,13648,11257.66
styleverse,styleverse,2026-08-10,2026,32,ST07,Value,SV1053,FTW,Footwear,Footwear,,,,,,,,,,6950,8.8466,0,0,1,7,0,0,0,,,,,0.28,-1.5,1.02,0.28,,Shoes,Sneakers,,642,Wren Sneaker,Kolkata · Park Street,2668,Noida Apparel Park,0.88,0.3067643340138342,1.303361503547058,4,0,15,11,0,5336,15464.555
styleverse,styleverse,2026-08-10,2026,32,ST07,Value,SV1054,ACC,Accessories,Accessories,,,,,,,,,,2920,7.9797,0,0,1,7,0,0,0,,,,,0.5,-2.6,0.95,0.5,,Accessories,Socks,,643,Solstice Wool Scarf,Kolkata · Park Street,1070,Bengaluru Cut & Sew,0.91,0.1289997908725003,1.210966180276591,8,0,12,4,0,13284,12043.621
styleverse,styleverse,2026-08-10,2026,32,ST07,Value,SV1055,ACT,Activewear,Activewear,,,,,,,,,,6980,8.8509,0,0,1,7,0,0,0,,,,,0.35,-2.1,0.9,0.35,,Swimwear,Swimwear bottom,,644,Ember Legging,Kolkata · Park Street,2917,Surat Textile Mills,0.73,0.05456749443744185,2.364772333437577,14,0,20,6,0,6443,13265.386
styleverse,styleverse,2026-08-10,2026,32,ST07,Value,SV1056,BAS,Basics,Basics,,,,,,,,,,6240,8.7389,0,0,1,7,0,0,0,,,,,0.2,-1.2,0.82,0.2,,Jersey Fancy,Trousers,,645,Bramble Oxford Shirt,Kolkata · Park Street,3137,Tirupur Knits,0.94,0.1103435317428238,1.5337444306002,3,0,10,7,0,50459,14752.2
styleverse,styleverse,2026-08-10,2026,32,ST07,Value,SV1057,OUT,Outerwear,Outerwear,,,,,,,,,,3010,8.01,0,0,1,7,0,0,0,,,,,0.42,-1.6,1.35,0.42,,Outdoor,Jacket,,646,Nomad Trench,Kolkata · Park Street,1094,Ludhiana Woollens,0.81,0.6791874150681991,1.548779819358606,9,3,16,7,0,5810,11186.631
styleverse,styleverse,2026-08-10,2026,32,ST07,Value,SV1058,DEN,Denim,Denim,,,,,,,,,,890,6.7923,0,0,1,7,0,0,0,,,,,0.3,-1.9,1.05,0.3,,Trousers Denim,Trousers,,647,Quill Denim Jacket,Kolkata · Park Street,396,Noida Apparel Park,0.88,0.0004442486086063171,2.191100384132005,11,11,25,14,0,3100,15158.13
styleverse,styleverse,2026-08-10,2026,32,ST07,Value,SV1059,KNT,Knitwear,Knitwear,,,,,,,,,,7730,8.953,0,0,1,7,0,0,0,,,,,0.38,-1.7,1.28,0.38,,Knitwear,Sweater,,648,Terra Cardigan,Kolkata · Park Street,3994,Bengaluru Cut & Sew,0.91,0.258946915839418,1.879952940181829,13,6,34,21,0,7462,11410.411
styleverse,styleverse,2026-08-10,2026,32,ST07,Value,SV1060,DRS,Dresses,Dresses,,,,,,,,,,7740,8.9543,0,0,1,7,0,0,0,,,,,0.46,-2.4,0.88,0.46,,Dresses Ladies,Dress,,649,Vane Wrap Dress,Kolkata · Park Street,2751,Surat Textile Mills,0.73,0.2466741816975533,2.255318588833325,25,0,30,5,0,13648,11257.66
styleverse,styleverse,2026-08-10,2026,32,ST07,Value,SV1061,FTW,Footwear,Footwear,,,,,,,,,,720,6.5806,0,0,1,7,0,0,0,,,,,0.28,-1.5,1.02,0.28,,Shoes,Sneakers,,650,Ridge Loafer,Kolkata · Park Street,353,Tirupur Knits,0.94,0.0568518042423005,0.4814065671758726,6,2,8,2,0,5336,15555.793
styleverse,styleverse,2026-08-10,2026,32,ST07,Value,SV1062,ACC,Accessories,Accessories,,,,,,,,,,7580,8.9334,0,0,1,7,0,0,0,,,,,0.5,-2.6,0.95,0.5,,Accessories,Socks,,651,Halcyon Leather Belt,Kolkata · Park Street,3157,Ludhiana Woollens,0.81,0.5674489934166798,0.6221197694190778,1,0,9,8,0,13284,12043.621
styleverse,styleverse,2026-08-10,2026,32,ST07,Value,SV1063,ACT,Activewear,Activewear,,,,,,,,,,7130,8.8722,0,0,1,7,0,0,0,,,,,0.35,-2.1,0.9,0.35,,Swimwear,Swimwear bottom,,652,Marlow Training Tee,Kolkata · Park Street,3694,Noida Apparel Park,0.88,0.2998890134922212,0.8408930444507859,1,0,7,6,0,6443,13265.386
styleverse,styleverse,2026-08-10,2026,32,ST07,Value,SV1064,BAS,Basics,Basics,,,,,,,,,,6170,8.7276,0,0,1,7,0,0,0,,,,,0.2,-1.2,0.82,0.2,,Jersey Fancy,Trousers,,653,Vesper Pocket Tee,Kolkata · Park Street,2913,Bengaluru Cut & Sew,0.91,0.3304141741215317,1.860736350610387,14,0,35,21,0,50459,14752.2
styleverse,styleverse,2026-08-10,2026,32,ST07,Value,SV1065,OUT,Outerwear,Outerwear,,,,,,,,,,4260,8.3573,0,0,1,7,0,0,0,,,,,0.42,-1.6,1.35,0.42,,Outdoor,Jacket,,654,Cadence Puffer,Kolkata · Park Street,1913,Surat Textile Mills,0.73,0.3824288552200608,2.414744753472041,19,0,35,16,0,5810,11186.631
styleverse,styleverse,2026-08-10,2026,32,ST07,Value,SV1066,DEN,Denim,Denim,,,,,,,,,,3770,8.2351,0,0,1,7,0,0,0,,,,,0.3,-1.9,1.05,0.3,,Trousers Denim,Trousers,,655,Orbit Slim Jean,Kolkata · Park Street,1664,Tirupur Knits,0.94,0.004983896916865459,0.4804003967088647,7,0,11,4,0,3100,15081.678
styleverse,styleverse,2026-08-10,2026,32,ST07,Value,SV1067,KNT,Knitwear,Knitwear,,,,,,,,,,1110,7.013,0,0,1,7,0,0,0,,,,,0.38,-1.7,1.28,0.38,,Knitwear,Sweater,,656,Linden Roll Neck,Kolkata · Park Street,570,Ludhiana Woollens,0.81,0.01557002559334403,2.406669184239581,8,12,36,28,0,7462,11505.053
styleverse,styleverse,2026-08-10,2026,32,ST07,Value,SV1068,DRS,Dresses,Dresses,,,,,,,,,,7540,8.9281,0,0,1,7,0,0,0,,,,,0.46,-2.4,0.88,0.46,,Dresses Ladies,Dress,,657,Sable Slip Dress,Kolkata · Park Street,3626,Noida Apparel Park,0.88,0.909407156974846,1.008846410980914,2,0,12,10,0,13648,11257.66
styleverse,styleverse,2026-08-10,2026,32,ST07,Value,SV1069,FTW,Footwear,Footwear,,,,,,,,,,4980,8.5134,0,0,1,7,0,0,0,,,,,0.28,-1.5,1.02,0.28,,Shoes,Sneakers,,658,Frost Chelsea Boot,Kolkata · Park Street,1958,Bengaluru Cut & Sew,0.91,0.4408803308759775,0.8281039439258165,5,0,7,2,0,5336,15464.555
styleverse,styleverse,2026-08-10,2026,32,ST07,Value,SV1070,ACC,Accessories,Accessories,,,,,,,,,,6880,8.8365,0,0,1,7,0,0,0,,,,,0.5,-2.6,0.95,0.5,,Accessories,Socks,,659,Kite Tote,Kolkata · Park Street,3510,Surat Textile Mills,0.73,0.136824620106726,2.520019435696304,5,0,29,24,0,13284,12043.621
styleverse,styleverse,2026-08-10,2026,32,ST07,Value,SV1071,ACT,Activewear,Activewear,,,,,,,,,,1270,7.1476,0,0,1,7,0,0,0,,,,,0.35,-2.1,0.9,0.35,,Swimwear,Swimwear bottom,,660,Juniper Track Pant,Kolkata · Park Street,606,Tirupur Knits,0.94,0.01601753949250654,1.522598491131794,14,0,25,11,0,6443,13273.388
styleverse,styleverse,2026-08-10,2026,32,ST07,Value,SV1072,BAS,Basics,Basics,,,,,,,,,,4430,8.3964,0,0,1,7,0,0,0,,,,,0.2,-1.2,0.82,0.2,,Jersey Fancy,Trousers,,661,Atlas Chino,Kolkata · Park Street,1943,Ludhiana Woollens,0.81,0.4360671361412766,1.231972052098718,10,0,12,2,0,50459,14752.2
styleverse,styleverse,2026-08-10,2026,32,ST07,Value,SV1073,OUT,Outerwear,Outerwear,,,,,,,,,,2080,7.6406,0,0,1,7,0,0,0,,,,,0.42,-1.6,1.35,0.42,,Outdoor,Jacket,,662,Wren Parka,Kolkata · Park Street,747,Noida Apparel Park,0.88,0.2767021793360135,2.323728581215255,28,0,59,31,0,5810,11224.008
styleverse,styleverse,2026-08-10,2026,32,ST07,Value,SV1074,DEN,Denim,Denim,,,,,,,,,,7750,8.9556,0,0,1,7,0,0,0,,,,,0.3,-1.9,1.05,0.3,,Trousers Denim,Trousers,,663,Solstice Straight Jean,Kolkata · Park Street,3393,Bengaluru Cut & Sew,0.91,0.08878007604754459,1.483006234129425,15,0,21,6,0,3100,15081.678
styleverse,styleverse,2026-08-10,2026,32,ST07,Value,SV1075,KNT,Knitwear,Knitwear,,,,,,,,,,3560,8.1778,0,0,1,7,0,0,0,,,,,0.38,-1.7,1.28,0.38,,Knitwear,Sweater,,664,Ember Crew Sweater,Kolkata · Park Street,1718,Surat Textile Mills,0.73,0.1386092397122004,1.974883440788835,6,0,22,16,0,7462,11410.411
styleverse,styleverse,2026-08-10,2026,32,ST07,Value,SV1076,DRS,Dresses,Dresses,,,,,,,,,,3570,8.1806,0,0,1,7,0,0,0,,,,,0.46,-2.4,0.88,0.46,,Dresses Ladies,Dress,,665,Bramble Midi Dress,Kolkata · Park Street,1457,Tirupur Knits,0.94,0.2422264629855932,0.7405152785591781,6,0,8,2,0,13648,11257.66
styleverse,styleverse,2026-08-10,2026,32,ST07,Value,SV1077,FTW,Footwear,Footwear,,,,,,,,,,5840,8.6727,0,0,1,7,0,0,0,,,,,0.28,-1.5,1.02,0.28,,Shoes,Sneakers,,666,Nomad Sneaker,Kolkata · Park Street,2864,Ludhiana Woollens,0.81,0.10330061976831,2.416477797343396,23,5,47,24,0,5336,15464.555
styleverse,styleverse,2026-08-10,2026,32,ST07,Value,SV1078,ACC,Accessories,Accessories,,,,,,,,,,1190,7.0825,0,0,1,7,0,0,0,,,,,0.5,-2.6,0.95,0.5,,Accessories,Socks,,667,Quill Wool Scarf,Kolkata · Park Street,443,Noida Apparel Park,0.88,0.373888154387841,1.693079524289351,9,0,19,10,0,13284,12074.277
styleverse,styleverse,2026-08-10,2026,32,ST07,Value,SV1079,ACT,Activewear,Activewear,,,,,,,,,,4570,8.4275,0,0,1,7,0,0,0,,,,,0.35,-2.1,0.9,0.35,,Swimwear,Swimwear bottom,,668,Terra Legging,Kolkata · Park Street,1767,Bengaluru Cut & Sew,0.91,0.08671028666845525,2.156171307805926,5,4,19,14,0,6443,13265.386
styleverse,styleverse,2026-08-10,2026,32,ST07,Value,SV1080,BAS,Basics,Basics,,,,,,,,,,2950,7.9899,0,0,1,7,0,0,0,,,,,0.2,-1.2,0.82,0.2,,Jersey Fancy,Trousers,,669,Vane Oxford Shirt,Kolkata · Park Street,1283,Surat Textile Mills,0.73,0.04884635464280715,0.64455648973817,1,0,11,10,0,50459,14752.2
styleverse,styleverse,2026-08-10,2026,32,ST07,Value,SV1081,OUT,Outerwear,Outerwear,,,,,,,,,,4990,8.5154,0,0,1,7,0,0,0,,,,,0.42,-1.6,1.35,0.42,,Outdoor,Jacket,,670,Ridge Trench,Kolkata · Park Street,2311,Tirupur Knits,0.94,0.9287739378302152,0.5369263643748127,5,2,11,6,0,5810,11186.631
styleverse,styleverse,2026-08-10,2026,32,ST07,Value,SV1082,DEN,Denim,Denim,,,,,,,,,,730,6.5944,0,0,1,7,0,0,0,,,,,0.3,-1.9,1.05,0.3,,Trousers Denim,Trousers,,671,Halcyon Denim Jacket,Kolkata · Park Street,292,Ludhiana Woollens,0.81,0.5100741527779509,1.192133984260727,4,0,8,4,0,3100,15167.76
styleverse,styleverse,2026-08-10,2026,32,ST07,Value,SV1083,KNT,Knitwear,Knitwear,,,,,,,,,,7550,8.9294,0,0,1,7,0,0,0,,,,,0.38,-1.7,1.28,0.38,,Knitwear,Sweater,,672,Marlow Cardigan,Kolkata · Park Street,3052,Noida Apparel Park,0.88,0.0007357902348707216,1.946573286224157,21,8,32,11,0,7462,11410.411
styleverse,styleverse,2026-08-10,2026,32,ST07,Value,SV1084,DRS,Dresses,Dresses,,,,,,,,,,5790,8.6641,0,0,1,7,0,0,0,,,,,0.46,-2.4,0.88,0.46,,Dresses Ladies,Dress,,673,Vesper Wrap Dress,Kolkata · Park Street,2773,Bengaluru Cut & Sew,0.91,0.0005611510406343915,2.297405374085065,7,0,27,20,0,13648,11257.66
styleverse,styleverse,2026-08-10,2026,32,ST07,Value,SV1085,FTW,Footwear,Footwear,,,,,,,,,,7480,8.9201,0,0,1,7,0,0,0,,,,,0.28,-1.5,1.02,0.28,,Shoes,Sneakers,,674,Cadence Loafer,Kolkata · Park Street,3572,Surat Textile Mills,0.73,0.03855127980870929,1.759503437811509,20,0,24,4,0,5336,15464.555
styleverse,styleverse,2026-08-10,2026,32,ST07,Value,SV1086,ACC,Accessories,Accessories,,,,,,,,,,720,6.5806,0,0,1,7,0,0,0,,,,,0.5,-2.6,0.95,0.5,,Accessories,Socks,,675,Orbit Leather Belt,Kolkata · Park Street,329,Tirupur Knits,0.94,0.2184562591442348,1.241997508180793,7,4,14,7,0,13284,12125.441
styleverse,styleverse,2026-08-10,2026,32,ST07,Value,SV1087,ACT,Activewear,Activewear,,,,,,,,,,6900,8.8394,0,0,1,7,0,0,0,,,,,0.35,-2.1,0.9,0.35,,Swimwear,Swimwear bottom,,676,Linden Training Tee,Kolkata · Park Street,3442,Ludhiana Woollens,0.81,0.7639314784653447,1.379480650788173,3,0,10,7,0,6443,13265.386
styleverse,styleverse,2026-08-10,2026,32,ST07,Value,SV1088,BAS,Basics,Basics,,,,,,,,,,7050,8.8609,0,0,1,7,0,0,0,,,,,0.2,-1.2,0.82,0.2,,Jersey Fancy,Trousers,,677,Sable Pocket Tee,Kolkata · Park Street,3201,Noida Apparel Park,0.88,0.01622694992155091,0.8353109819232486,2,0,15,13,0,50459,14752.2
styleverse,styleverse,2026-08-10,2026,32,ST07,Value,SV1089,OUT,Outerwear,Outerwear,,,,,,,,,,4010,8.2968,0,0,1,7,0,0,0,,,,,0.42,-1.6,1.35,0.42,,Outdoor,Jacket,,678,Frost Puffer,Kolkata · Park Street,1601,Bengaluru Cut & Sew,0.91,0.002312112545000055,1.895861339778639,13,0,30,17,0,5810,11186.631
styleverse,styleverse,2026-08-10,2026,32,ST07,Value,SV1090,DEN,Denim,Denim,,,,,,,,,,4010,8.2968,0,0,1,7,0,0,0,,,,,0.3,-1.9,1.05,0.3,,Trousers Denim,Trousers,,679,Kite Slim Jean,Kolkata · Park Street,1379,Surat Textile Mills,0.73,0.4502396242815292,1.537483650515787,5,0,12,7,0,3100,15081.678
styleverse,styleverse,2026-08-10,2026,32,ST07,Value,SV1091,KNT,Knitwear,Knitwear,,,,,,,,,,2590,7.8598,0,0,1,7,0,0,0,,,,,0.38,-1.7,1.28,0.38,,Knitwear,Sweater,,680,Juniper Roll Neck,Kolkata · Park Street,957,Tirupur Knits,0.94,0.643793669042698,1.545455432927702,7,0,41,34,0,7462,11420.743
styleverse,styleverse,2026-08-10,2026,32,ST07,Value,SV1092,DRS,Dresses,Dresses,,,,,,,,,,2990,8.0034,0,0,1,7,0,0,0,,,,,0.46,-2.4,0.88,0.46,,Dresses Ladies,Dress,,681,Atlas Slip Dress,Kolkata · Park Street,1538,Ludhiana Woollens,0.81,0.4671161643327494,1.063668687676545,2,0,8,6,0,13648,11257.66
styleverse,styleverse,2026-08-10,2026,32,ST07,Value,SV1093,FTW,Footwear,Footwear,,,,,,,,,,4960,8.5094,0,0,1,7,0,0,0,,,,,0.28,-1.5,1.02,0.28,,Shoes,Sneakers,,682,Wren Chelsea Boot,Kolkata · Park Street,1707,Noida Apparel Park,0.88,0.06849265459445182,1.409061137784738,11,0,16,5,0,5336,15464.555
styleverse,styleverse,2026-08-10,2026,32,ST07,Value,SV1094,ACC,Accessories,Accessories,,,,,,,,,,2620,7.8713,0,0,1,7,0,0,0,,,,,0.5,-2.6,0.95,0.5,,Accessories,Socks,,683,Solstice Tote,Kolkata · Park Street,1227,Bengaluru Cut & Sew,0.91,0.6166618806114095,2.034362682455685,5,5,35,30,0,13284,12053.953
styleverse,styleverse,2026-08-10,2026,32,ST07,Value,SV1095,ACT,Activewear,Activewear,,,,,,,,,,2350,7.7626,0,0,1,7,0,0,0,,,,,0.35,-2.1,0.9,0.35,,Swimwear,Swimwear bottom,,684,Ember Track Pant,Kolkata · Park Street,923,Surat Textile Mills,0.73,0.04821345073186504,1.449043303634971,16,3,22,6,0,6443,13275.718
styleverse,styleverse,2026-08-10,2026,32,ST07,Value,SV1096,BAS,Basics,Basics,,,,,,,,,,860,6.7581,0,0,1,7,0,0,0,,,,,0.2,-1.2,0.82,0.2,,Jersey Fancy,Trousers,,685,Bramble Chino,Kolkata · Park Street,330,Tirupur Knits,0.94,0.3597012292967132,2.482433456892613,12,0,29,17,0,50459,14855.627
styleverse,styleverse,2026-08-10,2026,32,ST07,Value,SV1097,OUT,Outerwear,Outerwear,,,,,,,,,,2430,7.7961,0,0,1,7,0,0,0,,,,,0.42,-1.6,1.35,0.42,,Outdoor,Jacket,,686,Nomad Parka,Kolkata · Park Street,1249,Ludhiana Woollens,0.81,0.01760374891013752,1.246017925231718,8,0,11,3,0,5810,11196.963
styleverse,styleverse,2026-08-10,2026,32,ST07,Value,SV1098,DEN,Denim,Denim,,,,,,,,,,5260,8.5681,0,0,1,7,0,0,0,,,,,0.3,-1.9,1.05,0.3,,Trousers Denim,Trousers,,687,Quill Straight Jean,Kolkata · Park Street,2325,Noida Apparel Park,0.88,0.03626853458267992,1.974982425302733,13,0,20,7,0,3100,15081.678
styleverse,styleverse,2026-08-10,2026,32,ST07,Value,SV1099,KNT,Knitwear,Knitwear,,,,,,,,,,1530,7.3337,0,0,1,7,0,0,0,,,,,0.38,-1.7,1.28,0.38,,Knitwear,Sweater,,688,Terra Crew Sweater,Kolkata · Park Street,538,Bengaluru Cut & Sew,0.91,0.001294333175926447,0.6112819288042374,3,0,14,11,0,7462,11451.583
styleverse,styleverse,2026-08-10,2026,32,ST07,Value,SV1100,DRS,Dresses,Dresses,,,,,,,,,,5720,8.6519,0,0,1,7,0,0,0,,,,,0.46,-2.4,0.88,0.46,,Dresses Ladies,Dress,,689,Vane Midi Dress,Kolkata · Park Street,2384,Surat Textile Mills,0.73,0.4859671978736997,1.306965873832814,15,0,20,5,0,13648,11257.66
styleverse,styleverse,2026-08-10,2026,32,ST08,Value,SV1001,OUT,Outerwear,Outerwear,,,,,,,,,,2680,7.8939,0,0,1,7,0,0,0,,,,,0.42,-1.6,1.35,0.42,,Outdoor,Jacket,,690,Ridge Parka,Ahmedabad · SG Highway,1173,Tirupur Knits,0.94,0.5843617511401088,1.378171070618555,6,0,21,15,0,5810,11196.963
styleverse,styleverse,2026-08-10,2026,32,ST08,Value,SV1002,DEN,Denim,Denim,,,,,,,,,,4610,8.4362,0,0,1,7,0,0,0,,,,,0.3,-1.9,1.05,0.3,,Trousers Denim,Trousers,,691,Halcyon Straight Jean,Ahmedabad · SG Highway,1972,Ludhiana Woollens,0.81,0.0831227490959891,1.841171421192121,3,0,19,16,0,3100,15081.678
styleverse,styleverse,2026-08-10,2026,32,ST08,Value,SV1003,KNT,Knitwear,Knitwear,,,,,,,,,,4400,8.3896,0,0,1,7,0,0,0,,,,,0.38,-1.7,1.28,0.38,,Knitwear,Sweater,,692,Marlow Crew Sweater,Ahmedabad · SG Highway,1564,Noida Apparel Park,0.88,0.1810419825517486,0.3812452738871798,2,0,4,2,0,7462,11410.411
styleverse,styleverse,2026-08-10,2026,32,ST08,Value,SV1004,DRS,Dresses,Dresses,,,,,,,,,,6960,8.8481,0,0,1,7,0,0,0,,,,,0.46,-2.4,0.88,0.46,,Dresses Ladies,Dress,,693,Vesper Midi Dress,Ahmedabad · SG Highway,2727,Bengaluru Cut & Sew,0.91,0.07573628524851254,0.6613548761466518,2,0,8,6,0,13648,11257.66
styleverse,styleverse,2026-08-10,2026,32,ST08,Value,SV1005,FTW,Footwear,Footwear,,,,,,,,,,5170,8.5508,0,0,1,7,0,0,0,,,,,0.28,-1.5,1.02,0.28,,Shoes,Sneakers,,694,Cadence Sneaker,Ahmedabad · SG Highway,2124,Surat Textile Mills,0.73,0.2141044805676707,1.488332889066078,5,0,18,13,0,5336,15464.555
styleverse,styleverse,2026-08-10,2026,32,ST08,Value,SV1006,ACC,Accessories,Accessories,,,,,,,,,,2580,7.8559,0,0,1,7,0,0,0,,,,,0.5,-2.6,0.95,0.5,,Accessories,Socks,,695,Orbit Wool Scarf,Ahmedabad · SG Highway,898,Tirupur Knits,0.94,0.0005917971634623065,0.8234393561375327,2,3,15,13,0,13284,12053.953
styleverse,styleverse,2026-08-10,2026,32,ST08,Value,SV1007,ACT,Activewear,Activewear,,,,,,,,,,6710,8.8115,0,0,1,7,0,0,0,,,,,0.35,-2.1,0.9,0.35,,Swimwear,Swimwear bottom,,696,Linden Legging,Ahmedabad · SG Highway,2439,Ludhiana Woollens,0.81,0.6777078019342075,0.9387907859287224,7,0,9,2,0,6443,13265.386
styleverse,styleverse,2026-08-10,2026,32,ST08,Value,SV1008,BAS,Basics,Basics,,,,,,,,,,7640,8.9413,0,0,1,7,0,0,0,,,,,0.2,-1.2,0.82,0.2,,Jersey Fancy,Trousers,,697,Sable Oxford Shirt,Ahmedabad · SG Highway,3332,Noida Apparel Park,0.88,0.7771817858091377,1.853309070249088,6,0,14,8,0,50459,14752.2
styleverse,styleverse,2026-08-10,2026,32,ST08,Value,SV1009,OUT,Outerwear,Outerwear,,,,,,,,,,3880,8.2638,0,0,1,7,0,0,0,,,,,0.42,-1.6,1.35,0.42,,Outdoor,Jacket,,698,Frost Trench,Ahmedabad · SG Highway,1398,Bengaluru Cut & Sew,0.91,0.3563938032865699,1.289053673413582,19,0,31,12,0,5810,11186.631
styleverse,styleverse,2026-08-10,2026,32,ST08,Value,SV1010,DEN,Denim,Denim,,,,,,,,,,910,6.8145,0,0,1,7,0,0,0,,,,,0.3,-1.9,1.05,0.3,,Trousers Denim,Trousers,,699,Kite Denim Jacket,Ahmedabad · SG Highway,467,Surat Textile Mills,0.73,0.5993439873992962,2.595437742676586,15,0,43,28,0,3100,15158.13
styleverse,styleverse,2026-08-10,2026,32,ST08,Value,SV1011,KNT,Knitwear,Knitwear,,,,,,,,,,2590,7.8598,0,0,1,7,0,0,0,,,,,0.38,-1.7,1.28,0.38,,Knitwear,Sweater,,700,Juniper Cardigan,Ahmedabad · SG Highway,1081,Tirupur Knits,0.94,0.911053318813002,1.221256928832736,9,0,27,18,0,7462,11420.743
styleverse,styleverse,2026-08-10,2026,32,ST08,Value,SV1012,DRS,Dresses,Dresses,,,,,,,,,,5650,8.6396,0,0,1,7,0,0,0,,,,,0.46,-2.4,0.88,0.46,,Dresses Ladies,Dress,,701,Atlas Wrap Dress,Ahmedabad · SG Highway,2733,Ludhiana Woollens,0.81,0.0428499994319462,0.855760169646237,6,0,14,8,0,13648,11257.66
styleverse,styleverse,2026-08-10,2026,32,ST08,Value,SV1013,FTW,Footwear,Footwear,,,,,,,,,,3410,8.1348,0,0,1,7,0,0,0,,,,,0.28,-1.5,1.02,0.28,,Shoes,Sneakers,,702,Wren Loafer,Ahmedabad · SG Highway,1396,Noida Apparel Park,0.88,0.0002117384920995118,2.506510979286395,7,0,33,26,0,5336,15464.555
styleverse,styleverse,2026-08-10,2026,32,ST08,Value,SV1014,ACC,Accessories,Accessories,,,,,,,,,,1230,7.1156,0,0,1,7,0,0,0,,,,,0.5,-2.6,0.95,0.5,,Accessories,Socks,,703,Solstice Leather Belt,Ahmedabad · SG Highway,545,Bengaluru Cut & Sew,0.91,0.6239036785591954,2.244067377375905,6,0,29,23,0,13284,12074.277
styleverse,styleverse,2026-08-10,2026,32,ST08,Value,SV1015,ACT,Activewear,Activewear,,,,,,,,,,1280,7.1554,0,0,1,7,0,0,0,,,,,0.35,-2.1,0.9,0.35,,Swimwear,Swimwear bottom,,704,Ember Training Tee,Ahmedabad · SG Highway,568,Surat Textile Mills,0.73,0.06491628351413166,2.102367372624576,2,0,17,15,0,6443,13273.388
styleverse,styleverse,2026-08-10,2026,32,ST08,Value,SV1016,BAS,Basics,Basics,,,,,,,,,,4210,8.3455,0,0,1,7,0,0,0,,,,,0.2,-1.2,0.82,0.2,,Jersey Fancy,Trousers,,705,Bramble Pocket Tee,Ahmedabad · SG Highway,1547,Tirupur Knits,0.94,0.0139571064731684,1.915859303984325,15,7,23,8,0,50459,14752.2
styleverse,styleverse,2026-08-10,2026,32,ST08,Value,SV1017,OUT,Outerwear,Outerwear,,,,,,,,,,2220,7.7057,0,0,1,7,0,0,0,,,,,0.42,-1.6,1.35,0.42,,Outdoor,Jacket,,706,Nomad Puffer,Ahmedabad · SG Highway,849,Ludhiana Woollens,0.81,0.6679093631096121,1.47514378526248,4,0,22,18,0,5810,11196.963
styleverse,styleverse,2026-08-10,2026,32,ST08,Value,SV1018,DEN,Denim,Denim,,,,,,,,,,1450,7.28,0,0,1,7,0,0,0,,,,,0.3,-1.9,1.05,0.3,,Trousers Denim,Trousers,,707,Quill Slim Jean,Ahmedabad · SG Highway,586,Noida Apparel Park,0.88,0.5075091499437202,0.5062996791326441,4,0,6,2,0,3100,15105.823
styleverse,styleverse,2026-08-10,2026,32,ST08,Value,SV1019,KNT,Knitwear,Knitwear,,,,,,,,,,7240,8.8875,0,0,1,7,0,0,0,,,,,0.38,-1.7,1.28,0.38,,Knitwear,Sweater,,708,Terra Roll Neck,Ahmedabad · SG Highway,3204,Bengaluru Cut & Sew,0.91,0.1478988347691275,1.714949633716606,4,0,21,17,0,7462,11410.411
styleverse,styleverse,2026-08-10,2026,32,ST08,Value,SV1020,DRS,Dresses,Dresses,,,,,,,,,,7230,8.8861,0,0,1,7,0,0,0,,,,,0.46,-2.4,0.88,0.46,,Dresses Ladies,Dress,,709,Vane Slip Dress,Ahmedabad · SG Highway,2926,Surat Textile Mills,0.73,0.05661177127313656,1.094529892806895,8,2,11,3,0,13648,11257.66
styleverse,styleverse,2026-08-10,2026,32,ST08,Value,SV1021,FTW,Footwear,Footwear,,,,,,,,,,5000,8.5174,0,0,1,7,0,0,0,,,,,0.28,-1.5,1.02,0.28,,Shoes,Sneakers,,710,Ridge Chelsea Boot,Ahmedabad · SG Highway,1795,Tirupur Knits,0.94,0.4290058160073141,1.581815651641227,4,0,15,11,0,5336,15464.555
styleverse,styleverse,2026-08-10,2026,32,ST08,Value,SV1022,ACC,Accessories,Accessories,,,,,,,,,,3380,8.1259,0,0,1,7,0,0,0,,,,,0.5,-2.6,0.95,0.5,,Accessories,Socks,,711,Halcyon Tote,Ahmedabad · SG Highway,1740,Ludhiana Woollens,0.81,0.103096471620797,1.787876601761673,10,0,14,4,0,13284,12043.621
styleverse,styleverse,2026-08-10,2026,32,ST08,Value,SV1023,ACT,Activewear,Activewear,,,,,,,,,,1960,7.5812,0,0,1,7,0,0,0,,,,,0.35,-2.1,0.9,0.35,,Swimwear,Swimwear bottom,,712,Marlow Track Pant,Ahmedabad · SG Highway,940,Noida Apparel Park,0.88,0.8819855173897383,0.6473778456798754,4,2,6,2,0,6443,13302.761
styleverse,styleverse,2026-08-10,2026,32,ST08,Value,SV1024,BAS,Basics,Basics,,,,,,,,,,7820,8.9646,0,0,1,7,0,0,0,,,,,0.2,-1.2,0.82,0.2,,Jersey Fancy,Trousers,,713,Vesper Chino,Ahmedabad · SG Highway,3954,Bengaluru Cut & Sew,0.91,0.1886594676608668,0.3750831758021377,2,1,3,1,0,50459,14752.2
styleverse,styleverse,2026-08-10,2026,32,ST08,Value,SV1025,OUT,Outerwear,Outerwear,,,,,,,,,,7150,8.875,0,0,1,7,0,0,0,,,,,0.42,-1.6,1.35,0.42,,Outdoor,Jacket,,714,Cadence Parka,Ahmedabad · SG Highway,3127,Surat Textile Mills,0.73,0.2574549159683532,0.9658180053462274,10,0,18,8,0,5810,11186.631
styleverse,styleverse,2026-08-10,2026,32,ST08,Value,SV1026,DEN,Denim,Denim,,,,,,,,,,5640,8.6378,0,0,1,7,0,0,0,,,,,0.3,-1.9,1.05,0.3,,Trousers Denim,Trousers,,715,Orbit Straight Jean,Ahmedabad · SG Highway,2601,Tirupur Knits,0.94,0.4172072544692536,0.3790792114683427,4,0,5,1,0,3100,15081.678
styleverse,styleverse,2026-08-10,2026,32,ST08,Value,SV1027,KNT,Knitwear,Knitwear,,,,,,,,,,2790,7.9342,0,0,1,7,0,0,0,,,,,0.38,-1.7,1.28,0.38,,Knitwear,Sweater,,716,Linden Crew Sweater,Ahmedabad · SG Highway,1201,Ludhiana Woollens,0.81,0.06038791488429402,1.232249751361087,11,0,17,6,0,7462,11420.743
styleverse,styleverse,2026-08-10,2026,32,ST08,Value,SV1028,DRS,Dresses,Dresses,,,,,,,,,,5380,8.5906,0,0,1,7,0,0,0,,,,,0.46,-2.4,0.88,0.46,,Dresses Ladies,Dress,,717,Sable Midi Dress,Ahmedabad · SG Highway,2211,Noida Apparel Park,0.88,0.03173810594638732,0.9808481386513449,4,0,7,3,0,13648,11257.66
styleverse,styleverse,2026-08-10,2026,32,ST08,Value,SV1029,FTW,Footwear,Footwear,,,,,,,,,,5920,8.6863,0,0,1,7,0,0,0,,,,,0.28,-1.5,1.02,0.28,,Shoes,Sneakers,,718,Frost Sneaker,Ahmedabad · SG Highway,2105,Bengaluru Cut & Sew,0.91,0.3808204898068962,1.196133396262303,7,0,10,3,0,5336,15464.555
styleverse,styleverse,2026-08-10,2026,32,ST08,Value,SV1030,ACC,Accessories,Accessories,,,,,,,,,,3310,8.105,0,0,1,7,0,0,0,,,,,0.5,-2.6,0.95,0.5,,Accessories,Socks,,719,Kite Wool Scarf,Ahmedabad · SG Highway,1550,Surat Textile Mills,0.73,0.4458575688084878,1.521477649419103,6,0,14,8,0,13284,12043.621
styleverse,styleverse,2026-08-10,2026,32,ST08,Value,SV1031,ACT,Activewear,Activewear,,,,,,,,,,6210,8.7341,0,0,1,7,0,0,0,,,,,0.35,-2.1,0.9,0.35,,Swimwear,Swimwear bottom,,720,Juniper Legging,Ahmedabad · SG Highway,2362,Tirupur Knits,0.94,0.6996765068041628,0.4206265164772048,2,0,4,2,0,6443,13265.386
styleverse,styleverse,2026-08-10,2026,32,ST08,Value,SV1032,BAS,Basics,Basics,,,,,,,,,,3390,8.1289,0,0,1,7,0,0,0,,,,,0.2,-1.2,0.82,0.2,,Jersey Fancy,Trousers,,721,Atlas Oxford Shirt,Ahmedabad · SG Highway,1756,Ludhiana Woollens,0.81,0.03165193639782208,2.296161732252222,7,0,9,2,0,50459,14752.2
styleverse,styleverse,2026-08-10,2026,32,ST08,Value,SV1033,OUT,Outerwear,Outerwear,,,,,,,,,,6710,8.8115,0,0,1,7,0,0,0,,,,,0.42,-1.6,1.35,0.42,,Outdoor,Jacket,,722,Wren Trench,Ahmedabad · SG Highway,2747,Noida Apparel Park,0.88,0.8380902445171179,2.129366399510764,5,0,24,19,0,5810,11186.631
styleverse,styleverse,2026-08-10,2026,32,ST08,Value,SV1034,DEN,Denim,Denim,,,,,,,,,,1510,7.3205,0,0,1,7,0,0,0,,,,,0.3,-1.9,1.05,0.3,,Trousers Denim,Trousers,,723,Solstice Denim Jacket,Ahmedabad · SG Highway,567,Bengaluru Cut & Sew,0.91,0.1214740741986566,1.105977274850011,9,0,11,2,0,3100,15105.823
styleverse,styleverse,2026-08-10,2026,32,ST08,Value,SV1035,KNT,Knitwear,Knitwear,,,,,,,,,,2380,7.7753,0,0,1,7,0,0,0,,,,,0.38,-1.7,1.28,0.38,,Knitwear,Sweater,,724,Ember Cardigan,Ahmedabad · SG Highway,1068,Surat Textile Mills,0.73,0.2648020564726302,1.840806051413529,7,7,21,14,0,7462,11420.743
styleverse,styleverse,2026-08-10,2026,32,ST08,Value,SV1036,DRS,Dresses,Dresses,,,,,,,,,,7260,8.8903,0,0,1,7,0,0,0,,,,,0.46,-2.4,0.88,0.46,,Dresses Ladies,Dress,,725,Bramble Wrap Dress,Ahmedabad · SG Highway,2544,Tirupur Knits,0.94,0.1809163522028074,1.586408562108409,4,0,11,7,0,13648,11257.66
styleverse,styleverse,2026-08-10,2026,32,ST08,Value,SV1037,FTW,Footwear,Footwear,,,,,,,,,,2830,7.9484,0,0,1,7,0,0,0,,,,,0.28,-1.5,1.02,0.28,,Shoes,Sneakers,,726,Nomad Loafer,Ahmedabad · SG Highway,1262,Ludhiana Woollens,0.81,0.2090252379471189,1.250297783140559,13,0,20,7,0,5336,15474.887
styleverse,styleverse,2026-08-10,2026,32,ST08,Value,SV1038,ACC,Accessories,Accessories,,,,,,,,,,3060,8.0265,0,0,1,7,0,0,0,,,,,0.5,-2.6,0.95,0.5,,Accessories,Socks,,727,Quill Leather Belt,Ahmedabad · SG Highway,1445,Noida Apparel Park,0.88,0.007393202186208772,0.5876451939344406,3,0,7,4,0,13284,12043.621
styleverse,styleverse,2026-08-10,2026,32,ST08,Value,SV1039,ACT,Activewear,Activewear,,,,,,,,,,6670,8.8055,0,0,1,7,0,0,0,,,,,0.35,-2.1,0.9,0.35,,Swimwear,Swimwear bottom,,728,Terra Training Tee,Ahmedabad · SG Highway,2708,Bengaluru Cut & Sew,0.91,0.4171836434467621,2.336523539118935,8,6,22,14,0,6443,13265.386
styleverse,styleverse,2026-08-10,2026,32,ST08,Value,SV1040,BAS,Basics,Basics,,,,,,,,,,7450,8.9161,0,0,1,7,0,0,0,,,,,0.2,-1.2,0.82,0.2,,Jersey Fancy,Trousers,,729,Vane Pocket Tee,Ahmedabad · SG Highway,2940,Surat Textile Mills,0.73,0.002820393425783629,2.008765591215342,8,0,25,17,0,50459,14752.2
styleverse,styleverse,2026-08-10,2026,32,ST08,Value,SV1041,OUT,Outerwear,Outerwear,,,,,,,,,,7410,8.9107,0,0,1,7,0,0,0,,,,,0.42,-1.6,1.35,0.42,,Outdoor,Jacket,,730,Ridge Puffer,Ahmedabad · SG Highway,3332,Tirupur Knits,0.94,0.0435627136059113,2.20197754111141,7,0,25,18,0,5810,11186.631
styleverse,styleverse,2026-08-10,2026,32,ST08,Value,SV1042,DEN,Denim,Denim,,,,,,,,,,4380,8.385,0,0,0,7,7,0,0,,,,,0.3,-1.9,1.05,0.3,,Trousers Denim,Trousers,,731,Halcyon Slim Jean,Ahmedabad · SG Highway,2131,Ludhiana Woollens,0.81,0.9887408026074843,2.043920635269024,0,0,30,26,0,3100,15081.678
styleverse,styleverse,2026-08-10,2026,32,ST08,Value,SV1043,KNT,Knitwear,Knitwear,,,,,,,,,,6960,8.8481,0,0,1,7,0,0,0,,,,,0.38,-1.7,1.28,0.38,,Knitwear,Sweater,,732,Marlow Roll Neck,Ahmedabad · SG Highway,2383,Noida Apparel Park,0.88,0.9085906236820459,2.192920150840655,8,10,36,28,0,7462,11410.411
styleverse,styleverse,2026-08-10,2026,32,ST08,Value,SV1044,DRS,Dresses,Dresses,,,,,,,,,,7890,8.9735,0,0,1,7,0,0,0,,,,,0.46,-2.4,0.88,0.46,,Dresses Ladies,Dress,,733,Vesper Slip Dress,Ahmedabad · SG Highway,3806,Bengaluru Cut & Sew,0.91,0.01245378846378043,2.393102823023219,15,0,19,4,0,13648,11257.66
styleverse,styleverse,2026-08-10,2026,32,ST08,Value,SV1045,FTW,Footwear,Footwear,,,,,,,,,,7790,8.9607,0,0,1,7,0,0,0,,,,,0.28,-1.5,1.02,0.28,,Shoes,Sneakers,,734,Cadence Chelsea Boot,Ahmedabad · SG Highway,3586,Surat Textile Mills,0.73,0.1529144424096149,0.5836417549522593,5,0,6,1,0,5336,15464.555
styleverse,styleverse,2026-08-10,2026,32,ST08,Value,SV1046,ACC,Accessories,Accessories,,,,,,,,,,1210,7.0992,0,0,1,7,0,0,0,,,,,0.5,-2.6,0.95,0.5,,Accessories,Socks,,735,Orbit Tote,Ahmedabad · SG Highway,569,Tirupur Knits,0.94,0.2170451900779814,0.7925029642879963,2,0,6,4,0,13284,12074.277
styleverse,styleverse,2026-08-10,2026,32,ST08,Value,SV1047,ACT,Activewear,Activewear,,,,,,,,,,6480,8.7766,0,0,1,7,0,0,0,,,,,0.35,-2.1,0.9,0.35,,Swimwear,Swimwear bottom,,736,Linden Track Pant,Ahmedabad · SG Highway,2316,Ludhiana Woollens,0.81,0.2482315711179312,1.79877608603565,13,0,17,4,0,6443,13265.386
styleverse,styleverse,2026-08-10,2026,32,ST08,Value,SV1048,BAS,Basics,Basics,,,,,,,,,,5000,8.5174,0,0,0,7,7,0,0,,,,,0.2,-1.2,0.82,0.2,,Jersey Fancy,Trousers,,737,Sable Chino,Ahmedabad · SG Highway,2269,Noida Apparel Park,0.88,0.1181166746469051,1.298419906955678,0,4,12,2,0,50459,14752.2
styleverse,styleverse,2026-08-10,2026,32,ST08,Value,SV1049,OUT,Outerwear,Outerwear,,,,,,,,,,1000,6.9088,0,0,1,7,0,0,0,,,,,0.42,-1.6,1.35,0.42,,Outdoor,Jacket,,738,Frost Parka,Ahmedabad · SG Highway,396,Bengaluru Cut & Sew,0.91,0.9174829560221631,0.6186554293031804,7,3,8,1,0,5810,11269.472
styleverse,styleverse,2026-08-10,2026,32,ST08,Value,SV1050,DEN,Denim,Denim,,,,,,,,,,1560,7.3531,0,0,1,7,0,0,0,,,,,0.3,-1.9,1.05,0.3,,Trousers Denim,Trousers,,739,Kite Straight Jean,Ahmedabad · SG Highway,742,Surat Textile Mills,0.73,0.000109195788150042,0.667293306812644,6,2,14,8,0,3100,15105.823
styleverse,styleverse,2026-08-10,2026,32,ST08,Value,SV1051,KNT,Knitwear,Knitwear,,,,,,,,,,1760,7.4736,0,0,1,7,0,0,0,,,,,0.38,-1.7,1.28,0.38,,Knitwear,Sweater,,740,Juniper Crew Sweater,Ahmedabad · SG Highway,663,Tirupur Knits,0.94,0.002342009633203911,1.302148446231149,14,0,21,7,0,7462,11464.69
styleverse,styleverse,2026-08-10,2026,32,ST08,Value,SV1052,DRS,Dresses,Dresses,,,,,,,,,,4870,8.4911,0,0,1,7,0,0,0,,,,,0.46,-2.4,0.88,0.46,,Dresses Ladies,Dress,,741,Atlas Midi Dress,Ahmedabad · SG Highway,2464,Ludhiana Woollens,0.81,0.8662274796403324,1.207550696178805,5,2,8,3,0,13648,11257.66
styleverse,styleverse,2026-08-10,2026,32,ST08,Value,SV1053,FTW,Footwear,Footwear,,,,,,,,,,6950,8.8466,0,0,1,7,0,0,0,,,,,0.28,-1.5,1.02,0.28,,Shoes,Sneakers,,742,Wren Sneaker,Ahmedabad · SG Highway,2668,Noida Apparel Park,0.88,0.3067643340138342,1.303361503547058,4,0,18,14,0,5336,15464.555
styleverse,styleverse,2026-08-10,2026,32,ST08,Value,SV1054,ACC,Accessories,Accessories,,,,,,,,,,2920,7.9797,0,0,1,7,0,0,0,,,,,0.5,-2.6,0.95,0.5,,Accessories,Socks,,743,Solstice Wool Scarf,Ahmedabad · SG Highway,1070,Bengaluru Cut & Sew,0.91,0.1289997908725003,1.210966180276591,4,0,11,7,0,13284,12043.621
styleverse,styleverse,2026-08-10,2026,32,ST08,Value,SV1055,ACT,Activewear,Activewear,,,,,,,,,,6980,8.8509,0,0,1,7,0,0,0,,,,,0.35,-2.1,0.9,0.35,,Swimwear,Swimwear bottom,,744,Ember Legging,Ahmedabad · SG Highway,2917,Surat Textile Mills,0.73,0.05456749443744185,2.364772333437577,7,0,19,12,0,6443,13265.386
styleverse,styleverse,2026-08-10,2026,32,ST08,Value,SV1056,BAS,Basics,Basics,,,,,,,,,,6240,8.7389,0,0,1,7,0,0,0,,,,,0.2,-1.2,0.82,0.2,,Jersey Fancy,Trousers,,745,Bramble Oxford Shirt,Ahmedabad · SG Highway,3137,Tirupur Knits,0.94,0.1103435317428238,1.5337444306002,3,0,13,10,0,50459,14752.2
styleverse,styleverse,2026-08-10,2026,32,ST08,Value,SV1057,OUT,Outerwear,Outerwear,,,,,,,,,,3010,8.01,0,0,1,7,0,0,0,,,,,0.42,-1.6,1.35,0.42,,Outdoor,Jacket,,746,Nomad Trench,Ahmedabad · SG Highway,1094,Ludhiana Woollens,0.81,0.6791874150681991,1.548779819358606,13,0,28,15,0,5810,11186.631
styleverse,styleverse,2026-08-10,2026,32,ST08,Value,SV1058,DEN,Denim,Denim,,,,,,,,,,890,6.7923,0,0,1,7,0,0,0,,,,,0.3,-1.9,1.05,0.3,,Trousers Denim,Trousers,,747,Quill Denim Jacket,Ahmedabad · SG Highway,396,Noida Apparel Park,0.88,0.0004442486086063171,2.191100384132005,9,2,20,11,0,3100,15158.13
styleverse,styleverse,2026-08-10,2026,32,ST08,Value,SV1059,KNT,Knitwear,Knitwear,,,,,,,,,,7730,8.953,0,0,1,7,0,0,0,,,,,0.38,-1.7,1.28,0.38,,Knitwear,Sweater,,748,Terra Cardigan,Ahmedabad · SG Highway,3994,Bengaluru Cut & Sew,0.91,0.258946915839418,1.879952940181829,4,0,20,16,0,7462,11410.411
styleverse,styleverse,2026-08-10,2026,32,ST08,Value,SV1060,DRS,Dresses,Dresses,,,,,,,,,,7740,8.9543,0,0,1,7,0,0,0,,,,,0.46,-2.4,0.88,0.46,,Dresses Ladies,Dress,,749,Vane Wrap Dress,Ahmedabad · SG Highway,2751,Surat Textile Mills,0.73,0.2466741816975533,2.255318588833325,12,6,15,3,0,13648,11257.66
styleverse,styleverse,2026-08-10,2026,32,ST08,Value,SV1061,FTW,Footwear,Footwear,,,,,,,,,,720,6.5806,0,0,1,7,0,0,0,,,,,0.28,-1.5,1.02,0.28,,Shoes,Sneakers,,750,Ridge Loafer,Ahmedabad · SG Highway,353,Tirupur Knits,0.94,0.0568518042423005,0.4814065671758726,5,0,7,2,0,5336,15555.793
styleverse,styleverse,2026-08-10,2026,32,ST08,Value,SV1062,ACC,Accessories,Accessories,,,,,,,,,,7580,8.9334,0,0,1,7,0,0,0,,,,,0.5,-2.6,0.95,0.5,,Accessories,Socks,,751,Halcyon Leather Belt,Ahmedabad · SG Highway,3157,Ludhiana Woollens,0.81,0.5674489934166798,0.6221197694190778,2,0,4,2,0,13284,12043.621
styleverse,styleverse,2026-08-10,2026,32,ST08,Value,SV1063,ACT,Activewear,Activewear,,,,,,,,,,7130,8.8722,0,0,1,7,0,0,0,,,,,0.35,-2.1,0.9,0.35,,Swimwear,Swimwear bottom,,752,Marlow Training Tee,Ahmedabad · SG Highway,3694,Noida Apparel Park,0.88,0.2998890134922212,0.8408930444507859,5,0,7,2,0,6443,13265.386
styleverse,styleverse,2026-08-10,2026,32,ST08,Value,SV1064,BAS,Basics,Basics,,,,,,,,,,6170,8.7276,0,0,1,7,0,0,0,,,,,0.2,-1.2,0.82,0.2,,Jersey Fancy,Trousers,,753,Vesper Pocket Tee,Ahmedabad · SG Highway,2913,Bengaluru Cut & Sew,0.91,0.3304141741215317,1.860736350610387,8,0,27,19,0,50459,14752.2
styleverse,styleverse,2026-08-10,2026,32,ST08,Value,SV1065,OUT,Outerwear,Outerwear,,,,,,,,,,4260,8.3573,0,0,1,7,0,0,0,,,,,0.42,-1.6,1.35,0.42,,Outdoor,Jacket,,754,Cadence Puffer,Ahmedabad · SG Highway,1913,Surat Textile Mills,0.73,0.3824288552200608,2.414744753472041,21,5,31,10,0,5810,11186.631
styleverse,styleverse,2026-08-10,2026,32,ST08,Value,SV1066,DEN,Denim,Denim,,,,,,,,,,3770,8.2351,0,0,1,7,0,0,0,,,,,0.3,-1.9,1.05,0.3,,Trousers Denim,Trousers,,755,Orbit Slim Jean,Ahmedabad · SG Highway,1664,Tirupur Knits,0.94,0.004983896916865459,0.4804003967088647,2,0,6,4,0,3100,15081.678
styleverse,styleverse,2026-08-10,2026,32,ST08,Value,SV1067,KNT,Knitwear,Knitwear,,,,,,,,,,1110,7.013,0,0,1,7,0,0,0,,,,,0.38,-1.7,1.28,0.38,,Knitwear,Sweater,,756,Linden Roll Neck,Ahmedabad · SG Highway,570,Ludhiana Woollens,0.81,0.01557002559334403,2.406669184239581,17,6,35,18,0,7462,11505.053
styleverse,styleverse,2026-08-10,2026,32,ST08,Value,SV1068,DRS,Dresses,Dresses,,,,,,,,,,7540,8.9281,0,0,1,7,0,0,0,,,,,0.46,-2.4,0.88,0.46,,Dresses Ladies,Dress,,757,Sable Slip Dress,Ahmedabad · SG Highway,3626,Noida Apparel Park,0.88,0.909407156974846,1.008846410980914,5,0,8,3,0,13648,11257.66
styleverse,styleverse,2026-08-10,2026,32,ST08,Value,SV1069,FTW,Footwear,Footwear,,,,,,,,,,4980,8.5134,0,0,1,7,0,0,0,,,,,0.28,-1.5,1.02,0.28,,Shoes,Sneakers,,758,Frost Chelsea Boot,Ahmedabad · SG Highway,1958,Bengaluru Cut & Sew,0.91,0.4408803308759775,0.8281039439258165,5,0,13,8,0,5336,15464.555
styleverse,styleverse,2026-08-10,2026,32,ST08,Value,SV1070,ACC,Accessories,Accessories,,,,,,,,,,6880,8.8365,0,0,1,7,0,0,0,,,,,0.5,-2.6,0.95,0.5,,Accessories,Socks,,759,Kite Tote,Ahmedabad · SG Highway,3510,Surat Textile Mills,0.73,0.136824620106726,2.520019435696304,17,8,21,4,0,13284,12043.621
styleverse,styleverse,2026-08-10,2026,32,ST08,Value,SV1071,ACT,Activewear,Activewear,,,,,,,,,,1270,7.1476,0,0,1,7,0,0,0,,,,,0.35,-2.1,0.9,0.35,,Swimwear,Swimwear bottom,,760,Juniper Track Pant,Ahmedabad · SG Highway,606,Tirupur Knits,0.94,0.01601753949250654,1.522598491131794,6,3,23,17,0,6443,13273.388
styleverse,styleverse,2026-08-10,2026,32,ST08,Value,SV1072,BAS,Basics,Basics,,,,,,,,,,4430,8.3964,0,0,1,7,0,0,0,,,,,0.2,-1.2,0.82,0.2,,Jersey Fancy,Trousers,,761,Atlas Chino,Ahmedabad · SG Highway,1943,Ludhiana Woollens,0.81,0.4360671361412766,1.231972052098718,3,0,7,4,0,50459,14752.2
styleverse,styleverse,2026-08-10,2026,32,ST08,Value,SV1073,OUT,Outerwear,Outerwear,,,,,,,,,,2080,7.6406,0,0,1,7,0,0,0,,,,,0.42,-1.6,1.35,0.42,,Outdoor,Jacket,,762,Wren Parka,Ahmedabad · SG Highway,747,Noida Apparel Park,0.88,0.2767021793360135,2.323728581215255,7,0,41,34,0,5810,11224.008
styleverse,styleverse,2026-08-10,2026,32,ST08,Value,SV1074,DEN,Denim,Denim,,,,,,,,,,7750,8.9556,0,0,1,7,0,0,0,,,,,0.3,-1.9,1.05,0.3,,Trousers Denim,Trousers,,763,Solstice Straight Jean,Ahmedabad · SG Highway,3393,Bengaluru Cut & Sew,0.91,0.08878007604754459,1.483006234129425,20,0,28,8,0,3100,15081.678
styleverse,styleverse,2026-08-10,2026,32,ST08,Value,SV1075,KNT,Knitwear,Knitwear,,,,,,,,,,3560,8.1778,0,0,1,7,0,0,0,,,,,0.38,-1.7,1.28,0.38,,Knitwear,Sweater,,764,Ember Crew Sweater,Ahmedabad · SG Highway,1718,Surat Textile Mills,0.73,0.1386092397122004,1.974883440788835,9,0,24,15,0,7462,11410.411
styleverse,styleverse,2026-08-10,2026,32,ST08,Value,SV1076,DRS,Dresses,Dresses,,,,,,,,,,3570,8.1806,0,0,1,7,0,0,0,,,,,0.46,-2.4,0.88,0.46,,Dresses Ladies,Dress,,765,Bramble Midi Dress,Ahmedabad · SG Highway,1457,Tirupur Knits,0.94,0.2422264629855932,0.7405152785591781,1,0,5,4,0,13648,11257.66
styleverse,styleverse,2026-08-10,2026,32,ST08,Value,SV1077,FTW,Footwear,Footwear,,,,,,,,,,5840,8.6727,0,0,1,7,0,0,0,,,,,0.28,-1.5,1.02,0.28,,Shoes,Sneakers,,766,Nomad Sneaker,Ahmedabad · SG Highway,2864,Ludhiana Woollens,0.81,0.10330061976831,2.416477797343396,8,0,13,5,0,5336,15464.555
styleverse,styleverse,2026-08-10,2026,32,ST08,Value,SV1078,ACC,Accessories,Accessories,,,,,,,,,,1190,7.0825,0,0,1,7,0,0,0,,,,,0.5,-2.6,0.95,0.5,,Accessories,Socks,,767,Quill Wool Scarf,Ahmedabad · SG Highway,443,Noida Apparel Park,0.88,0.373888154387841,1.693079524289351,6,0,12,6,0,13284,12074.277
styleverse,styleverse,2026-08-10,2026,32,ST08,Value,SV1079,ACT,Activewear,Activewear,,,,,,,,,,4570,8.4275,0,0,1,7,0,0,0,,,,,0.35,-2.1,0.9,0.35,,Swimwear,Swimwear bottom,,768,Terra Legging,Ahmedabad · SG Highway,1767,Bengaluru Cut & Sew,0.91,0.08671028666845525,2.156171307805926,13,0,20,7,0,6443,13265.386
styleverse,styleverse,2026-08-10,2026,32,ST08,Value,SV1080,BAS,Basics,Basics,,,,,,,,,,2950,7.9899,0,0,1,7,0,0,0,,,,,0.2,-1.2,0.82,0.2,,Jersey Fancy,Trousers,,769,Vane Oxford Shirt,Ahmedabad · SG Highway,1283,Surat Textile Mills,0.73,0.04884635464280715,0.64455648973817,5,0,6,1,0,50459,14752.2
styleverse,styleverse,2026-08-10,2026,32,ST08,Value,SV1081,OUT,Outerwear,Outerwear,,,,,,,,,,4990,8.5154,0,0,1,7,0,0,0,,,,,0.42,-1.6,1.35,0.42,,Outdoor,Jacket,,770,Ridge Trench,Ahmedabad · SG Highway,2311,Tirupur Knits,0.94,0.9287739378302152,0.5369263643748127,7,0,9,2,0,5810,11186.631
styleverse,styleverse,2026-08-10,2026,32,ST08,Value,SV1082,DEN,Denim,Denim,,,,,,,,,,730,6.5944,0,0,1,7,0,0,0,,,,,0.3,-1.9,1.05,0.3,,Trousers Denim,Trousers,,771,Halcyon Denim Jacket,Ahmedabad · SG Highway,292,Ludhiana Woollens,0.81,0.5100741527779509,1.192133984260727,9,3,11,2,0,3100,15167.76
styleverse,styleverse,2026-08-10,2026,32,ST08,Value,SV1083,KNT,Knitwear,Knitwear,,,,,,,,,,7550,8.9294,0,0,1,7,0,0,0,,,,,0.38,-1.7,1.28,0.38,,Knitwear,Sweater,,772,Marlow Cardigan,Ahmedabad · SG Highway,3052,Noida Apparel Park,0.88,0.0007357902348707216,1.946573286224157,11,0,29,18,0,7462,11410.411
styleverse,styleverse,2026-08-10,2026,32,ST08,Value,SV1084,DRS,Dresses,Dresses,,,,,,,,,,5790,8.6641,0,0,1,7,0,0,0,,,,,0.46,-2.4,0.88,0.46,,Dresses Ladies,Dress,,773,Vesper Wrap Dress,Ahmedabad · SG Highway,2773,Bengaluru Cut & Sew,0.91,0.0005611510406343915,2.297405374085065,16,0,36,20,0,13648,11257.66
styleverse,styleverse,2026-08-10,2026,32,ST08,Value,SV1085,FTW,Footwear,Footwear,,,,,,,,,,7480,8.9201,0,0,1,7,0,0,0,,,,,0.28,-1.5,1.02,0.28,,Shoes,Sneakers,,774,Cadence Loafer,Ahmedabad · SG Highway,3572,Surat Textile Mills,0.73,0.03855127980870929,1.759503437811509,11,0,23,12,0,5336,15464.555
styleverse,styleverse,2026-08-10,2026,32,ST08,Value,SV1086,ACC,Accessories,Accessories,,,,,,,,,,720,6.5806,0,0,1,7,0,0,0,,,,,0.5,-2.6,0.95,0.5,,Accessories,Socks,,775,Orbit Leather Belt,Ahmedabad · SG Highway,329,Tirupur Knits,0.94,0.2184562591442348,1.241997508180793,4,4,8,4,0,13284,12125.441
styleverse,styleverse,2026-08-10,2026,32,ST08,Value,SV1087,ACT,Activewear,Activewear,,,,,,,,,,6900,8.8394,0,0,1,7,0,0,0,,,,,0.35,-2.1,0.9,0.35,,Swimwear,Swimwear bottom,,776,Linden Training Tee,Ahmedabad · SG Highway,3442,Ludhiana Woollens,0.81,0.7639314784653447,1.379480650788173,3,0,12,9,0,6443,13265.386
styleverse,styleverse,2026-08-10,2026,32,ST08,Value,SV1088,BAS,Basics,Basics,,,,,,,,,,7050,8.8609,0,0,1,7,0,0,0,,,,,0.2,-1.2,0.82,0.2,,Jersey Fancy,Trousers,,777,Sable Pocket Tee,Ahmedabad · SG Highway,3201,Noida Apparel Park,0.88,0.01622694992155091,0.8353109819232486,1,0,6,5,0,50459,14752.2
styleverse,styleverse,2026-08-10,2026,32,ST08,Value,SV1089,OUT,Outerwear,Outerwear,,,,,,,,,,4010,8.2968,0,0,0,7,7,0,0,,,,,0.42,-1.6,1.35,0.42,,Outdoor,Jacket,,778,Frost Puffer,Ahmedabad · SG Highway,1601,Bengaluru Cut & Sew,0.91,0.002312112545000055,1.895861339778639,0,0,38,14,0,5810,11186.631
styleverse,styleverse,2026-08-10,2026,32,ST08,Value,SV1090,DEN,Denim,Denim,,,,,,,,,,4010,8.2968,0,0,1,7,0,0,0,,,,,0.3,-1.9,1.05,0.3,,Trousers Denim,Trousers,,779,Kite Slim Jean,Ahmedabad · SG Highway,1379,Surat Textile Mills,0.73,0.4502396242815292,1.537483650515787,5,0,14,9,0,3100,15081.678
styleverse,styleverse,2026-08-10,2026,32,ST08,Value,SV1091,KNT,Knitwear,Knitwear,,,,,,,,,,2590,7.8598,0,0,1,7,0,0,0,,,,,0.38,-1.7,1.28,0.38,,Knitwear,Sweater,,780,Juniper Roll Neck,Ahmedabad · SG Highway,957,Tirupur Knits,0.94,0.643793669042698,1.545455432927702,9,0,16,7,0,7462,11420.743
styleverse,styleverse,2026-08-10,2026,32,ST08,Value,SV1092,DRS,Dresses,Dresses,,,,,,,,,,2990,8.0034,0,0,1,7,0,0,0,,,,,0.46,-2.4,0.88,0.46,,Dresses Ladies,Dress,,781,Atlas Slip Dress,Ahmedabad · SG Highway,1538,Ludhiana Woollens,0.81,0.4671161643327494,1.063668687676545,4,0,7,3,0,13648,11257.66
styleverse,styleverse,2026-08-10,2026,32,ST08,Value,SV1093,FTW,Footwear,Footwear,,,,,,,,,,4960,8.5094,0,0,1,7,0,0,0,,,,,0.28,-1.5,1.02,0.28,,Shoes,Sneakers,,782,Wren Chelsea Boot,Ahmedabad · SG Highway,1707,Noida Apparel Park,0.88,0.06849265459445182,1.409061137784738,12,0,16,4,0,5336,15464.555
styleverse,styleverse,2026-08-10,2026,32,ST08,Value,SV1094,ACC,Accessories,Accessories,,,,,,,,,,2620,7.8713,0,0,1,7,0,0,0,,,,,0.5,-2.6,0.95,0.5,,Accessories,Socks,,783,Solstice Tote,Ahmedabad · SG Highway,1227,Bengaluru Cut & Sew,0.91,0.6166618806114095,2.034362682455685,9,0,19,10,0,13284,12053.953
styleverse,styleverse,2026-08-10,2026,32,ST08,Value,SV1095,ACT,Activewear,Activewear,,,,,,,,,,2350,7.7626,0,0,1,7,0,0,0,,,,,0.35,-2.1,0.9,0.35,,Swimwear,Swimwear bottom,,784,Ember Track Pant,Ahmedabad · SG Highway,923,Surat Textile Mills,0.73,0.04821345073186504,1.449043303634971,14,4,21,7,0,6443,13275.718
styleverse,styleverse,2026-08-10,2026,32,ST08,Value,SV1096,BAS,Basics,Basics,,,,,,,,,,860,6.7581,0,0,1,7,0,0,0,,,,,0.2,-1.2,0.82,0.2,,Jersey Fancy,Trousers,,785,Bramble Chino,Ahmedabad · SG Highway,330,Tirupur Knits,0.94,0.3597012292967132,2.482433456892613,10,0,23,13,0,50459,14855.627
styleverse,styleverse,2026-08-10,2026,32,ST08,Value,SV1097,OUT,Outerwear,Outerwear,,,,,,,,,,2430,7.7961,0,0,1,7,0,0,0,,,,,0.42,-1.6,1.35,0.42,,Outdoor,Jacket,,786,Nomad Parka,Ahmedabad · SG Highway,1249,Ludhiana Woollens,0.81,0.01760374891013752,1.246017925231718,12,0,24,12,0,5810,11196.963
styleverse,styleverse,2026-08-10,2026,32,ST08,Value,SV1098,DEN,Denim,Denim,,,,,,,,,,5260,8.5681,0,0,1,7,0,0,0,,,,,0.3,-1.9,1.05,0.3,,Trousers Denim,Trousers,,787,Quill Straight Jean,Ahmedabad · SG Highway,2325,Noida Apparel Park,0.88,0.03626853458267992,1.974982425302733,13,0,17,4,0,3100,15081.678
styleverse,styleverse,2026-08-10,2026,32,ST08,Value,SV1099,KNT,Knitwear,Knitwear,,,,,,,,,,1530,7.3337,0,0,1,7,0,0,0,,,,,0.38,-1.7,1.28,0.38,,Knitwear,Sweater,,788,Terra Crew Sweater,Ahmedabad · SG Highway,538,Bengaluru Cut & Sew,0.91,0.001294333175926447,0.6112819288042374,4,0,11,7,0,7462,11451.583
styleverse,styleverse,2026-08-10,2026,32,ST08,Value,SV1100,DRS,Dresses,Dresses,,,,,,,,,,5720,8.6519,0,0,1,7,0,0,0,,,,,0.46,-2.4,0.88,0.46,,Dresses Ladies,Dress,,789,Vane Midi Dress,Ahmedabad · SG Highway,2384,Surat Textile Mills,0.73,0.4859671978736997,1.306965873832814,8,0,18,10,0,13648,11257.66
styleverse,styleverse,2026-08-10,2026,32,ST09,Basics,SV1001,OUT,Outerwear,Outerwear,,,,,,,,,,2680,7.8939,0,0,1,7,0,0,0,,,,,0.42,-1.6,1.35,0.42,,Outdoor,Jacket,,790,Ridge Parka,Jaipur · MI Road,1173,Tirupur Knits,0.94,0.5843617511401088,1.378171070618555,4,0,19,15,0,5810,11196.963
styleverse,styleverse,2026-08-10,2026,32,ST09,Basics,SV1002,DEN,Denim,Denim,,,,,,,,,,4610,8.4362,0,0,1,7,0,0,0,,,,,0.3,-1.9,1.05,0.3,,Trousers Denim,Trousers,,791,Halcyon Straight Jean,Jaipur · MI Road,1972,Ludhiana Woollens,0.81,0.0831227490959891,1.841171421192121,11,8,28,17,0,3100,15081.678
styleverse,styleverse,2026-08-10,2026,32,ST09,Basics,SV1003,KNT,Knitwear,Knitwear,,,,,,,,,,4400,8.3896,0,0,1,7,0,0,0,,,,,0.38,-1.7,1.28,0.38,,Knitwear,Sweater,,792,Marlow Crew Sweater,Jaipur · MI Road,1564,Noida Apparel Park,0.88,0.1810419825517486,0.3812452738871798,1,0,3,2,0,7462,11410.411
styleverse,styleverse,2026-08-10,2026,32,ST09,Basics,SV1006,ACC,Accessories,Accessories,,,,,,,,,,2580,7.8559,0,0,1,7,0,0,0,,,,,0.5,-2.6,0.95,0.5,,Accessories,Socks,,793,Orbit Wool Scarf,Jaipur · MI Road,898,Tirupur Knits,0.94,0.0005917971634623065,0.8234393561375327,3,0,7,4,0,13284,12053.953
styleverse,styleverse,2026-08-10,2026,32,ST09,Basics,SV1009,OUT,Outerwear,Outerwear,,,,,,,,,,3880,8.2638,0,0,1,7,0,0,0,,,,,0.42,-1.6,1.35,0.42,,Outdoor,Jacket,,794,Frost Trench,Jaipur · MI Road,1398,Bengaluru Cut & Sew,0.91,0.3563938032865699,1.289053673413582,14,0,21,7,0,5810,11186.631
styleverse,styleverse,2026-08-10,2026,32,ST09,Basics,SV1010,DEN,Denim,Denim,,,,,,,,,,910,6.8145,0,0,1,7,0,0,0,,,,,0.3,-1.9,1.05,0.3,,Trousers Denim,Trousers,,795,Kite Denim Jacket,Jaipur · MI Road,467,Surat Textile Mills,0.73,0.5993439873992962,2.595437742676586,3,0,19,16,0,3100,15158.13
styleverse,styleverse,2026-08-10,2026,32,ST09,Basics,SV1011,KNT,Knitwear,Knitwear,,,,,,,,,,2590,7.8598,0,0,1,7,0,0,0,,,,,0.38,-1.7,1.28,0.38,,Knitwear,Sweater,,796,Juniper Cardigan,Jaipur · MI Road,1081,Tirupur Knits,0.94,0.911053318813002,1.221256928832736,8,0,18,10,0,7462,11420.743
styleverse,styleverse,2026-08-10,2026,32,ST09,Basics,SV1013,FTW,Footwear,Footwear,,,,,,,,,,3410,8.1348,0,0,1,7,0,0,0,,,,,0.28,-1.5,1.02,0.28,,Shoes,Sneakers,,797,Wren Loafer,Jaipur · MI Road,1396,Noida Apparel Park,0.88,0.0002117384920995118,2.506510979286395,9,0,25,16,0,5336,15464.555
styleverse,styleverse,2026-08-10,2026,32,ST09,Basics,SV1014,ACC,Accessories,Accessories,,,,,,,,,,1230,7.1156,0,0,1,7,0,0,0,,,,,0.5,-2.6,0.95,0.5,,Accessories,Socks,,798,Solstice Leather Belt,Jaipur · MI Road,545,Bengaluru Cut & Sew,0.91,0.6239036785591954,2.244067377375905,12,0,17,5,0,13284,12074.277
styleverse,styleverse,2026-08-10,2026,32,ST09,Basics,SV1015,ACT,Activewear,Activewear,,,,,,,,,,1280,7.1554,0,0,1,7,0,0,0,,,,,0.35,-2.1,0.9,0.35,,Swimwear,Swimwear bottom,,799,Ember Training Tee,Jaipur · MI Road,568,Surat Textile Mills,0.73,0.06491628351413166,2.102367372624576,7,0,15,8,0,6443,13273.388
styleverse,styleverse,2026-08-10,2026,32,ST09,Basics,SV1016,BAS,Basics,Basics,,,,,,,,,,4210,8.3455,0,0,1,7,0,0,0,,,,,0.2,-1.2,0.82,0.2,,Jersey Fancy,Trousers,,800,Bramble Pocket Tee,Jaipur · MI Road,1547,Tirupur Knits,0.94,0.0139571064731684,1.915859303984325,5,2,8,3,0,50459,14752.2
styleverse,styleverse,2026-08-10,2026,32,ST09,Basics,SV1017,OUT,Outerwear,Outerwear,,,,,,,,,,2220,7.7057,0,0,1,7,0,0,0,,,,,0.42,-1.6,1.35,0.42,,Outdoor,Jacket,,801,Nomad Puffer,Jaipur · MI Road,849,Ludhiana Woollens,0.81,0.6679093631096121,1.47514378526248,11,0,16,5,0,5810,11196.963
styleverse,styleverse,2026-08-10,2026,32,ST09,Basics,SV1018,DEN,Denim,Denim,,,,,,,,,,1450,7.28,0,0,1,7,0,0,0,,,,,0.3,-1.9,1.05,0.3,,Trousers Denim,Trousers,,802,Quill Slim Jean,Jaipur · MI Road,586,Noida Apparel Park,0.88,0.5075091499437202,0.5062996791326441,4,0,5,1,0,3100,15105.823
styleverse,styleverse,2026-08-10,2026,32,ST09,Basics,SV1020,DRS,Dresses,Dresses,,,,,,,,,,7230,8.8861,0,0,1,7,0,0,0,,,,,0.46,-2.4,0.88,0.46,,Dresses Ladies,Dress,,803,Vane Slip Dress,Jaipur · MI Road,2926,Surat Textile Mills,0.73,0.05661177127313656,1.094529892806895,6,0,10,4,0,13648,11257.66
styleverse,styleverse,2026-08-10,2026,32,ST09,Basics,SV1021,FTW,Footwear,Footwear,,,,,,,,,,5000,8.5174,0,0,1,7,0,0,0,,,,,0.28,-1.5,1.02,0.28,,Shoes,Sneakers,,804,Ridge Chelsea Boot,Jaipur · MI Road,1795,Tirupur Knits,0.94,0.4290058160073141,1.581815651641227,3,0,9,6,0,5336,15464.555
styleverse,styleverse,2026-08-10,2026,32,ST09,Basics,SV1022,ACC,Accessories,Accessories,,,,,,,,,,3380,8.1259,0,0,1,7,0,0,0,,,,,0.5,-2.6,0.95,0.5,,Accessories,Socks,,805,Halcyon Tote,Jaipur · MI Road,1740,Ludhiana Woollens,0.81,0.103096471620797,1.787876601761673,7,0,11,4,0,13284,12043.621
styleverse,styleverse,2026-08-10,2026,32,ST09,Basics,SV1023,ACT,Activewear,Activewear,,,,,,,,,,1960,7.5812,0,0,1,7,0,0,0,,,,,0.35,-2.1,0.9,0.35,,Swimwear,Swimwear bottom,,806,Marlow Track Pant,Jaipur · MI Road,940,Noida Apparel Park,0.88,0.8819855173897383,0.6473778456798754,3,0,5,2,0,6443,13302.761
styleverse,styleverse,2026-08-10,2026,32,ST09,Basics,SV1025,OUT,Outerwear,Outerwear,,,,,,,,,,7150,8.875,0,0,1,7,0,0,0,,,,,0.42,-1.6,1.35,0.42,,Outdoor,Jacket,,807,Cadence Parka,Jaipur · MI Road,3127,Surat Textile Mills,0.73,0.2574549159683532,0.9658180053462274,2,0,10,8,0,5810,11186.631
styleverse,styleverse,2026-08-10,2026,32,ST09,Basics,SV1026,DEN,Denim,Denim,,,,,,,,,,5640,8.6378,0,0,0,7,7,0,0,,,,,0.3,-1.9,1.05,0.3,,Trousers Denim,Trousers,,808,Orbit Straight Jean,Jaipur · MI Road,2601,Tirupur Knits,0.94,0.4172072544692536,0.3790792114683427,0,0,2,2,0,3100,15081.678
styleverse,styleverse,2026-08-10,2026,32,ST09,Basics,SV1027,KNT,Knitwear,Knitwear,,,,,,,,,,2790,7.9342,0,0,1,7,0,0,0,,,,,0.38,-1.7,1.28,0.38,,Knitwear,Sweater,,809,Linden Crew Sweater,Jaipur · MI Road,1201,Ludhiana Woollens,0.81,0.06038791488429402,1.232249751361087,6,0,15,9,0,7462,11420.743
styleverse,styleverse,2026-08-10,2026,32,ST09,Basics,SV1029,FTW,Footwear,Footwear,,,,,,,,,,5920,8.6863,0,0,1,7,0,0,0,,,,,0.28,-1.5,1.02,0.28,,Shoes,Sneakers,,810,Frost Sneaker,Jaipur · MI Road,2105,Bengaluru Cut & Sew,0.91,0.3808204898068962,1.196133396262303,6,0,13,7,0,5336,15464.555
styleverse,styleverse,2026-08-10,2026,32,ST09,Basics,SV1030,ACC,Accessories,Accessories,,,,,,,,,,3310,8.105,0,0,1,7,0,0,0,,,,,0.5,-2.6,0.95,0.5,,Accessories,Socks,,811,Kite Wool Scarf,Jaipur · MI Road,1550,Surat Textile Mills,0.73,0.4458575688084878,1.521477649419103,11,3,16,5,0,13284,12043.621
styleverse,styleverse,2026-08-10,2026,32,ST09,Basics,SV1032,BAS,Basics,Basics,,,,,,,,,,3390,8.1289,0,0,1,7,0,0,0,,,,,0.2,-1.2,0.82,0.2,,Jersey Fancy,Trousers,,812,Atlas Oxford Shirt,Jaipur · MI Road,1756,Ludhiana Woollens,0.81,0.03165193639782208,2.296161732252222,21,0,26,5,0,50459,14752.2
styleverse,styleverse,2026-08-10,2026,32,ST09,Basics,SV1034,DEN,Denim,Denim,,,,,,,,,,1510,7.3205,0,0,1,7,0,0,0,,,,,0.3,-1.9,1.05,0.3,,Trousers Denim,Trousers,,813,Solstice Denim Jacket,Jaipur · MI Road,567,Bengaluru Cut & Sew,0.91,0.1214740741986566,1.105977274850011,1,0,5,4,0,3100,15105.823
styleverse,styleverse,2026-08-10,2026,32,ST09,Basics,SV1035,KNT,Knitwear,Knitwear,,,,,,,,,,2380,7.7753,0,0,1,7,0,0,0,,,,,0.38,-1.7,1.28,0.38,,Knitwear,Sweater,,814,Ember Cardigan,Jaipur · MI Road,1068,Surat Textile Mills,0.73,0.2648020564726302,1.840806051413529,12,0,23,11,0,7462,11420.743
styleverse,styleverse,2026-08-10,2026,32,ST09,Basics,SV1036,DRS,Dresses,Dresses,,,,,,,,,,7260,8.8903,0,0,1,7,0,0,0,,,,,0.46,-2.4,0.88,0.46,,Dresses Ladies,Dress,,815,Bramble Wrap Dress,Jaipur · MI Road,2544,Tirupur Knits,0.94,0.1809163522028074,1.586408562108409,8,0,10,2,0,13648,11257.66
styleverse,styleverse,2026-08-10,2026,32,ST09,Basics,SV1037,FTW,Footwear,Footwear,,,,,,,,,,2830,7.9484,0,0,1,7,0,0,0,,,,,0.28,-1.5,1.02,0.28,,Shoes,Sneakers,,816,Nomad Loafer,Jaipur · MI Road,1262,Ludhiana Woollens,0.81,0.2090252379471189,1.250297783140559,3,5,17,14,0,5336,15474.887
styleverse,styleverse,2026-08-10,2026,32,ST09,Basics,SV1038,ACC,Accessories,Accessories,,,,,,,,,,3060,8.0265,0,0,1,7,0,0,0,,,,,0.5,-2.6,0.95,0.5,,Accessories,Socks,,817,Quill Leather Belt,Jaipur · MI Road,1445,Noida Apparel Park,0.88,0.007393202186208772,0.5876451939344406,3,0,4,1,0,13284,12043.621
styleverse,styleverse,2026-08-10,2026,32,ST09,Basics,SV1040,BAS,Basics,Basics,,,,,,,,,,7450,8.9161,0,0,1,7,0,0,0,,,,,0.2,-1.2,0.82,0.2,,Jersey Fancy,Trousers,,818,Vane Pocket Tee,Jaipur · MI Road,2940,Surat Textile Mills,0.73,0.002820393425783629,2.008765591215342,18,0,21,3,0,50459,14752.2
styleverse,styleverse,2026-08-10,2026,32,ST09,Basics,SV1042,DEN,Denim,Denim,,,,,,,,,,4380,8.385,0,0,1,7,0,0,0,,,,,0.3,-1.9,1.05,0.3,,Trousers Denim,Trousers,,819,Halcyon Slim Jean,Jaipur · MI Road,2131,Ludhiana Woollens,0.81,0.9887408026074843,2.043920635269024,17,0,38,21,0,3100,15081.678
styleverse,styleverse,2026-08-10,2026,32,ST09,Basics,SV1044,DRS,Dresses,Dresses,,,,,,,,,,7890,8.9735,0,0,1,7,0,0,0,,,,,0.46,-2.4,0.88,0.46,,Dresses Ladies,Dress,,820,Vesper Slip Dress,Jaipur · MI Road,3806,Bengaluru Cut & Sew,0.91,0.01245378846378043,2.393102823023219,23,0,31,8,0,13648,11257.66
styleverse,styleverse,2026-08-10,2026,32,ST09,Basics,SV1046,ACC,Accessories,Accessories,,,,,,,,,,1210,7.0992,0,0,1,7,0,0,0,,,,,0.5,-2.6,0.95,0.5,,Accessories,Socks,,821,Orbit Tote,Jaipur · MI Road,569,Tirupur Knits,0.94,0.2170451900779814,0.7925029642879963,3,0,13,10,0,13284,12074.277
styleverse,styleverse,2026-08-10,2026,32,ST09,Basics,SV1047,ACT,Activewear,Activewear,,,,,,,,,,6480,8.7766,0,0,1,7,0,0,0,,,,,0.35,-2.1,0.9,0.35,,Swimwear,Swimwear bottom,,822,Linden Track Pant,Jaipur · MI Road,2316,Ludhiana Woollens,0.81,0.2482315711179312,1.79877608603565,6,0,12,6,0,6443,13265.386
styleverse,styleverse,2026-08-10,2026,32,ST09,Basics,SV1048,BAS,Basics,Basics,,,,,,,,,,5000,8.5174,0,0,1,7,0,0,0,,,,,0.2,-1.2,0.82,0.2,,Jersey Fancy,Trousers,,823,Sable Chino,Jaipur · MI Road,2269,Noida Apparel Park,0.88,0.1181166746469051,1.298419906955678,3,0,6,3,0,50459,14752.2
styleverse,styleverse,2026-08-10,2026,32,ST09,Basics,SV1049,OUT,Outerwear,Outerwear,,,,,,,,,,1000,6.9088,0,0,1,7,0,0,0,,,,,0.42,-1.6,1.35,0.42,,Outdoor,Jacket,,824,Frost Parka,Jaipur · MI Road,396,Bengaluru Cut & Sew,0.91,0.9174829560221631,0.6186554293031804,1,1,7,6,0,5810,11269.472
styleverse,styleverse,2026-08-10,2026,32,ST09,Basics,SV1050,DEN,Denim,Denim,,,,,,,,,,1560,7.3531,0,0,1,7,0,0,0,,,,,0.3,-1.9,1.05,0.3,,Trousers Denim,Trousers,,825,Kite Straight Jean,Jaipur · MI Road,742,Surat Textile Mills,0.73,0.000109195788150042,0.667293306812644,1,0,6,5,0,3100,15105.823
styleverse,styleverse,2026-08-10,2026,32,ST09,Basics,SV1051,KNT,Knitwear,Knitwear,,,,,,,,,,1760,7.4736,0,0,1,7,0,0,0,,,,,0.38,-1.7,1.28,0.38,,Knitwear,Sweater,,826,Juniper Crew Sweater,Jaipur · MI Road,663,Tirupur Knits,0.94,0.002342009633203911,1.302148446231149,4,0,14,10,0,7462,11464.69
styleverse,styleverse,2026-08-10,2026,32,ST09,Basics,SV1052,DRS,Dresses,Dresses,,,,,,,,,,4870,8.4911,0,0,1,7,0,0,0,,,,,0.46,-2.4,0.88,0.46,,Dresses Ladies,Dress,,827,Atlas Midi Dress,Jaipur · MI Road,2464,Ludhiana Woollens,0.81,0.8662274796403324,1.207550696178805,7,3,10,3,0,13648,11257.66
styleverse,styleverse,2026-08-10,2026,32,ST09,Basics,SV1054,ACC,Accessories,Accessories,,,,,,,,,,2920,7.9797,0,0,1,7,0,0,0,,,,,0.5,-2.6,0.95,0.5,,Accessories,Socks,,828,Solstice Wool Scarf,Jaipur · MI Road,1070,Bengaluru Cut & Sew,0.91,0.1289997908725003,1.210966180276591,3,3,8,5,0,13284,12043.621
styleverse,styleverse,2026-08-10,2026,32,ST09,Basics,SV1057,OUT,Outerwear,Outerwear,,,,,,,,,,3010,8.01,0,0,1,7,0,0,0,,,,,0.42,-1.6,1.35,0.42,,Outdoor,Jacket,,829,Nomad Trench,Jaipur · MI Road,1094,Ludhiana Woollens,0.81,0.6791874150681991,1.548779819358606,14,0,17,3,0,5810,11186.631
styleverse,styleverse,2026-08-10,2026,32,ST09,Basics,SV1058,DEN,Denim,Denim,,,,,,,,,,890,6.7923,0,0,1,7,0,0,0,,,,,0.3,-1.9,1.05,0.3,,Trousers Denim,Trousers,,830,Quill Denim Jacket,Jaipur · MI Road,396,Noida Apparel Park,0.88,0.0004442486086063171,2.191100384132005,2,0,20,18,0,3100,15158.13
styleverse,styleverse,2026-08-10,2026,32,ST09,Basics,SV1061,FTW,Footwear,Footwear,,,,,,,,,,720,6.5806,0,0,1,7,0,0,0,,,,,0.28,-1.5,1.02,0.28,,Shoes,Sneakers,,831,Ridge Loafer,Jaipur · MI Road,353,Tirupur Knits,0.94,0.0568518042423005,0.4814065671758726,2,0,5,3,0,5336,15555.793
styleverse,styleverse,2026-08-10,2026,32,ST09,Basics,SV1063,ACT,Activewear,Activewear,,,,,,,,,,7130,8.8722,0,0,1,7,0,0,0,,,,,0.35,-2.1,0.9,0.35,,Swimwear,Swimwear bottom,,832,Marlow Training Tee,Jaipur · MI Road,3694,Noida Apparel Park,0.88,0.2998890134922212,0.8408930444507859,9,0,11,2,0,6443,13265.386
styleverse,styleverse,2026-08-10,2026,32,ST09,Basics,SV1064,BAS,Basics,Basics,,,,,,,,,,6170,8.7276,0,0,1,7,0,0,0,,,,,0.2,-1.2,0.82,0.2,,Jersey Fancy,Trousers,,833,Vesper Pocket Tee,Jaipur · MI Road,2913,Bengaluru Cut & Sew,0.91,0.3304141741215317,1.860736350610387,3,0,14,11,0,50459,14752.2
styleverse,styleverse,2026-08-10,2026,32,ST09,Basics,SV1065,OUT,Outerwear,Outerwear,,,,,,,,,,4260,8.3573,0,0,1,7,0,0,0,,,,,0.42,-1.6,1.35,0.42,,Outdoor,Jacket,,834,Cadence Puffer,Jaipur · MI Road,1913,Surat Textile Mills,0.73,0.3824288552200608,2.414744753472041,9,0,25,16,0,5810,11186.631
styleverse,styleverse,2026-08-10,2026,32,ST09,Basics,SV1066,DEN,Denim,Denim,,,,,,,,,,3770,8.2351,0,0,1,7,0,0,0,,,,,0.3,-1.9,1.05,0.3,,Trousers Denim,Trousers,,835,Orbit Slim Jean,Jaipur · MI Road,1664,Tirupur Knits,0.94,0.004983896916865459,0.4804003967088647,1,2,6,5,0,3100,15081.678
styleverse,styleverse,2026-08-10,2026,32,ST09,Basics,SV1067,KNT,Knitwear,Knitwear,,,,,,,,,,1110,7.013,0,0,1,7,0,0,0,,,,,0.38,-1.7,1.28,0.38,,Knitwear,Sweater,,836,Linden Roll Neck,Jaipur · MI Road,570,Ludhiana Woollens,0.81,0.01557002559334403,2.406669184239581,10,0,28,18,0,7462,11505.053
styleverse,styleverse,2026-08-10,2026,32,ST09,Basics,SV1069,FTW,Footwear,Footwear,,,,,,,,,,4980,8.5134,0,0,1,7,0,0,0,,,,,0.28,-1.5,1.02,0.28,,Shoes,Sneakers,,837,Frost Chelsea Boot,Jaipur · MI Road,1958,Bengaluru Cut & Sew,0.91,0.4408803308759775,0.8281039439258165,8,0,11,3,0,5336,15464.555
styleverse,styleverse,2026-08-10,2026,32,ST09,Basics,SV1071,ACT,Activewear,Activewear,,,,,,,,,,1270,7.1476,0,0,1,7,0,0,0,,,,,0.35,-2.1,0.9,0.35,,Swimwear,Swimwear bottom,,838,Juniper Track Pant,Jaipur · MI Road,606,Tirupur Knits,0.94,0.01601753949250654,1.522598491131794,5,6,14,9,0,6443,13273.388
styleverse,styleverse,2026-08-10,2026,32,ST09,Basics,SV1072,BAS,Basics,Basics,,,,,,,,,,4430,8.3964,0,0,1,7,0,0,0,,,,,0.2,-1.2,0.82,0.2,,Jersey Fancy,Trousers,,839,Atlas Chino,Jaipur · MI Road,1943,Ludhiana Woollens,0.81,0.4360671361412766,1.231972052098718,3,0,8,5,0,50459,14752.2
styleverse,styleverse,2026-08-10,2026,32,ST09,Basics,SV1073,OUT,Outerwear,Outerwear,,,,,,,,,,2080,7.6406,0,0,1,7,0,0,0,,,,,0.42,-1.6,1.35,0.42,,Outdoor,Jacket,,840,Wren Parka,Jaipur · MI Road,747,Noida Apparel Park,0.88,0.2767021793360135,2.323728581215255,6,0,45,39,0,5810,11224.008
styleverse,styleverse,2026-08-10,2026,32,ST09,Basics,SV1075,KNT,Knitwear,Knitwear,,,,,,,,,,3560,8.1778,0,0,1,7,0,0,0,,,,,0.38,-1.7,1.28,0.38,,Knitwear,Sweater,,841,Ember Crew Sweater,Jaipur · MI Road,1718,Surat Textile Mills,0.73,0.1386092397122004,1.974883440788835,11,6,20,9,0,7462,11410.411
styleverse,styleverse,2026-08-10,2026,32,ST09,Basics,SV1076,DRS,Dresses,Dresses,,,,,,,,,,3570,8.1806,0,0,1,7,0,0,0,,,,,0.46,-2.4,0.88,0.46,,Dresses Ladies,Dress,,842,Bramble Midi Dress,Jaipur · MI Road,1457,Tirupur Knits,0.94,0.2422264629855932,0.7405152785591781,2,1,4,2,0,13648,11257.66
styleverse,styleverse,2026-08-10,2026,32,ST09,Basics,SV1078,ACC,Accessories,Accessories,,,,,,,,,,1190,7.0825,0,0,1,7,0,0,0,,,,,0.5,-2.6,0.95,0.5,,Accessories,Socks,,843,Quill Wool Scarf,Jaipur · MI Road,443,Noida Apparel Park,0.88,0.373888154387841,1.693079524289351,3,3,11,8,0,13284,12074.277
styleverse,styleverse,2026-08-10,2026,32,ST09,Basics,SV1079,ACT,Activewear,Activewear,,,,,,,,,,4570,8.4275,0,0,1,7,0,0,0,,,,,0.35,-2.1,0.9,0.35,,Swimwear,Swimwear bottom,,844,Terra Legging,Jaipur · MI Road,1767,Bengaluru Cut & Sew,0.91,0.08671028666845525,2.156171307805926,16,0,28,12,0,6443,13265.386
styleverse,styleverse,2026-08-10,2026,32,ST09,Basics,SV1080,BAS,Basics,Basics,,,,,,,,,,2950,7.9899,0,0,1,7,0,0,0,,,,,0.2,-1.2,0.82,0.2,,Jersey Fancy,Trousers,,845,Vane Oxford Shirt,Jaipur · MI Road,1283,Surat Textile Mills,0.73,0.04884635464280715,0.64455648973817,1,0,4,3,0,50459,14752.2
styleverse,styleverse,2026-08-10,2026,32,ST09,Basics,SV1081,OUT,Outerwear,Outerwear,,,,,,,,,,4990,8.5154,0,0,1,7,0,0,0,,,,,0.42,-1.6,1.35,0.42,,Outdoor,Jacket,,846,Ridge Trench,Jaipur · MI Road,2311,Tirupur Knits,0.94,0.9287739378302152,0.5369263643748127,2,0,9,7,0,5810,11186.631
styleverse,styleverse,2026-08-10,2026,32,ST09,Basics,SV1082,DEN,Denim,Denim,,,,,,,,,,730,6.5944,0,0,1,7,0,0,0,,,,,0.3,-1.9,1.05,0.3,,Trousers Denim,Trousers,,847,Halcyon Denim Jacket,Jaipur · MI Road,292,Ludhiana Woollens,0.81,0.5100741527779509,1.192133984260727,2,0,10,8,0,3100,15167.76
styleverse,styleverse,2026-08-10,2026,32,ST09,Basics,SV1086,ACC,Accessories,Accessories,,,,,,,,,,720,6.5806,0,0,1,7,0,0,0,,,,,0.5,-2.6,0.95,0.5,,Accessories,Socks,,848,Orbit Leather Belt,Jaipur · MI Road,329,Tirupur Knits,0.94,0.2184562591442348,1.241997508180793,10,0,12,2,0,13284,12125.441
styleverse,styleverse,2026-08-10,2026,32,ST09,Basics,SV1088,BAS,Basics,Basics,,,,,,,,,,7050,8.8609,0,0,1,7,0,0,0,,,,,0.2,-1.2,0.82,0.2,,Jersey Fancy,Trousers,,849,Sable Pocket Tee,Jaipur · MI Road,3201,Noida Apparel Park,0.88,0.01622694992155091,0.8353109819232486,1,0,5,4,0,50459,14752.2
styleverse,styleverse,2026-08-10,2026,32,ST09,Basics,SV1089,OUT,Outerwear,Outerwear,,,,,,,,,,4010,8.2968,0,0,1,7,0,0,0,,,,,0.42,-1.6,1.35,0.42,,Outdoor,Jacket,,850,Frost Puffer,Jaipur · MI Road,1601,Bengaluru Cut & Sew,0.91,0.002312112545000055,1.895861339778639,11,5,28,17,0,5810,11186.631
styleverse,styleverse,2026-08-10,2026,32,ST09,Basics,SV1090,DEN,Denim,Denim,,,,,,,,,,4010,8.2968,0,0,1,7,0,0,0,,,,,0.3,-1.9,1.05,0.3,,Trousers Denim,Trousers,,851,Kite Slim Jean,Jaipur · MI Road,1379,Surat Textile Mills,0.73,0.4502396242815292,1.537483650515787,4,0,13,9,0,3100,15081.678
styleverse,styleverse,2026-08-10,2026,32,ST09,Basics,SV1091,KNT,Knitwear,Knitwear,,,,,,,,,,2590,7.8598,0,0,1,7,0,0,0,,,,,0.38,-1.7,1.28,0.38,,Knitwear,Sweater,,852,Juniper Roll Neck,Jaipur · MI Road,957,Tirupur Knits,0.94,0.643793669042698,1.545455432927702,12,0,17,5,0,7462,11420.743
styleverse,styleverse,2026-08-10,2026,32,ST09,Basics,SV1092,DRS,Dresses,Dresses,,,,,,,,,,2990,8.0034,0,0,1,7,0,0,0,,,,,0.46,-2.4,0.88,0.46,,Dresses Ladies,Dress,,853,Atlas Slip Dress,Jaipur · MI Road,1538,Ludhiana Woollens,0.81,0.4671161643327494,1.063668687676545,4,0,7,3,0,13648,11257.66
styleverse,styleverse,2026-08-10,2026,32,ST09,Basics,SV1093,FTW,Footwear,Footwear,,,,,,,,,,4960,8.5094,0,0,1,7,0,0,0,,,,,0.28,-1.5,1.02,0.28,,Shoes,Sneakers,,854,Wren Chelsea Boot,Jaipur · MI Road,1707,Noida Apparel Park,0.88,0.06849265459445182,1.409061137784738,8,0,11,3,0,5336,15464.555
styleverse,styleverse,2026-08-10,2026,32,ST09,Basics,SV1094,ACC,Accessories,Accessories,,,,,,,,,,2620,7.8713,0,0,1,7,0,0,0,,,,,0.5,-2.6,0.95,0.5,,Accessories,Socks,,855,Solstice Tote,Jaipur · MI Road,1227,Bengaluru Cut & Sew,0.91,0.6166618806114095,2.034362682455685,3,0,28,25,0,13284,12053.953
styleverse,styleverse,2026-08-10,2026,32,ST09,Basics,SV1095,ACT,Activewear,Activewear,,,,,,,,,,2350,7.7626,0,0,1,7,0,0,0,,,,,0.35,-2.1,0.9,0.35,,Swimwear,Swimwear bottom,,856,Ember Track Pant,Jaipur · MI Road,923,Surat Textile Mills,0.73,0.04821345073186504,1.449043303634971,2,0,7,5,0,6443,13275.718
styleverse,styleverse,2026-08-10,2026,32,ST09,Basics,SV1096,BAS,Basics,Basics,,,,,,,,,,860,6.7581,0,0,1,7,0,0,0,,,,,0.2,-1.2,0.82,0.2,,Jersey Fancy,Trousers,,857,Bramble Chino,Jaipur · MI Road,330,Tirupur Knits,0.94,0.3597012292967132,2.482433456892613,7,0,19,12,0,50459,14855.627
styleverse,styleverse,2026-08-10,2026,32,ST09,Basics,SV1097,OUT,Outerwear,Outerwear,,,,,,,,,,2430,7.7961,0,0,1,7,0,0,0,,,,,0.42,-1.6,1.35,0.42,,Outdoor,Jacket,,858,Nomad Parka,Jaipur · MI Road,1249,Ludhiana Woollens,0.81,0.01760374891013752,1.246017925231718,3,0,21,18,0,5810,11196.963
styleverse,styleverse,2026-08-10,2026,32,ST09,Basics,SV1099,KNT,Knitwear,Knitwear,,,,,,,,,,1530,7.3337,0,0,1,7,0,0,0,,,,,0.38,-1.7,1.28,0.38,,Knitwear,Sweater,,859,Terra Crew Sweater,Jaipur · MI Road,538,Bengaluru Cut & Sew,0.91,0.001294333175926447,0.6112819288042374,5,0,8,3,0,7462,11451.583
styleverse,styleverse,2026-08-10,2026,32,ST09,Basics,SV1100,DRS,Dresses,Dresses,,,,,,,,,,5720,8.6519,0,0,1,7,0,0,0,,,,,0.46,-2.4,0.88,0.46,,Dresses Ladies,Dress,,860,Vane Midi Dress,Jaipur · MI Road,2384,Surat Textile Mills,0.73,0.4859671978736997,1.306965873832814,2,0,6,4,0,13648,11257.66
styleverse,styleverse,2026-08-10,2026,32,ST10,Basics,SV1001,OUT,Outerwear,Outerwear,,,,,,,,,,2680,7.8939,0,0,1,7,0,0,0,,,,,0.42,-1.6,1.35,0.42,,Outdoor,Jacket,,861,Ridge Parka,Lucknow · Hazratganj,1173,Tirupur Knits,0.94,0.5843617511401088,1.378171070618555,5,0,14,9,0,5810,11196.963
styleverse,styleverse,2026-08-10,2026,32,ST10,Basics,SV1002,DEN,Denim,Denim,,,,,,,,,,4610,8.4362,0,0,1,7,0,0,0,,,,,0.3,-1.9,1.05,0.3,,Trousers Denim,Trousers,,862,Halcyon Straight Jean,Lucknow · Hazratganj,1972,Ludhiana Woollens,0.81,0.0831227490959891,1.841171421192121,4,0,10,6,0,3100,15081.678
styleverse,styleverse,2026-08-10,2026,32,ST10,Basics,SV1003,KNT,Knitwear,Knitwear,,,,,,,,,,4400,8.3896,0,0,1,7,0,0,0,,,,,0.38,-1.7,1.28,0.38,,Knitwear,Sweater,,863,Marlow Crew Sweater,Lucknow · Hazratganj,1564,Noida Apparel Park,0.88,0.1810419825517486,0.3812452738871798,3,0,6,3,0,7462,11410.411
styleverse,styleverse,2026-08-10,2026,32,ST10,Basics,SV1006,ACC,Accessories,Accessories,,,,,,,,,,2580,7.8559,0,0,1,7,0,0,0,,,,,0.5,-2.6,0.95,0.5,,Accessories,Socks,,864,Orbit Wool Scarf,Lucknow · Hazratganj,898,Tirupur Knits,0.94,0.0005917971634623065,0.8234393561375327,1,0,4,3,0,13284,12053.953
styleverse,styleverse,2026-08-10,2026,32,ST10,Basics,SV1008,BAS,Basics,Basics,,,,,,,,,,7640,8.9413,0,0,1,7,0,0,0,,,,,0.2,-1.2,0.82,0.2,,Jersey Fancy,Trousers,,865,Sable Oxford Shirt,Lucknow · Hazratganj,3332,Noida Apparel Park,0.88,0.7771817858091377,1.853309070249088,7,3,19,12,0,50459,14752.2
styleverse,styleverse,2026-08-10,2026,32,ST10,Basics,SV1009,OUT,Outerwear,Outerwear,,,,,,,,,,3880,8.2638,0,0,1,7,0,0,0,,,,,0.42,-1.6,1.35,0.42,,Outdoor,Jacket,,866,Frost Trench,Lucknow · Hazratganj,1398,Bengaluru Cut & Sew,0.91,0.3563938032865699,1.289053673413582,4,0,12,8,0,5810,11186.631
styleverse,styleverse,2026-08-10,2026,32,ST10,Basics,SV1010,DEN,Denim,Denim,,,,,,,,,,910,6.8145,0,0,1,7,0,0,0,,,,,0.3,-1.9,1.05,0.3,,Trousers Denim,Trousers,,867,Kite Denim Jacket,Lucknow · Hazratganj,467,Surat Textile Mills,0.73,0.5993439873992962,2.595437742676586,2,0,13,11,0,3100,15158.13
styleverse,styleverse,2026-08-10,2026,32,ST10,Basics,SV1011,KNT,Knitwear,Knitwear,,,,,,,,,,2590,7.8598,0,0,1,7,0,0,0,,,,,0.38,-1.7,1.28,0.38,,Knitwear,Sweater,,868,Juniper Cardigan,Lucknow · Hazratganj,1081,Tirupur Knits,0.94,0.911053318813002,1.221256928832736,12,0,16,4,0,7462,11420.743
styleverse,styleverse,2026-08-10,2026,32,ST10,Basics,SV1013,FTW,Footwear,Footwear,,,,,,,,,,3410,8.1348,0,0,1,7,0,0,0,,,,,0.28,-1.5,1.02,0.28,,Shoes,Sneakers,,869,Wren Loafer,Lucknow · Hazratganj,1396,Noida Apparel Park,0.88,0.0002117384920995118,2.506510979286395,10,0,26,16,0,5336,15464.555
styleverse,styleverse,2026-08-10,2026,32,ST10,Basics,SV1014,ACC,Accessories,Accessories,,,,,,,,,,1230,7.1156,0,0,1,7,0,0,0,,,,,0.5,-2.6,0.95,0.5,,Accessories,Socks,,870,Solstice Leather Belt,Lucknow · Hazratganj,545,Bengaluru Cut & Sew,0.91,0.6239036785591954,2.244067377375905,11,0,22,11,0,13284,12074.277
styleverse,styleverse,2026-08-10,2026,32,ST10,Basics,SV1015,ACT,Activewear,Activewear,,,,,,,,,,1280,7.1554,0,0,1,7,0,0,0,,,,,0.35,-2.1,0.9,0.35,,Swimwear,Swimwear bottom,,871,Ember Training Tee,Lucknow · Hazratganj,568,Surat Textile Mills,0.73,0.06491628351413166,2.102367372624576,7,0,15,8,0,6443,13273.388
styleverse,styleverse,2026-08-10,2026,32,ST10,Basics,SV1016,BAS,Basics,Basics,,,,,,,,,,4210,8.3455,0,0,1,7,0,0,0,,,,,0.2,-1.2,0.82,0.2,,Jersey Fancy,Trousers,,872,Bramble Pocket Tee,Lucknow · Hazratganj,1547,Tirupur Knits,0.94,0.0139571064731684,1.915859303984325,3,0,9,6,0,50459,14752.2
styleverse,styleverse,2026-08-10,2026,32,ST10,Basics,SV1017,OUT,Outerwear,Outerwear,,,,,,,,,,2220,7.7057,0,0,1,7,0,0,0,,,,,0.42,-1.6,1.35,0.42,,Outdoor,Jacket,,873,Nomad Puffer,Lucknow · Hazratganj,849,Ludhiana Woollens,0.81,0.6679093631096121,1.47514378526248,2,0,10,8,0,5810,11196.963
styleverse,styleverse,2026-08-10,2026,32,ST10,Basics,SV1018,DEN,Denim,Denim,,,,,,,,,,1450,7.28,0,0,1,7,0,0,0,,,,,0.3,-1.9,1.05,0.3,,Trousers Denim,Trousers,,874,Quill Slim Jean,Lucknow · Hazratganj,586,Noida Apparel Park,0.88,0.5075091499437202,0.5062996791326441,5,1,8,3,0,3100,15105.823
styleverse,styleverse,2026-08-10,2026,32,ST10,Basics,SV1021,FTW,Footwear,Footwear,,,,,,,,,,5000,8.5174,0,0,1,7,0,0,0,,,,,0.28,-1.5,1.02,0.28,,Shoes,Sneakers,,875,Ridge Chelsea Boot,Lucknow · Hazratganj,1795,Tirupur Knits,0.94,0.4290058160073141,1.581815651641227,9,0,19,10,0,5336,15464.555
styleverse,styleverse,2026-08-10,2026,32,ST10,Basics,SV1022,ACC,Accessories,Accessories,,,,,,,,,,3380,8.1259,0,0,1,7,0,0,0,,,,,0.5,-2.6,0.95,0.5,,Accessories,Socks,,876,Halcyon Tote,Lucknow · Hazratganj,1740,Ludhiana Woollens,0.81,0.103096471620797,1.787876601761673,11,0,14,3,0,13284,12043.621
styleverse,styleverse,2026-08-10,2026,32,ST10,Basics,SV1023,ACT,Activewear,Activewear,,,,,,,,,,1960,7.5812,0,0,1,7,0,0,0,,,,,0.35,-2.1,0.9,0.35,,Swimwear,Swimwear bottom,,877,Marlow Track Pant,Lucknow · Hazratganj,940,Noida Apparel Park,0.88,0.8819855173897383,0.6473778456798754,2,0,4,2,0,6443,13302.761
styleverse,styleverse,2026-08-10,2026,32,ST10,Basics,SV1024,BAS,Basics,Basics,,,,,,,,,,7820,8.9646,0,0,1,7,0,0,0,,,,,0.2,-1.2,0.82,0.2,,Jersey Fancy,Trousers,,878,Vesper Chino,Lucknow · Hazratganj,3954,Bengaluru Cut & Sew,0.91,0.1886594676608668,0.3750831758021377,2,0,2,0,0,50459,14752.2
styleverse,styleverse,2026-08-10,2026,32,ST10,Basics,SV1025,OUT,Outerwear,Outerwear,,,,,,,,,,7150,8.875,0,0,1,7,0,0,0,,,,,0.42,-1.6,1.35,0.42,,Outdoor,Jacket,,879,Cadence Parka,Lucknow · Hazratganj,3127,Surat Textile Mills,0.73,0.2574549159683532,0.9658180053462274,3,0,7,4,0,5810,11186.631
styleverse,styleverse,2026-08-10,2026,32,ST10,Basics,SV1027,KNT,Knitwear,Knitwear,,,,,,,,,,2790,7.9342,0,0,1,7,0,0,0,,,,,0.38,-1.7,1.28,0.38,,Knitwear,Sweater,,880,Linden Crew Sweater,Lucknow · Hazratganj,1201,Ludhiana Woollens,0.81,0.06038791488429402,1.232249751361087,6,0,13,7,0,7462,11420.743
styleverse,styleverse,2026-08-10,2026,32,ST10,Basics,SV1028,DRS,Dresses,Dresses,,,,,,,,,,5380,8.5906,0,0,1,7,0,0,0,,,,,0.46,-2.4,0.88,0.46,,Dresses Ladies,Dress,,881,Sable Midi Dress,Lucknow · Hazratganj,2211,Noida Apparel Park,0.88,0.03173810594638732,0.9808481386513449,4,0,6,2,0,13648,11257.66
styleverse,styleverse,2026-08-10,2026,32,ST10,Basics,SV1030,ACC,Accessories,Accessories,,,,,,,,,,3310,8.105,0,0,1,7,0,0,0,,,,,0.5,-2.6,0.95,0.5,,Accessories,Socks,,882,Kite Wool Scarf,Lucknow · Hazratganj,1550,Surat Textile Mills,0.73,0.4458575688084878,1.521477649419103,4,0,14,10,0,13284,12043.621
styleverse,styleverse,2026-08-10,2026,32,ST10,Basics,SV1032,BAS,Basics,Basics,,,,,,,,,,3390,8.1289,0,0,1,7,0,0,0,,,,,0.2,-1.2,0.82,0.2,,Jersey Fancy,Trousers,,883,Atlas Oxford Shirt,Lucknow · Hazratganj,1756,Ludhiana Woollens,0.81,0.03165193639782208,2.296161732252222,4,0,9,5,0,50459,14752.2
styleverse,styleverse,2026-08-10,2026,32,ST10,Basics,SV1034,DEN,Denim,Denim,,,,,,,,,,1510,7.3205,0,0,1,7,0,0,0,,,,,0.3,-1.9,1.05,0.3,,Trousers Denim,Trousers,,884,Solstice Denim Jacket,Lucknow · Hazratganj,567,Bengaluru Cut & Sew,0.91,0.1214740741986566,1.105977274850011,4,3,8,4,0,3100,15105.823
styleverse,styleverse,2026-08-10,2026,32,ST10,Basics,SV1035,KNT,Knitwear,Knitwear,,,,,,,,,,2380,7.7753,0,0,1,7,0,0,0,,,,,0.38,-1.7,1.28,0.38,,Knitwear,Sweater,,885,Ember Cardigan,Lucknow · Hazratganj,1068,Surat Textile Mills,0.73,0.2648020564726302,1.840806051413529,11,5,16,5,0,7462,11420.743
styleverse,styleverse,2026-08-10,2026,32,ST10,Basics,SV1037,FTW,Footwear,Footwear,,,,,,,,,,2830,7.9484,0,0,1,7,0,0,0,,,,,0.28,-1.5,1.02,0.28,,Shoes,Sneakers,,886,Nomad Loafer,Lucknow · Hazratganj,1262,Ludhiana Woollens,0.81,0.2090252379471189,1.250297783140559,6,0,14,8,0,5336,15474.887
styleverse,styleverse,2026-08-10,2026,32,ST10,Basics,SV1038,ACC,Accessories,Accessories,,,,,,,,,,3060,8.0265,0,0,1,7,0,0,0,,,,,0.5,-2.6,0.95,0.5,,Accessories,Socks,,887,Quill Leather Belt,Lucknow · Hazratganj,1445,Noida Apparel Park,0.88,0.007393202186208772,0.5876451939344406,1,0,4,3,0,13284,12043.621
styleverse,styleverse,2026-08-10,2026,32,ST10,Basics,SV1042,DEN,Denim,Denim,,,,,,,,,,4380,8.385,0,0,1,7,0,0,0,,,,,0.3,-1.9,1.05,0.3,,Trousers Denim,Trousers,,888,Halcyon Slim Jean,Lucknow · Hazratganj,2131,Ludhiana Woollens,0.81,0.9887408026074843,2.043920635269024,16,0,21,5,0,3100,15081.678
styleverse,styleverse,2026-08-10,2026,32,ST10,Basics,SV1044,DRS,Dresses,Dresses,,,,,,,,,,7890,8.9735,0,0,1,7,0,0,0,,,,,0.46,-2.4,0.88,0.46,,Dresses Ladies,Dress,,889,Vesper Slip Dress,Lucknow · Hazratganj,3806,Bengaluru Cut & Sew,0.91,0.01245378846378043,2.393102823023219,2,0,12,10,0,13648,11257.66
styleverse,styleverse,2026-08-10,2026,32,ST10,Basics,SV1045,FTW,Footwear,Footwear,,,,,,,,,,7790,8.9607,0,0,1,7,0,0,0,,,,,0.28,-1.5,1.02,0.28,,Shoes,Sneakers,,890,Cadence Chelsea Boot,Lucknow · Hazratganj,3586,Surat Textile Mills,0.73,0.1529144424096149,0.5836417549522593,3,0,8,5,0,5336,15464.555
styleverse,styleverse,2026-08-10,2026,32,ST10,Basics,SV1046,ACC,Accessories,Accessories,,,,,,,,,,1210,7.0992,0,0,1,7,0,0,0,,,,,0.5,-2.6,0.95,0.5,,Accessories,Socks,,891,Orbit Tote,Lucknow · Hazratganj,569,Tirupur Knits,0.94,0.2170451900779814,0.7925029642879963,1,0,3,2,0,13284,12074.277
styleverse,styleverse,2026-08-10,2026,32,ST10,Basics,SV1048,BAS,Basics,Basics,,,,,,,,,,5000,8.5174,0,0,1,7,0,0,0,,,,,0.2,-1.2,0.82,0.2,,Jersey Fancy,Trousers,,892,Sable Chino,Lucknow · Hazratganj,2269,Noida Apparel Park,0.88,0.1181166746469051,1.298419906955678,4,0,9,5,0,50459,14752.2
styleverse,styleverse,2026-08-10,2026,32,ST10,Basics,SV1049,OUT,Outerwear,Outerwear,,,,,,,,,,1000,6.9088,0,0,1,7,0,0,0,,,,,0.42,-1.6,1.35,0.42,,Outdoor,Jacket,,893,Frost Parka,Lucknow · Hazratganj,396,Bengaluru Cut & Sew,0.91,0.9174829560221631,0.6186554293031804,9,0,11,2,0,5810,11269.472
styleverse,styleverse,2026-08-10,2026,32,ST10,Basics,SV1050,DEN,Denim,Denim,,,,,,,,,,1560,7.3531,0,0,1,7,0,0,0,,,,,0.3,-1.9,1.05,0.3,,Trousers Denim,Trousers,,894,Kite Straight Jean,Lucknow · Hazratganj,742,Surat Textile Mills,0.73,0.000109195788150042,0.667293306812644,1,2,5,4,0,3100,15105.823
styleverse,styleverse,2026-08-10,2026,32,ST10,Basics,SV1051,KNT,Knitwear,Knitwear,,,,,,,,,,1760,7.4736,0,0,1,7,0,0,0,,,,,0.38,-1.7,1.28,0.38,,Knitwear,Sweater,,895,Juniper Crew Sweater,Lucknow · Hazratganj,663,Tirupur Knits,0.94,0.002342009633203911,1.302148446231149,11,0,15,4,0,7462,11464.69
styleverse,styleverse,2026-08-10,2026,32,ST10,Basics,SV1052,DRS,Dresses,Dresses,,,,,,,,,,4870,8.4911,0,0,1,7,0,0,0,,,,,0.46,-2.4,0.88,0.46,,Dresses Ladies,Dress,,896,Atlas Midi Dress,Lucknow · Hazratganj,2464,Ludhiana Woollens,0.81,0.8662274796403324,1.207550696178805,5,0,14,9,0,13648,11257.66
styleverse,styleverse,2026-08-10,2026,32,ST10,Basics,SV1053,FTW,Footwear,Footwear,,,,,,,,,,6950,8.8466,0,0,1,7,0,0,0,,,,,0.28,-1.5,1.02,0.28,,Shoes,Sneakers,,897,Wren Sneaker,Lucknow · Hazratganj,2668,Noida Apparel Park,0.88,0.3067643340138342,1.303361503547058,8,0,15,7,0,5336,15464.555
styleverse,styleverse,2026-08-10,2026,32,ST10,Basics,SV1054,ACC,Accessories,Accessories,,,,,,,,,,2920,7.9797,0,0,1,7,0,0,0,,,,,0.5,-2.6,0.95,0.5,,Accessories,Socks,,898,Solstice Wool Scarf,Lucknow · Hazratganj,1070,Bengaluru Cut & Sew,0.91,0.1289997908725003,1.210966180276591,5,0,7,2,0,13284,12043.621
styleverse,styleverse,2026-08-10,2026,32,ST10,Basics,SV1057,OUT,Outerwear,Outerwear,,,,,,,,,,3010,8.01,0,0,1,7,0,0,0,,,,,0.42,-1.6,1.35,0.42,,Outdoor,Jacket,,899,Nomad Trench,Lucknow · Hazratganj,1094,Ludhiana Woollens,0.81,0.6791874150681991,1.548779819358606,14,0,29,15,0,5810,11186.631
styleverse,styleverse,2026-08-10,2026,32,ST10,Basics,SV1058,DEN,Denim,Denim,,,,,,,,,,890,6.7923,0,0,1,7,0,0,0,,,,,0.3,-1.9,1.05,0.3,,Trousers Denim,Trousers,,900,Quill Denim Jacket,Lucknow · Hazratganj,396,Noida Apparel Park,0.88,0.0004442486086063171,2.191100384132005,24,0,31,7,0,3100,15158.13
styleverse,styleverse,2026-08-10,2026,32,ST10,Basics,SV1059,KNT,Knitwear,Knitwear,,,,,,,,,,7730,8.953,0,0,1,7,0,0,0,,,,,0.38,-1.7,1.28,0.38,,Knitwear,Sweater,,901,Terra Cardigan,Lucknow · Hazratganj,3994,Bengaluru Cut & Sew,0.91,0.258946915839418,1.879952940181829,13,0,19,6,0,7462,11410.411
styleverse,styleverse,2026-08-10,2026,32,ST10,Basics,SV1061,FTW,Footwear,Footwear,,,,,,,,,,720,6.5806,0,0,1,7,0,0,0,,,,,0.28,-1.5,1.02,0.28,,Shoes,Sneakers,,902,Ridge Loafer,Lucknow · Hazratganj,353,Tirupur Knits,0.94,0.0568518042423005,0.4814065671758726,4,0,5,1,0,5336,15555.793
styleverse,styleverse,2026-08-10,2026,32,ST10,Basics,SV1062,ACC,Accessories,Accessories,,,,,,,,,,7580,8.9334,0,0,1,7,0,0,0,,,,,0.5,-2.6,0.95,0.5,,Accessories,Socks,,903,Halcyon Leather Belt,Lucknow · Hazratganj,3157,Ludhiana Woollens,0.81,0.5674489934166798,0.6221197694190778,7,0,9,2,0,13284,12043.621
styleverse,styleverse,2026-08-10,2026,32,ST10,Basics,SV1063,ACT,Activewear,Activewear,,,,,,,,,,7130,8.8722,0,0,1,7,0,0,0,,,,,0.35,-2.1,0.9,0.35,,Swimwear,Swimwear bottom,,904,Marlow Training Tee,Lucknow · Hazratganj,3694,Noida Apparel Park,0.88,0.2998890134922212,0.8408930444507859,1,2,4,3,0,6443,13265.386
styleverse,styleverse,2026-08-10,2026,32,ST10,Basics,SV1064,BAS,Basics,Basics,,,,,,,,,,6170,8.7276,0,0,1,7,0,0,0,,,,,0.2,-1.2,0.82,0.2,,Jersey Fancy,Trousers,,905,Vesper Pocket Tee,Lucknow · Hazratganj,2913,Bengaluru Cut & Sew,0.91,0.3304141741215317,1.860736350610387,8,0,18,10,0,50459,14752.2
styleverse,styleverse,2026-08-10,2026,32,ST10,Basics,SV1065,OUT,Outerwear,Outerwear,,,,,,,,,,4260,8.3573,0,0,1,7,0,0,0,,,,,0.42,-1.6,1.35,0.42,,Outdoor,Jacket,,906,Cadence Puffer,Lucknow · Hazratganj,1913,Surat Textile Mills,0.73,0.3824288552200608,2.414744753472041,9,8,23,14,0,5810,11186.631
styleverse,styleverse,2026-08-10,2026,32,ST10,Basics,SV1066,DEN,Denim,Denim,,,,,,,,,,3770,8.2351,0,0,1,7,0,0,0,,,,,0.3,-1.9,1.05,0.3,,Trousers Denim,Trousers,,907,Orbit Slim Jean,Lucknow · Hazratganj,1664,Tirupur Knits,0.94,0.004983896916865459,0.4804003967088647,1,0,5,4,0,3100,15081.678
styleverse,styleverse,2026-08-10,2026,32,ST10,Basics,SV1067,KNT,Knitwear,Knitwear,,,,,,,,,,1110,7.013,0,0,0,7,7,0,0,,,,,0.38,-1.7,1.28,0.38,,Knitwear,Sweater,,908,Linden Roll Neck,Lucknow · Hazratganj,570,Ludhiana Woollens,0.81,0.01557002559334403,2.406669184239581,0,0,28,10,0,7462,11505.053
styleverse,styleverse,2026-08-10,2026,32,ST10,Basics,SV1069,FTW,Footwear,Footwear,,,,,,,,,,4980,8.5134,0,0,0,7,7,0,0,,,,,0.28,-1.5,1.02,0.28,,Shoes,Sneakers,,909,Frost Chelsea Boot,Lucknow · Hazratganj,1958,Bengaluru Cut & Sew,0.91,0.4408803308759775,0.8281039439258165,0,0,13,10,0,5336,15464.555
styleverse,styleverse,2026-08-10,2026,32,ST10,Basics,SV1071,ACT,Activewear,Activewear,,,,,,,,,,1270,7.1476,0,0,1,7,0,0,0,,,,,0.35,-2.1,0.9,0.35,,Swimwear,Swimwear bottom,,910,Juniper Track Pant,Lucknow · Hazratganj,606,Tirupur Knits,0.94,0.01601753949250654,1.522598491131794,1,0,10,9,0,6443,13273.388
styleverse,styleverse,2026-08-10,2026,32,ST10,Basics,SV1072,BAS,Basics,Basics,,,,,,,,,,4430,8.3964,0,0,1,7,0,0,0,,,,,0.2,-1.2,0.82,0.2,,Jersey Fancy,Trousers,,911,Atlas Chino,Lucknow · Hazratganj,1943,Ludhiana Woollens,0.81,0.4360671361412766,1.231972052098718,8,0,13,5,0,50459,14752.2
styleverse,styleverse,2026-08-10,2026,32,ST10,Basics,SV1073,OUT,Outerwear,Outerwear,,,,,,,,,,2080,7.6406,0,0,1,7,0,0,0,,,,,0.42,-1.6,1.35,0.42,,Outdoor,Jacket,,912,Wren Parka,Lucknow · Hazratganj,747,Noida Apparel Park,0.88,0.2767021793360135,2.323728581215255,12,0,17,5,0,5810,11224.008
styleverse,styleverse,2026-08-10,2026,32,ST10,Basics,SV1075,KNT,Knitwear,Knitwear,,,,,,,,,,3560,8.1778,0,0,1,7,0,0,0,,,,,0.38,-1.7,1.28,0.38,,Knitwear,Sweater,,913,Ember Crew Sweater,Lucknow · Hazratganj,1718,Surat Textile Mills,0.73,0.1386092397122004,1.974883440788835,24,0,28,4,0,7462,11410.411
styleverse,styleverse,2026-08-10,2026,32,ST10,Basics,SV1076,DRS,Dresses,Dresses,,,,,,,,,,3570,8.1806,0,0,1,7,0,0,0,,,,,0.46,-2.4,0.88,0.46,,Dresses Ladies,Dress,,914,Bramble Midi Dress,Lucknow · Hazratganj,1457,Tirupur Knits,0.94,0.2422264629855932,0.7405152785591781,2,2,5,3,0,13648,11257.66
styleverse,styleverse,2026-08-10,2026,32,ST10,Basics,SV1077,FTW,Footwear,Footwear,,,,,,,,,,5840,8.6727,0,0,1,7,0,0,0,,,,,0.28,-1.5,1.02,0.28,,Shoes,Sneakers,,915,Nomad Sneaker,Lucknow · Hazratganj,2864,Ludhiana Woollens,0.81,0.10330061976831,2.416477797343396,10,0,17,7,0,5336,15464.555
styleverse,styleverse,2026-08-10,2026,32,ST10,Basics,SV1078,ACC,Accessories,Accessories,,,,,,,,,,1190,7.0825,0,0,1,7,0,0,0,,,,,0.5,-2.6,0.95,0.5,,Accessories,Socks,,916,Quill Wool Scarf,Lucknow · Hazratganj,443,Noida Apparel Park,0.88,0.373888154387841,1.693079524289351,3,0,11,8,0,13284,12074.277
styleverse,styleverse,2026-08-10,2026,32,ST10,Basics,SV1079,ACT,Activewear,Activewear,,,,,,,,,,4570,8.4275,0,0,1,7,0,0,0,,,,,0.35,-2.1,0.9,0.35,,Swimwear,Swimwear bottom,,917,Terra Legging,Lucknow · Hazratganj,1767,Bengaluru Cut & Sew,0.91,0.08671028666845525,2.156171307805926,8,0,16,8,0,6443,13265.386
styleverse,styleverse,2026-08-10,2026,32,ST10,Basics,SV1080,BAS,Basics,Basics,,,,,,,,,,2950,7.9899,0,0,1,7,0,0,0,,,,,0.2,-1.2,0.82,0.2,,Jersey Fancy,Trousers,,918,Vane Oxford Shirt,Lucknow · Hazratganj,1283,Surat Textile Mills,0.73,0.04884635464280715,0.64455648973817,1,0,4,3,0,50459,14752.2
styleverse,styleverse,2026-08-10,2026,32,ST10,Basics,SV1081,OUT,Outerwear,Outerwear,,,,,,,,,,4990,8.5154,0,0,1,7,0,0,0,,,,,0.42,-1.6,1.35,0.42,,Outdoor,Jacket,,919,Ridge Trench,Lucknow · Hazratganj,2311,Tirupur Knits,0.94,0.9287739378302152,0.5369263643748127,2,0,7,5,0,5810,11186.631
styleverse,styleverse,2026-08-10,2026,32,ST10,Basics,SV1082,DEN,Denim,Denim,,,,,,,,,,730,6.5944,0,0,1,7,0,0,0,,,,,0.3,-1.9,1.05,0.3,,Trousers Denim,Trousers,,920,Halcyon Denim Jacket,Lucknow · Hazratganj,292,Ludhiana Woollens,0.81,0.5100741527779509,1.192133984260727,8,0,10,2,0,3100,15167.76
styleverse,styleverse,2026-08-10,2026,32,ST10,Basics,SV1086,ACC,Accessories,Accessories,,,,,,,,,,720,6.5806,0,0,1,7,0,0,0,,,,,0.5,-2.6,0.95,0.5,,Accessories,Socks,,921,Orbit Leather Belt,Lucknow · Hazratganj,329,Tirupur Knits,0.94,0.2184562591442348,1.241997508180793,1,0,10,9,0,13284,12125.441
styleverse,styleverse,2026-08-10,2026,32,ST10,Basics,SV1088,BAS,Basics,Basics,,,,,,,,,,7050,8.8609,0,0,1,7,0,0,0,,,,,0.2,-1.2,0.82,0.2,,Jersey Fancy,Trousers,,922,Sable Pocket Tee,Lucknow · Hazratganj,3201,Noida Apparel Park,0.88,0.01622694992155091,0.8353109819232486,1,0,4,3,0,50459,14752.2
styleverse,styleverse,2026-08-10,2026,32,ST10,Basics,SV1089,OUT,Outerwear,Outerwear,,,,,,,,,,4010,8.2968,0,0,1,7,0,0,0,,,,,0.42,-1.6,1.35,0.42,,Outdoor,Jacket,,923,Frost Puffer,Lucknow · Hazratganj,1601,Bengaluru Cut & Sew,0.91,0.002312112545000055,1.895861339778639,12,5,16,4,0,5810,11186.631
styleverse,styleverse,2026-08-10,2026,32,ST10,Basics,SV1090,DEN,Denim,Denim,,,,,,,,,,4010,8.2968,0,0,1,7,0,0,0,,,,,0.3,-1.9,1.05,0.3,,Trousers Denim,Trousers,,924,Kite Slim Jean,Lucknow · Hazratganj,1379,Surat Textile Mills,0.73,0.4502396242815292,1.537483650515787,4,2,10,6,0,3100,15081.678
styleverse,styleverse,2026-08-10,2026,32,ST10,Basics,SV1091,KNT,Knitwear,Knitwear,,,,,,,,,,2590,7.8598,0,0,1,7,0,0,0,,,,,0.38,-1.7,1.28,0.38,,Knitwear,Sweater,,925,Juniper Roll Neck,Lucknow · Hazratganj,957,Tirupur Knits,0.94,0.643793669042698,1.545455432927702,3,0,18,15,0,7462,11420.743
styleverse,styleverse,2026-08-10,2026,32,ST10,Basics,SV1092,DRS,Dresses,Dresses,,,,,,,,,,2990,8.0034,0,0,1,7,0,0,0,,,,,0.46,-2.4,0.88,0.46,,Dresses Ladies,Dress,,926,Atlas Slip Dress,Lucknow · Hazratganj,1538,Ludhiana Woollens,0.81,0.4671161643327494,1.063668687676545,9,0,14,5,0,13648,11257.66
styleverse,styleverse,2026-08-10,2026,32,ST10,Basics,SV1093,FTW,Footwear,Footwear,,,,,,,,,,4960,8.5094,0,0,1,7,0,0,0,,,,,0.28,-1.5,1.02,0.28,,Shoes,Sneakers,,927,Wren Chelsea Boot,Lucknow · Hazratganj,1707,Noida Apparel Park,0.88,0.06849265459445182,1.409061137784738,3,6,15,12,0,5336,15464.555
styleverse,styleverse,2026-08-10,2026,32,ST10,Basics,SV1094,ACC,Accessories,Accessories,,,,,,,,,,2620,7.8713,0,0,1,7,0,0,0,,,,,0.5,-2.6,0.95,0.5,,Accessories,Socks,,928,Solstice Tote,Lucknow · Hazratganj,1227,Bengaluru Cut & Sew,0.91,0.6166618806114095,2.034362682455685,5,0,18,13,0,13284,12053.953
styleverse,styleverse,2026-08-10,2026,32,ST10,Basics,SV1095,ACT,Activewear,Activewear,,,,,,,,,,2350,7.7626,0,0,1,7,0,0,0,,,,,0.35,-2.1,0.9,0.35,,Swimwear,Swimwear bottom,,929,Ember Track Pant,Lucknow · Hazratganj,923,Surat Textile Mills,0.73,0.04821345073186504,1.449043303634971,6,0,11,5,0,6443,13275.718
styleverse,styleverse,2026-08-10,2026,32,ST10,Basics,SV1096,BAS,Basics,Basics,,,,,,,,,,860,6.7581,0,0,1,7,0,0,0,,,,,0.2,-1.2,0.82,0.2,,Jersey Fancy,Trousers,,930,Bramble Chino,Lucknow · Hazratganj,330,Tirupur Knits,0.94,0.3597012292967132,2.482433456892613,10,2,13,3,0,50459,14855.627
styleverse,styleverse,2026-08-10,2026,32,ST10,Basics,SV1097,OUT,Outerwear,Outerwear,,,,,,,,,,2430,7.7961,0,0,1,7,0,0,0,,,,,0.42,-1.6,1.35,0.42,,Outdoor,Jacket,,931,Nomad Parka,Lucknow · Hazratganj,1249,Ludhiana Woollens,0.81,0.01760374891013752,1.246017925231718,6,0,10,4,0,5810,11196.963
styleverse,styleverse,2026-08-10,2026,32,ST10,Basics,SV1099,KNT,Knitwear,Knitwear,,,,,,,,,,1530,7.3337,0,0,1,7,0,0,0,,,,,0.38,-1.7,1.28,0.38,,Knitwear,Sweater,,932,Terra Crew Sweater,Lucknow · Hazratganj,538,Bengaluru Cut & Sew,0.91,0.001294333175926447,0.6112819288042374,1,0,4,3,0,7462,11451.583
